product_id,week_id,units_consumed,week_start,week_end,year,week_of_year,category,criticality
MAT001,1,12,2024-09-16,2024-09-22,2024,38,ABRASIVOS,HIGH
MAT001,2,7,2024-09-23,2024-09-29,2024,39,ABRASIVOS,HIGH
MAT001,3,16,2024-09-30,2024-10-06,2024,40,ABRASIVOS,HIGH
MAT001,4,0,2024-10-07,2024-10-13,2024,41,ABRASIVOS,HIGH
MAT001,5,0,2024-10-14,2024-10-20,2024,42,ABRASIVOS,HIGH
MAT001,6,0,2024-10-21,2024-10-27,2024,43,ABRASIVOS,HIGH
MAT001,7,0,2024-10-28,2024-11-03,2024,44,ABRASIVOS,HIGH
MAT001,8,0,2024-11-04,2024-11-10,2024,45,ABRASIVOS,HIGH
MAT001,9,0,2024-11-11,2024-11-17,2024,46,ABRASIVOS,HIGH
MAT001,10,12,2024-11-18,2024-11-24,2024,47,ABRASIVOS,HIGH
MAT001,11,20,2024-11-25,2024-12-01,2024,48,ABRASIVOS,HIGH
MAT001,12,6,2024-12-02,2024-12-08,2024,49,ABRASIVOS,HIGH
MAT001,13,20,2024-12-09,2024-12-15,2024,50,ABRASIVOS,HIGH
MAT001,14,0,2024-12-16,2024-12-22,2024,51,ABRASIVOS,HIGH
MAT001,15,12,2024-12-23,2024-12-29,2024,52,ABRASIVOS,HIGH
MAT001,16,0,2024-12-30,2025-01-05,2025,1,ABRASIVOS,HIGH
MAT001,17,0,2025-01-06,2025-01-12,2025,2,ABRASIVOS,HIGH
MAT001,18,0,2025-01-13,2025-01-19,2025,3,ABRASIVOS,HIGH
MAT001,19,0,2025-01-20,2025-01-26,2025,4,ABRASIVOS,HIGH
MAT001,20,0,2025-01-27,2025-02-02,2025,5,ABRASIVOS,HIGH
MAT001,21,0,2025-02-03,2025-02-09,2025,6,ABRASIVOS,HIGH
MAT001,22,0,2025-02-10,2025-02-16,2025,7,ABRASIVOS,HIGH
MAT001,23,6,2025-02-17,2025-02-23,2025,8,ABRASIVOS,HIGH
MAT001,24,0,2025-02-24,2025-03-02,2025,9,ABRASIVOS,HIGH
MAT001,25,0,2025-03-03,2025-03-09,2025,10,ABRASIVOS,HIGH
MAT001,26,0,2025-03-10,2025-03-16,2025,11,ABRASIVOS,HIGH
MAT001,27,0,2025-03-17,2025-03-23,2025,12,ABRASIVOS,HIGH
MAT001,28,9,2025-03-24,2025-03-30,2025,13,ABRASIVOS,HIGH
MAT001,29,0,2025-03-31,2025-04-06,2025,14,ABRASIVOS,HIGH
MAT001,30,0,2025-04-07,2025-04-13,2025,15,ABRASIVOS,HIGH
MAT001,31,17,2025-04-14,2025-04-20,2025,16,ABRASIVOS,HIGH
MAT001,32,11,2025-04-21,2025-04-27,2025,17,ABRASIVOS,HIGH
MAT001,33,6,2025-04-28,2025-05-04,2025,18,ABRASIVOS,HIGH
MAT001,34,0,2025-05-05,2025-05-11,2025,19,ABRASIVOS,HIGH
MAT001,35,17,2025-05-12,2025-05-18,2025,20,ABRASIVOS,HIGH
MAT001,36,17,2025-05-19,2025-05-25,2025,21,ABRASIVOS,HIGH
MAT001,37,0,2025-05-26,2025-06-01,2025,22,ABRASIVOS,HIGH
MAT001,38,10,2025-06-02,2025-06-08,2025,23,ABRASIVOS,HIGH
MAT001,39,0,2025-06-09,2025-06-15,2025,24,ABRASIVOS,HIGH
MAT001,40,8,2025-06-16,2025-06-22,2025,25,ABRASIVOS,HIGH
MAT001,41,0,2025-06-23,2025-06-29,2025,26,ABRASIVOS,HIGH
MAT001,42,0,2025-06-30,2025-07-06,2025,27,ABRASIVOS,HIGH
MAT001,43,0,2025-07-07,2025-07-13,2025,28,ABRASIVOS,HIGH
MAT001,44,0,2025-07-14,2025-07-20,2025,29,ABRASIVOS,HIGH
MAT001,45,0,2025-07-21,2025-07-27,2025,30,ABRASIVOS,HIGH
MAT001,46,16,2025-07-28,2025-08-03,2025,31,ABRASIVOS,HIGH
MAT001,47,14,2025-08-04,2025-08-10,2025,32,ABRASIVOS,HIGH
MAT001,48,12,2025-08-11,2025-08-17,2025,33,ABRASIVOS,HIGH
MAT001,49,5,2025-08-18,2025-08-24,2025,34,ABRASIVOS,HIGH
MAT001,50,0,2025-08-25,2025-08-31,2025,35,ABRASIVOS,HIGH
MAT001,51,0,2025-09-01,2025-09-07,2025,36,ABRASIVOS,HIGH
MAT001,52,21,2025-09-08,2025-09-14,2025,37,ABRASIVOS,HIGH
MAT001,53,0,2025-09-15,2025-09-21,2025,38,ABRASIVOS,HIGH
MAT001,54,8,2025-09-22,2025-09-28,2025,39,ABRASIVOS,HIGH
MAT001,55,0,2025-09-29,2025-10-05,2025,40,ABRASIVOS,HIGH
MAT001,56,0,2025-10-06,2025-10-12,2025,41,ABRASIVOS,HIGH
MAT001,57,0,2025-10-13,2025-10-19,2025,42,ABRASIVOS,HIGH
MAT001,58,2,2025-10-20,2025-10-26,2025,43,ABRASIVOS,HIGH
MAT001,59,0,2025-10-27,2025-11-02,2025,44,ABRASIVOS,HIGH
MAT001,60,0,2025-11-03,2025-11-09,2025,45,ABRASIVOS,HIGH
MAT001,61,0,2025-11-10,2025-11-16,2025,46,ABRASIVOS,HIGH
MAT001,62,0,2025-11-17,2025-11-23,2025,47,ABRASIVOS,HIGH
MAT001,63,0,2025-11-24,2025-11-30,2025,48,ABRASIVOS,HIGH
MAT001,64,0,2025-12-01,2025-12-07,2025,49,ABRASIVOS,HIGH
MAT001,65,21,2025-12-08,2025-12-14,2025,50,ABRASIVOS,HIGH
MAT001,66,0,2025-12-15,2025-12-21,2025,51,ABRASIVOS,HIGH
MAT001,67,27,2025-12-22,2025-12-28,2025,52,ABRASIVOS,HIGH
MAT001,68,14,2025-12-29,2026-01-04,2026,1,ABRASIVOS,HIGH
MAT001,69,1,2026-01-05,2026-01-11,2026,2,ABRASIVOS,HIGH
MAT001,70,0,2026-01-12,2026-01-18,2026,3,ABRASIVOS,HIGH
MAT001,71,0,2026-01-19,2026-01-25,2026,4,ABRASIVOS,HIGH
MAT001,72,0,2026-01-26,2026-02-01,2026,5,ABRASIVOS,HIGH
MAT001,73,0,2026-02-02,2026-02-08,2026,6,ABRASIVOS,HIGH
MAT001,74,0,2026-02-09,2026-02-15,2026,7,ABRASIVOS,HIGH
MAT001,75,22,2026-02-16,2026-02-22,2026,8,ABRASIVOS,HIGH
MAT001,76,0,2026-02-23,2026-03-01,2026,9,ABRASIVOS,HIGH
MAT001,77,0,2026-03-02,2026-03-08,2026,10,ABRASIVOS,HIGH
MAT001,78,0,2026-03-09,2026-03-15,2026,11,ABRASIVOS,HIGH
MAT001,79,0,2026-03-16,2026-03-22,2026,12,ABRASIVOS,HIGH
MAT001,80,0,2026-03-23,2026-03-29,2026,13,ABRASIVOS,HIGH
MAT001,81,17,2026-03-30,2026-04-05,2026,14,ABRASIVOS,HIGH
MAT001,82,0,2026-04-06,2026-04-12,2026,15,ABRASIVOS,HIGH
MAT001,83,0,2026-04-13,2026-04-19,2026,16,ABRASIVOS,HIGH
MAT001,84,5,2026-04-20,2026-04-26,2026,17,ABRASIVOS,HIGH
MAT001,85,0,2026-04-27,2026-05-03,2026,18,ABRASIVOS,HIGH
MAT001,86,18,2026-05-04,2026-05-10,2026,19,ABRASIVOS,HIGH
MAT001,87,0,2026-05-11,2026-05-17,2026,20,ABRASIVOS,HIGH
MAT001,88,15,2026-05-18,2026-05-24,2026,21,ABRASIVOS,HIGH
MAT001,89,0,2026-05-25,2026-05-31,2026,22,ABRASIVOS,HIGH
MAT001,90,0,2026-06-01,2026-06-07,2026,23,ABRASIVOS,HIGH
MAT001,91,0,2026-06-08,2026-06-14,2026,24,ABRASIVOS,HIGH
MAT001,92,12,2026-06-15,2026-06-21,2026,25,ABRASIVOS,HIGH
MAT001,93,13,2026-06-22,2026-06-28,2026,26,ABRASIVOS,HIGH
MAT001,94,5,2026-06-29,2026-07-05,2026,27,ABRASIVOS,HIGH
MAT001,95,0,2026-07-06,2026-07-12,2026,28,ABRASIVOS,HIGH
MAT001,96,10,2026-07-13,2026-07-19,2026,29,ABRASIVOS,HIGH
MAT001,97,15,2026-07-20,2026-07-26,2026,30,ABRASIVOS,HIGH
MAT001,98,0,2026-07-27,2026-08-02,2026,31,ABRASIVOS,HIGH
MAT001,99,0,2026-08-03,2026-08-09,2026,32,ABRASIVOS,HIGH
MAT001,100,0,2026-08-10,2026-08-16,2026,33,ABRASIVOS,HIGH
MAT001,101,0,2026-08-17,2026-08-23,2026,34,ABRASIVOS,HIGH
MAT001,102,0,2026-08-24,2026-08-30,2026,35,ABRASIVOS,HIGH
MAT001,103,12,2026-08-31,2026-09-06,2026,36,ABRASIVOS,HIGH
MAT001,104,17,2026-09-07,2026-09-13,2026,37,ABRASIVOS,HIGH
MAT002,1,10,2024-09-16,2024-09-22,2024,38,ABRASIVOS,HIGH
MAT002,2,13,2024-09-23,2024-09-29,2024,39,ABRASIVOS,HIGH
MAT002,3,13,2024-09-30,2024-10-06,2024,40,ABRASIVOS,HIGH
MAT002,4,14,2024-10-07,2024-10-13,2024,41,ABRASIVOS,HIGH
MAT002,5,9,2024-10-14,2024-10-20,2024,42,ABRASIVOS,HIGH
MAT002,6,9,2024-10-21,2024-10-27,2024,43,ABRASIVOS,HIGH
MAT002,7,9,2024-10-28,2024-11-03,2024,44,ABRASIVOS,HIGH
MAT002,8,7,2024-11-04,2024-11-10,2024,45,ABRASIVOS,HIGH
MAT002,9,15,2024-11-11,2024-11-17,2024,46,ABRASIVOS,HIGH
MAT002,10,16,2024-11-18,2024-11-24,2024,47,ABRASIVOS,HIGH
MAT002,11,15,2024-11-25,2024-12-01,2024,48,ABRASIVOS,HIGH
MAT002,12,14,2024-12-02,2024-12-08,2024,49,ABRASIVOS,HIGH
MAT002,13,8,2024-12-09,2024-12-15,2024,50,ABRASIVOS,HIGH
MAT002,14,15,2024-12-16,2024-12-22,2024,51,ABRASIVOS,HIGH
MAT002,15,11,2024-12-23,2024-12-29,2024,52,ABRASIVOS,HIGH
MAT002,16,14,2024-12-30,2025-01-05,2025,1,ABRASIVOS,HIGH
MAT002,17,9,2025-01-06,2025-01-12,2025,2,ABRASIVOS,HIGH
MAT002,18,11,2025-01-13,2025-01-19,2025,3,ABRASIVOS,HIGH
MAT002,19,12,2025-01-20,2025-01-26,2025,4,ABRASIVOS,HIGH
MAT002,20,15,2025-01-27,2025-02-02,2025,5,ABRASIVOS,HIGH
MAT002,21,12,2025-02-03,2025-02-09,2025,6,ABRASIVOS,HIGH
MAT002,22,8,2025-02-10,2025-02-16,2025,7,ABRASIVOS,HIGH
MAT002,23,18,2025-02-17,2025-02-23,2025,8,ABRASIVOS,HIGH
MAT002,24,14,2025-02-24,2025-03-02,2025,9,ABRASIVOS,HIGH
MAT002,25,10,2025-03-03,2025-03-09,2025,10,ABRASIVOS,HIGH
MAT002,26,12,2025-03-10,2025-03-16,2025,11,ABRASIVOS,HIGH
MAT002,27,7,2025-03-17,2025-03-23,2025,12,ABRASIVOS,HIGH
MAT002,28,4,2025-03-24,2025-03-30,2025,13,ABRASIVOS,HIGH
MAT002,29,10,2025-03-31,2025-04-06,2025,14,ABRASIVOS,HIGH
MAT002,30,14,2025-04-07,2025-04-13,2025,15,ABRASIVOS,HIGH
MAT002,31,15,2025-04-14,2025-04-20,2025,16,ABRASIVOS,HIGH
MAT002,32,11,2025-04-21,2025-04-27,2025,17,ABRASIVOS,HIGH
MAT002,33,17,2025-04-28,2025-05-04,2025,18,ABRASIVOS,HIGH
MAT002,34,12,2025-05-05,2025-05-11,2025,19,ABRASIVOS,HIGH
MAT002,35,10,2025-05-12,2025-05-18,2025,20,ABRASIVOS,HIGH
MAT002,36,9,2025-05-19,2025-05-25,2025,21,ABRASIVOS,HIGH
MAT002,37,12,2025-05-26,2025-06-01,2025,22,ABRASIVOS,HIGH
MAT002,38,16,2025-06-02,2025-06-08,2025,23,ABRASIVOS,HIGH
MAT002,39,14,2025-06-09,2025-06-15,2025,24,ABRASIVOS,HIGH
MAT002,40,15,2025-06-16,2025-06-22,2025,25,ABRASIVOS,HIGH
MAT002,41,12,2025-06-23,2025-06-29,2025,26,ABRASIVOS,HIGH
MAT002,42,8,2025-06-30,2025-07-06,2025,27,ABRASIVOS,HIGH
MAT002,43,9,2025-07-07,2025-07-13,2025,28,ABRASIVOS,HIGH
MAT002,44,8,2025-07-14,2025-07-20,2025,29,ABRASIVOS,HIGH
MAT002,45,17,2025-07-21,2025-07-27,2025,30,ABRASIVOS,HIGH
MAT002,46,14,2025-07-28,2025-08-03,2025,31,ABRASIVOS,HIGH
MAT002,47,12,2025-08-04,2025-08-10,2025,32,ABRASIVOS,HIGH
MAT002,48,15,2025-08-11,2025-08-17,2025,33,ABRASIVOS,HIGH
MAT002,49,7,2025-08-18,2025-08-24,2025,34,ABRASIVOS,HIGH
MAT002,50,7,2025-08-25,2025-08-31,2025,35,ABRASIVOS,HIGH
MAT002,51,18,2025-09-01,2025-09-07,2025,36,ABRASIVOS,HIGH
MAT002,52,12,2025-09-08,2025-09-14,2025,37,ABRASIVOS,HIGH
MAT002,53,18,2025-09-15,2025-09-21,2025,38,ABRASIVOS,HIGH
MAT002,54,15,2025-09-22,2025-09-28,2025,39,ABRASIVOS,HIGH
MAT002,55,14,2025-09-29,2025-10-05,2025,40,ABRASIVOS,HIGH
MAT002,56,7,2025-10-06,2025-10-12,2025,41,ABRASIVOS,HIGH
MAT002,57,11,2025-10-13,2025-10-19,2025,42,ABRASIVOS,HIGH
MAT002,58,17,2025-10-20,2025-10-26,2025,43,ABRASIVOS,HIGH
MAT002,59,13,2025-10-27,2025-11-02,2025,44,ABRASIVOS,HIGH
MAT002,60,12,2025-11-03,2025-11-09,2025,45,ABRASIVOS,HIGH
MAT002,61,12,2025-11-10,2025-11-16,2025,46,ABRASIVOS,HIGH
MAT002,62,9,2025-11-17,2025-11-23,2025,47,ABRASIVOS,HIGH
MAT002,63,9,2025-11-24,2025-11-30,2025,48,ABRASIVOS,HIGH
MAT002,64,7,2025-12-01,2025-12-07,2025,49,ABRASIVOS,HIGH
MAT002,65,16,2025-12-08,2025-12-14,2025,50,ABRASIVOS,HIGH
MAT002,66,13,2025-12-15,2025-12-21,2025,51,ABRASIVOS,HIGH
MAT002,67,16,2025-12-22,2025-12-28,2025,52,ABRASIVOS,HIGH
MAT002,68,11,2025-12-29,2026-01-04,2026,1,ABRASIVOS,HIGH
MAT002,69,13,2026-01-05,2026-01-11,2026,2,ABRASIVOS,HIGH
MAT002,70,11,2026-01-12,2026-01-18,2026,3,ABRASIVOS,HIGH
MAT002,71,11,2026-01-19,2026-01-25,2026,4,ABRASIVOS,HIGH
MAT002,72,6,2026-01-26,2026-02-01,2026,5,ABRASIVOS,HIGH
MAT002,73,13,2026-02-02,2026-02-08,2026,6,ABRASIVOS,HIGH
MAT002,74,4,2026-02-09,2026-02-15,2026,7,ABRASIVOS,HIGH
MAT002,75,11,2026-02-16,2026-02-22,2026,8,ABRASIVOS,HIGH
MAT002,76,18,2026-02-23,2026-03-01,2026,9,ABRASIVOS,HIGH
MAT002,77,18,2026-03-02,2026-03-08,2026,10,ABRASIVOS,HIGH
MAT002,78,14,2026-03-09,2026-03-15,2026,11,ABRASIVOS,HIGH
MAT002,79,10,2026-03-16,2026-03-22,2026,12,ABRASIVOS,HIGH
MAT002,80,11,2026-03-23,2026-03-29,2026,13,ABRASIVOS,HIGH
MAT002,81,12,2026-03-30,2026-04-05,2026,14,ABRASIVOS,HIGH
MAT002,82,6,2026-04-06,2026-04-12,2026,15,ABRASIVOS,HIGH
MAT002,83,12,2026-04-13,2026-04-19,2026,16,ABRASIVOS,HIGH
MAT002,84,8,2026-04-20,2026-04-26,2026,17,ABRASIVOS,HIGH
MAT002,85,11,2026-04-27,2026-05-03,2026,18,ABRASIVOS,HIGH
MAT002,86,15,2026-05-04,2026-05-10,2026,19,ABRASIVOS,HIGH
MAT002,87,6,2026-05-11,2026-05-17,2026,20,ABRASIVOS,HIGH
MAT002,88,12,2026-05-18,2026-05-24,2026,21,ABRASIVOS,HIGH
MAT002,89,13,2026-05-25,2026-05-31,2026,22,ABRASIVOS,HIGH
MAT002,90,9,2026-06-01,2026-06-07,2026,23,ABRASIVOS,HIGH
MAT002,91,11,2026-06-08,2026-06-14,2026,24,ABRASIVOS,HIGH
MAT002,92,11,2026-06-15,2026-06-21,2026,25,ABRASIVOS,HIGH
MAT002,93,11,2026-06-22,2026-06-28,2026,26,ABRASIVOS,HIGH
MAT002,94,10,2026-06-29,2026-07-05,2026,27,ABRASIVOS,HIGH
MAT002,95,14,2026-07-06,2026-07-12,2026,28,ABRASIVOS,HIGH
MAT002,96,17,2026-07-13,2026-07-19,2026,29,ABRASIVOS,HIGH
MAT002,97,8,2026-07-20,2026-07-26,2026,30,ABRASIVOS,HIGH
MAT002,98,14,2026-07-27,2026-08-02,2026,31,ABRASIVOS,HIGH
MAT002,99,10,2026-08-03,2026-08-09,2026,32,ABRASIVOS,HIGH
MAT002,100,14,2026-08-10,2026-08-16,2026,33,ABRASIVOS,HIGH
MAT002,101,11,2026-08-17,2026-08-23,2026,34,ABRASIVOS,HIGH
MAT002,102,11,2026-08-24,2026-08-30,2026,35,ABRASIVOS,HIGH
MAT002,103,14,2026-08-31,2026-09-06,2026,36,ABRASIVOS,HIGH
MAT002,104,16,2026-09-07,2026-09-13,2026,37,ABRASIVOS,HIGH
MAT003,1,2,2024-09-16,2024-09-22,2024,38,ABRASIVOS,MEDIUM
MAT003,2,5,2024-09-23,2024-09-29,2024,39,ABRASIVOS,MEDIUM
MAT003,3,4,2024-09-30,2024-10-06,2024,40,ABRASIVOS,MEDIUM
MAT003,4,4,2024-10-07,2024-10-13,2024,41,ABRASIVOS,MEDIUM
MAT003,5,4,2024-10-14,2024-10-20,2024,42,ABRASIVOS,MEDIUM
MAT003,6,4,2024-10-21,2024-10-27,2024,43,ABRASIVOS,MEDIUM
MAT003,7,6,2024-10-28,2024-11-03,2024,44,ABRASIVOS,MEDIUM
MAT003,8,4,2024-11-04,2024-11-10,2024,45,ABRASIVOS,MEDIUM
MAT003,9,2,2024-11-11,2024-11-17,2024,46,ABRASIVOS,MEDIUM
MAT003,10,3,2024-11-18,2024-11-24,2024,47,ABRASIVOS,MEDIUM
MAT003,11,4,2024-11-25,2024-12-01,2024,48,ABRASIVOS,MEDIUM
MAT003,12,4,2024-12-02,2024-12-08,2024,49,ABRASIVOS,MEDIUM
MAT003,13,5,2024-12-09,2024-12-15,2024,50,ABRASIVOS,MEDIUM
MAT003,14,4,2024-12-16,2024-12-22,2024,51,ABRASIVOS,MEDIUM
MAT003,15,4,2024-12-23,2024-12-29,2024,52,ABRASIVOS,MEDIUM
MAT003,16,4,2024-12-30,2025-01-05,2025,1,ABRASIVOS,MEDIUM
MAT003,17,4,2025-01-06,2025-01-12,2025,2,ABRASIVOS,MEDIUM
MAT003,18,5,2025-01-13,2025-01-19,2025,3,ABRASIVOS,MEDIUM
MAT003,19,5,2025-01-20,2025-01-26,2025,4,ABRASIVOS,MEDIUM
MAT003,20,4,2025-01-27,2025-02-02,2025,5,ABRASIVOS,MEDIUM
MAT003,21,3,2025-02-03,2025-02-09,2025,6,ABRASIVOS,MEDIUM
MAT003,22,4,2025-02-10,2025-02-16,2025,7,ABRASIVOS,MEDIUM
MAT003,23,5,2025-02-17,2025-02-23,2025,8,ABRASIVOS,MEDIUM
MAT003,24,5,2025-02-24,2025-03-02,2025,9,ABRASIVOS,MEDIUM
MAT003,25,2,2025-03-03,2025-03-09,2025,10,ABRASIVOS,MEDIUM
MAT003,26,2,2025-03-10,2025-03-16,2025,11,ABRASIVOS,MEDIUM
MAT003,27,3,2025-03-17,2025-03-23,2025,12,ABRASIVOS,MEDIUM
MAT003,28,4,2025-03-24,2025-03-30,2025,13,ABRASIVOS,MEDIUM
MAT003,29,1,2025-03-31,2025-04-06,2025,14,ABRASIVOS,MEDIUM
MAT003,30,4,2025-04-07,2025-04-13,2025,15,ABRASIVOS,MEDIUM
MAT003,31,4,2025-04-14,2025-04-20,2025,16,ABRASIVOS,MEDIUM
MAT003,32,4,2025-04-21,2025-04-27,2025,17,ABRASIVOS,MEDIUM
MAT003,33,2,2025-04-28,2025-05-04,2025,18,ABRASIVOS,MEDIUM
MAT003,34,4,2025-05-05,2025-05-11,2025,19,ABRASIVOS,MEDIUM
MAT003,35,3,2025-05-12,2025-05-18,2025,20,ABRASIVOS,MEDIUM
MAT003,36,4,2025-05-19,2025-05-25,2025,21,ABRASIVOS,MEDIUM
MAT003,37,7,2025-05-26,2025-06-01,2025,22,ABRASIVOS,MEDIUM
MAT003,38,4,2025-06-02,2025-06-08,2025,23,ABRASIVOS,MEDIUM
MAT003,39,3,2025-06-09,2025-06-15,2025,24,ABRASIVOS,MEDIUM
MAT003,40,5,2025-06-16,2025-06-22,2025,25,ABRASIVOS,MEDIUM
MAT003,41,4,2025-06-23,2025-06-29,2025,26,ABRASIVOS,MEDIUM
MAT003,42,3,2025-06-30,2025-07-06,2025,27,ABRASIVOS,MEDIUM
MAT003,43,3,2025-07-07,2025-07-13,2025,28,ABRASIVOS,MEDIUM
MAT003,44,5,2025-07-14,2025-07-20,2025,29,ABRASIVOS,MEDIUM
MAT003,45,3,2025-07-21,2025-07-27,2025,30,ABRASIVOS,MEDIUM
MAT003,46,3,2025-07-28,2025-08-03,2025,31,ABRASIVOS,MEDIUM
MAT003,47,4,2025-08-04,2025-08-10,2025,32,ABRASIVOS,MEDIUM
MAT003,48,2,2025-08-11,2025-08-17,2025,33,ABRASIVOS,MEDIUM
MAT003,49,3,2025-08-18,2025-08-24,2025,34,ABRASIVOS,MEDIUM
MAT003,50,4,2025-08-25,2025-08-31,2025,35,ABRASIVOS,MEDIUM
MAT003,51,3,2025-09-01,2025-09-07,2025,36,ABRASIVOS,MEDIUM
MAT003,52,6,2025-09-08,2025-09-14,2025,37,ABRASIVOS,MEDIUM
MAT003,53,4,2025-09-15,2025-09-21,2025,38,ABRASIVOS,MEDIUM
MAT003,54,2,2025-09-22,2025-09-28,2025,39,ABRASIVOS,MEDIUM
MAT003,55,2,2025-09-29,2025-10-05,2025,40,ABRASIVOS,MEDIUM
MAT003,56,5,2025-10-06,2025-10-12,2025,41,ABRASIVOS,MEDIUM
MAT003,57,2,2025-10-13,2025-10-19,2025,42,ABRASIVOS,MEDIUM
MAT003,58,4,2025-10-20,2025-10-26,2025,43,ABRASIVOS,MEDIUM
MAT003,59,4,2025-10-27,2025-11-02,2025,44,ABRASIVOS,MEDIUM
MAT003,60,4,2025-11-03,2025-11-09,2025,45,ABRASIVOS,MEDIUM
MAT003,61,3,2025-11-10,2025-11-16,2025,46,ABRASIVOS,MEDIUM
MAT003,62,6,2025-11-17,2025-11-23,2025,47,ABRASIVOS,MEDIUM
MAT003,63,1,2025-11-24,2025-11-30,2025,48,ABRASIVOS,MEDIUM
MAT003,64,3,2025-12-01,2025-12-07,2025,49,ABRASIVOS,MEDIUM
MAT003,65,5,2025-12-08,2025-12-14,2025,50,ABRASIVOS,MEDIUM
MAT003,66,3,2025-12-15,2025-12-21,2025,51,ABRASIVOS,MEDIUM
MAT003,67,1,2025-12-22,2025-12-28,2025,52,ABRASIVOS,MEDIUM
MAT003,68,4,2025-12-29,2026-01-04,2026,1,ABRASIVOS,MEDIUM
MAT003,69,4,2026-01-05,2026-01-11,2026,2,ABRASIVOS,MEDIUM
MAT003,70,4,2026-01-12,2026-01-18,2026,3,ABRASIVOS,MEDIUM
MAT003,71,4,2026-01-19,2026-01-25,2026,4,ABRASIVOS,MEDIUM
MAT003,72,2,2026-01-26,2026-02-01,2026,5,ABRASIVOS,MEDIUM
MAT003,73,3,2026-02-02,2026-02-08,2026,6,ABRASIVOS,MEDIUM
MAT003,74,2,2026-02-09,2026-02-15,2026,7,ABRASIVOS,MEDIUM
MAT003,75,3,2026-02-16,2026-02-22,2026,8,ABRASIVOS,MEDIUM
MAT003,76,3,2026-02-23,2026-03-01,2026,9,ABRASIVOS,MEDIUM
MAT003,77,1,2026-03-02,2026-03-08,2026,10,ABRASIVOS,MEDIUM
MAT003,78,2,2026-03-09,2026-03-15,2026,11,ABRASIVOS,MEDIUM
MAT003,79,2,2026-03-16,2026-03-22,2026,12,ABRASIVOS,MEDIUM
MAT003,80,4,2026-03-23,2026-03-29,2026,13,ABRASIVOS,MEDIUM
MAT003,81,3,2026-03-30,2026-04-05,2026,14,ABRASIVOS,MEDIUM
MAT003,82,2,2026-04-06,2026-04-12,2026,15,ABRASIVOS,MEDIUM
MAT003,83,4,2026-04-13,2026-04-19,2026,16,ABRASIVOS,MEDIUM
MAT003,84,3,2026-04-20,2026-04-26,2026,17,ABRASIVOS,MEDIUM
MAT003,85,6,2026-04-27,2026-05-03,2026,18,ABRASIVOS,MEDIUM
MAT003,86,2,2026-05-04,2026-05-10,2026,19,ABRASIVOS,MEDIUM
MAT003,87,3,2026-05-11,2026-05-17,2026,20,ABRASIVOS,MEDIUM
MAT003,88,3,2026-05-18,2026-05-24,2026,21,ABRASIVOS,MEDIUM
MAT003,89,2,2026-05-25,2026-05-31,2026,22,ABRASIVOS,MEDIUM
MAT003,90,4,2026-06-01,2026-06-07,2026,23,ABRASIVOS,MEDIUM
MAT003,91,3,2026-06-08,2026-06-14,2026,24,ABRASIVOS,MEDIUM
MAT003,92,2,2026-06-15,2026-06-21,2026,25,ABRASIVOS,MEDIUM
MAT003,93,1,2026-06-22,2026-06-28,2026,26,ABRASIVOS,MEDIUM
MAT003,94,5,2026-06-29,2026-07-05,2026,27,ABRASIVOS,MEDIUM
MAT003,95,5,2026-07-06,2026-07-12,2026,28,ABRASIVOS,MEDIUM
MAT003,96,4,2026-07-13,2026-07-19,2026,29,ABRASIVOS,MEDIUM
MAT003,97,4,2026-07-20,2026-07-26,2026,30,ABRASIVOS,MEDIUM
MAT003,98,1,2026-07-27,2026-08-02,2026,31,ABRASIVOS,MEDIUM
MAT003,99,4,2026-08-03,2026-08-09,2026,32,ABRASIVOS,MEDIUM
MAT003,100,4,2026-08-10,2026-08-16,2026,33,ABRASIVOS,MEDIUM
MAT003,101,5,2026-08-17,2026-08-23,2026,34,ABRASIVOS,MEDIUM
MAT003,102,6,2026-08-24,2026-08-30,2026,35,ABRASIVOS,MEDIUM
MAT003,103,1,2026-08-31,2026-09-06,2026,36,ABRASIVOS,MEDIUM
MAT003,104,2,2026-09-07,2026-09-13,2026,37,ABRASIVOS,MEDIUM
MAT004,1,10,2024-09-16,2024-09-22,2024,38,ABRASIVOS,HIGH
MAT004,2,5,2024-09-23,2024-09-29,2024,39,ABRASIVOS,HIGH
MAT004,3,11,2024-09-30,2024-10-06,2024,40,ABRASIVOS,HIGH
MAT004,4,7,2024-10-07,2024-10-13,2024,41,ABRASIVOS,HIGH
MAT004,5,4,2024-10-14,2024-10-20,2024,42,ABRASIVOS,HIGH
MAT004,6,8,2024-10-21,2024-10-27,2024,43,ABRASIVOS,HIGH
MAT004,7,9,2024-10-28,2024-11-03,2024,44,ABRASIVOS,HIGH
MAT004,8,7,2024-11-04,2024-11-10,2024,45,ABRASIVOS,HIGH
MAT004,9,7,2024-11-11,2024-11-17,2024,46,ABRASIVOS,HIGH
MAT004,10,2,2024-11-18,2024-11-24,2024,47,ABRASIVOS,HIGH
MAT004,11,6,2024-11-25,2024-12-01,2024,48,ABRASIVOS,HIGH
MAT004,12,10,2024-12-02,2024-12-08,2024,49,ABRASIVOS,HIGH
MAT004,13,5,2024-12-09,2024-12-15,2024,50,ABRASIVOS,HIGH
MAT004,14,8,2024-12-16,2024-12-22,2024,51,ABRASIVOS,HIGH
MAT004,15,3,2024-12-23,2024-12-29,2024,52,ABRASIVOS,HIGH
MAT004,16,7,2024-12-30,2025-01-05,2025,1,ABRASIVOS,HIGH
MAT004,17,5,2025-01-06,2025-01-12,2025,2,ABRASIVOS,HIGH
MAT004,18,0,2025-01-13,2025-01-19,2025,3,ABRASIVOS,HIGH
MAT004,19,5,2025-01-20,2025-01-26,2025,4,ABRASIVOS,HIGH
MAT004,20,5,2025-01-27,2025-02-02,2025,5,ABRASIVOS,HIGH
MAT004,21,10,2025-02-03,2025-02-09,2025,6,ABRASIVOS,HIGH
MAT004,22,7,2025-02-10,2025-02-16,2025,7,ABRASIVOS,HIGH
MAT004,23,5,2025-02-17,2025-02-23,2025,8,ABRASIVOS,HIGH
MAT004,24,3,2025-02-24,2025-03-02,2025,9,ABRASIVOS,HIGH
MAT004,25,8,2025-03-03,2025-03-09,2025,10,ABRASIVOS,HIGH
MAT004,26,9,2025-03-10,2025-03-16,2025,11,ABRASIVOS,HIGH
MAT004,27,8,2025-03-17,2025-03-23,2025,12,ABRASIVOS,HIGH
MAT004,28,9,2025-03-24,2025-03-30,2025,13,ABRASIVOS,HIGH
MAT004,29,9,2025-03-31,2025-04-06,2025,14,ABRASIVOS,HIGH
MAT004,30,14,2025-04-07,2025-04-13,2025,15,ABRASIVOS,HIGH
MAT004,31,7,2025-04-14,2025-04-20,2025,16,ABRASIVOS,HIGH
MAT004,32,9,2025-04-21,2025-04-27,2025,17,ABRASIVOS,HIGH
MAT004,33,9,2025-04-28,2025-05-04,2025,18,ABRASIVOS,HIGH
MAT004,34,7,2025-05-05,2025-05-11,2025,19,ABRASIVOS,HIGH
MAT004,35,7,2025-05-12,2025-05-18,2025,20,ABRASIVOS,HIGH
MAT004,36,5,2025-05-19,2025-05-25,2025,21,ABRASIVOS,HIGH
MAT004,37,11,2025-05-26,2025-06-01,2025,22,ABRASIVOS,HIGH
MAT004,38,4,2025-06-02,2025-06-08,2025,23,ABRASIVOS,HIGH
MAT004,39,9,2025-06-09,2025-06-15,2025,24,ABRASIVOS,HIGH
MAT004,40,12,2025-06-16,2025-06-22,2025,25,ABRASIVOS,HIGH
MAT004,41,8,2025-06-23,2025-06-29,2025,26,ABRASIVOS,HIGH
MAT004,42,9,2025-06-30,2025-07-06,2025,27,ABRASIVOS,HIGH
MAT004,43,9,2025-07-07,2025-07-13,2025,28,ABRASIVOS,HIGH
MAT004,44,13,2025-07-14,2025-07-20,2025,29,ABRASIVOS,HIGH
MAT004,45,11,2025-07-21,2025-07-27,2025,30,ABRASIVOS,HIGH
MAT004,46,6,2025-07-28,2025-08-03,2025,31,ABRASIVOS,HIGH
MAT004,47,9,2025-08-04,2025-08-10,2025,32,ABRASIVOS,HIGH
MAT004,48,13,2025-08-11,2025-08-17,2025,33,ABRASIVOS,HIGH
MAT004,49,5,2025-08-18,2025-08-24,2025,34,ABRASIVOS,HIGH
MAT004,50,10,2025-08-25,2025-08-31,2025,35,ABRASIVOS,HIGH
MAT004,51,11,2025-09-01,2025-09-07,2025,36,ABRASIVOS,HIGH
MAT004,52,5,2025-09-08,2025-09-14,2025,37,ABRASIVOS,HIGH
MAT004,53,8,2025-09-15,2025-09-21,2025,38,ABRASIVOS,HIGH
MAT004,54,6,2025-09-22,2025-09-28,2025,39,ABRASIVOS,HIGH
MAT004,55,6,2025-09-29,2025-10-05,2025,40,ABRASIVOS,HIGH
MAT004,56,4,2025-10-06,2025-10-12,2025,41,ABRASIVOS,HIGH
MAT004,57,3,2025-10-13,2025-10-19,2025,42,ABRASIVOS,HIGH
MAT004,58,6,2025-10-20,2025-10-26,2025,43,ABRASIVOS,HIGH
MAT004,59,5,2025-10-27,2025-11-02,2025,44,ABRASIVOS,HIGH
MAT004,60,7,2025-11-03,2025-11-09,2025,45,ABRASIVOS,HIGH
MAT004,61,11,2025-11-10,2025-11-16,2025,46,ABRASIVOS,HIGH
MAT004,62,7,2025-11-17,2025-11-23,2025,47,ABRASIVOS,HIGH
MAT004,63,8,2025-11-24,2025-11-30,2025,48,ABRASIVOS,HIGH
MAT004,64,3,2025-12-01,2025-12-07,2025,49,ABRASIVOS,HIGH
MAT004,65,8,2025-12-08,2025-12-14,2025,50,ABRASIVOS,HIGH
MAT004,66,1,2025-12-15,2025-12-21,2025,51,ABRASIVOS,HIGH
MAT004,67,6,2025-12-22,2025-12-28,2025,52,ABRASIVOS,HIGH
MAT004,68,9,2025-12-29,2026-01-04,2026,1,ABRASIVOS,HIGH
MAT004,69,7,2026-01-05,2026-01-11,2026,2,ABRASIVOS,HIGH
MAT004,70,8,2026-01-12,2026-01-18,2026,3,ABRASIVOS,HIGH
MAT004,71,7,2026-01-19,2026-01-25,2026,4,ABRASIVOS,HIGH
MAT004,72,5,2026-01-26,2026-02-01,2026,5,ABRASIVOS,HIGH
MAT004,73,6,2026-02-02,2026-02-08,2026,6,ABRASIVOS,HIGH
MAT004,74,8,2026-02-09,2026-02-15,2026,7,ABRASIVOS,HIGH
MAT004,75,10,2026-02-16,2026-02-22,2026,8,ABRASIVOS,HIGH
MAT004,76,8,2026-02-23,2026-03-01,2026,9,ABRASIVOS,HIGH
MAT004,77,12,2026-03-02,2026-03-08,2026,10,ABRASIVOS,HIGH
MAT004,78,8,2026-03-09,2026-03-15,2026,11,ABRASIVOS,HIGH
MAT004,79,2,2026-03-16,2026-03-22,2026,12,ABRASIVOS,HIGH
MAT004,80,8,2026-03-23,2026-03-29,2026,13,ABRASIVOS,HIGH
MAT004,81,7,2026-03-30,2026-04-05,2026,14,ABRASIVOS,HIGH
MAT004,82,0,2026-04-06,2026-04-12,2026,15,ABRASIVOS,HIGH
MAT004,83,7,2026-04-13,2026-04-19,2026,16,ABRASIVOS,HIGH
MAT004,84,7,2026-04-20,2026-04-26,2026,17,ABRASIVOS,HIGH
MAT004,85,10,2026-04-27,2026-05-03,2026,18,ABRASIVOS,HIGH
MAT004,86,5,2026-05-04,2026-05-10,2026,19,ABRASIVOS,HIGH
MAT004,87,10,2026-05-11,2026-05-17,2026,20,ABRASIVOS,HIGH
MAT004,88,12,2026-05-18,2026-05-24,2026,21,ABRASIVOS,HIGH
MAT004,89,8,2026-05-25,2026-05-31,2026,22,ABRASIVOS,HIGH
MAT004,90,10,2026-06-01,2026-06-07,2026,23,ABRASIVOS,HIGH
MAT004,91,6,2026-06-08,2026-06-14,2026,24,ABRASIVOS,HIGH
MAT004,92,6,2026-06-15,2026-06-21,2026,25,ABRASIVOS,HIGH
MAT004,93,8,2026-06-22,2026-06-28,2026,26,ABRASIVOS,HIGH
MAT004,94,5,2026-06-29,2026-07-05,2026,27,ABRASIVOS,HIGH
MAT004,95,10,2026-07-06,2026-07-12,2026,28,ABRASIVOS,HIGH
MAT004,96,8,2026-07-13,2026-07-19,2026,29,ABRASIVOS,HIGH
MAT004,97,11,2026-07-20,2026-07-26,2026,30,ABRASIVOS,HIGH
MAT004,98,7,2026-07-27,2026-08-02,2026,31,ABRASIVOS,HIGH
MAT004,99,6,2026-08-03,2026-08-09,2026,32,ABRASIVOS,HIGH
MAT004,100,1,2026-08-10,2026-08-16,2026,33,ABRASIVOS,HIGH
MAT004,101,5,2026-08-17,2026-08-23,2026,34,ABRASIVOS,HIGH
MAT004,102,4,2026-08-24,2026-08-30,2026,35,ABRASIVOS,HIGH
MAT004,103,8,2026-08-31,2026-09-06,2026,36,ABRASIVOS,HIGH
MAT004,104,4,2026-09-07,2026-09-13,2026,37,ABRASIVOS,HIGH
MAT005,1,26,2024-09-16,2024-09-22,2024,38,ABRASIVOS,MEDIUM
MAT005,2,18,2024-09-23,2024-09-29,2024,39,ABRASIVOS,MEDIUM
MAT005,3,19,2024-09-30,2024-10-06,2024,40,ABRASIVOS,MEDIUM
MAT005,4,20,2024-10-07,2024-10-13,2024,41,ABRASIVOS,MEDIUM
MAT005,5,23,2024-10-14,2024-10-20,2024,42,ABRASIVOS,MEDIUM
MAT005,6,16,2024-10-21,2024-10-27,2024,43,ABRASIVOS,MEDIUM
MAT005,7,24,2024-10-28,2024-11-03,2024,44,ABRASIVOS,MEDIUM
MAT005,8,26,2024-11-04,2024-11-10,2024,45,ABRASIVOS,MEDIUM
MAT005,9,23,2024-11-11,2024-11-17,2024,46,ABRASIVOS,MEDIUM
MAT005,10,14,2024-11-18,2024-11-24,2024,47,ABRASIVOS,MEDIUM
MAT005,11,21,2024-11-25,2024-12-01,2024,48,ABRASIVOS,MEDIUM
MAT005,12,26,2024-12-02,2024-12-08,2024,49,ABRASIVOS,MEDIUM
MAT005,13,13,2024-12-09,2024-12-15,2024,50,ABRASIVOS,MEDIUM
MAT005,14,19,2024-12-16,2024-12-22,2024,51,ABRASIVOS,MEDIUM
MAT005,15,21,2024-12-23,2024-12-29,2024,52,ABRASIVOS,MEDIUM
MAT005,16,18,2024-12-30,2025-01-05,2025,1,ABRASIVOS,MEDIUM
MAT005,17,20,2025-01-06,2025-01-12,2025,2,ABRASIVOS,MEDIUM
MAT005,18,25,2025-01-13,2025-01-19,2025,3,ABRASIVOS,MEDIUM
MAT005,19,31,2025-01-20,2025-01-26,2025,4,ABRASIVOS,MEDIUM
MAT005,20,23,2025-01-27,2025-02-02,2025,5,ABRASIVOS,MEDIUM
MAT005,21,21,2025-02-03,2025-02-09,2025,6,ABRASIVOS,MEDIUM
MAT005,22,21,2025-02-10,2025-02-16,2025,7,ABRASIVOS,MEDIUM
MAT005,23,24,2025-02-17,2025-02-23,2025,8,ABRASIVOS,MEDIUM
MAT005,24,14,2025-02-24,2025-03-02,2025,9,ABRASIVOS,MEDIUM
MAT005,25,26,2025-03-03,2025-03-09,2025,10,ABRASIVOS,MEDIUM
MAT005,26,23,2025-03-10,2025-03-16,2025,11,ABRASIVOS,MEDIUM
MAT005,27,21,2025-03-17,2025-03-23,2025,12,ABRASIVOS,MEDIUM
MAT005,28,15,2025-03-24,2025-03-30,2025,13,ABRASIVOS,MEDIUM
MAT005,29,13,2025-03-31,2025-04-06,2025,14,ABRASIVOS,MEDIUM
MAT005,30,16,2025-04-07,2025-04-13,2025,15,ABRASIVOS,MEDIUM
MAT005,31,24,2025-04-14,2025-04-20,2025,16,ABRASIVOS,MEDIUM
MAT005,32,28,2025-04-21,2025-04-27,2025,17,ABRASIVOS,MEDIUM
MAT005,33,10,2025-04-28,2025-05-04,2025,18,ABRASIVOS,MEDIUM
MAT005,34,24,2025-05-05,2025-05-11,2025,19,ABRASIVOS,MEDIUM
MAT005,35,29,2025-05-12,2025-05-18,2025,20,ABRASIVOS,MEDIUM
MAT005,36,19,2025-05-19,2025-05-25,2025,21,ABRASIVOS,MEDIUM
MAT005,37,24,2025-05-26,2025-06-01,2025,22,ABRASIVOS,MEDIUM
MAT005,38,20,2025-06-02,2025-06-08,2025,23,ABRASIVOS,MEDIUM
MAT005,39,23,2025-06-09,2025-06-15,2025,24,ABRASIVOS,MEDIUM
MAT005,40,15,2025-06-16,2025-06-22,2025,25,ABRASIVOS,MEDIUM
MAT005,41,22,2025-06-23,2025-06-29,2025,26,ABRASIVOS,MEDIUM
MAT005,42,21,2025-06-30,2025-07-06,2025,27,ABRASIVOS,MEDIUM
MAT005,43,19,2025-07-07,2025-07-13,2025,28,ABRASIVOS,MEDIUM
MAT005,44,29,2025-07-14,2025-07-20,2025,29,ABRASIVOS,MEDIUM
MAT005,45,20,2025-07-21,2025-07-27,2025,30,ABRASIVOS,MEDIUM
MAT005,46,28,2025-07-28,2025-08-03,2025,31,ABRASIVOS,MEDIUM
MAT005,47,18,2025-08-04,2025-08-10,2025,32,ABRASIVOS,MEDIUM
MAT005,48,19,2025-08-11,2025-08-17,2025,33,ABRASIVOS,MEDIUM
MAT005,49,23,2025-08-18,2025-08-24,2025,34,ABRASIVOS,MEDIUM
MAT005,50,19,2025-08-25,2025-08-31,2025,35,ABRASIVOS,MEDIUM
MAT005,51,25,2025-09-01,2025-09-07,2025,36,ABRASIVOS,MEDIUM
MAT005,52,31,2025-09-08,2025-09-14,2025,37,ABRASIVOS,MEDIUM
MAT005,53,33,2025-09-15,2025-09-21,2025,38,ABRASIVOS,MEDIUM
MAT005,54,10,2025-09-22,2025-09-28,2025,39,ABRASIVOS,MEDIUM
MAT005,55,32,2025-09-29,2025-10-05,2025,40,ABRASIVOS,MEDIUM
MAT005,56,31,2025-10-06,2025-10-12,2025,41,ABRASIVOS,MEDIUM
MAT005,57,27,2025-10-13,2025-10-19,2025,42,ABRASIVOS,MEDIUM
MAT005,58,13,2025-10-20,2025-10-26,2025,43,ABRASIVOS,MEDIUM
MAT005,59,22,2025-10-27,2025-11-02,2025,44,ABRASIVOS,MEDIUM
MAT005,60,23,2025-11-03,2025-11-09,2025,45,ABRASIVOS,MEDIUM
MAT005,61,28,2025-11-10,2025-11-16,2025,46,ABRASIVOS,MEDIUM
MAT005,62,26,2025-11-17,2025-11-23,2025,47,ABRASIVOS,MEDIUM
MAT005,63,27,2025-11-24,2025-11-30,2025,48,ABRASIVOS,MEDIUM
MAT005,64,27,2025-12-01,2025-12-07,2025,49,ABRASIVOS,MEDIUM
MAT005,65,29,2025-12-08,2025-12-14,2025,50,ABRASIVOS,MEDIUM
MAT005,66,33,2025-12-15,2025-12-21,2025,51,ABRASIVOS,MEDIUM
MAT005,67,31,2025-12-22,2025-12-28,2025,52,ABRASIVOS,MEDIUM
MAT005,68,20,2025-12-29,2026-01-04,2026,1,ABRASIVOS,MEDIUM
MAT005,69,29,2026-01-05,2026-01-11,2026,2,ABRASIVOS,MEDIUM
MAT005,70,27,2026-01-12,2026-01-18,2026,3,ABRASIVOS,MEDIUM
MAT005,71,20,2026-01-19,2026-01-25,2026,4,ABRASIVOS,MEDIUM
MAT005,72,16,2026-01-26,2026-02-01,2026,5,ABRASIVOS,MEDIUM
MAT005,73,24,2026-02-02,2026-02-08,2026,6,ABRASIVOS,MEDIUM
MAT005,74,28,2026-02-09,2026-02-15,2026,7,ABRASIVOS,MEDIUM
MAT005,75,25,2026-02-16,2026-02-22,2026,8,ABRASIVOS,MEDIUM
MAT005,76,17,2026-02-23,2026-03-01,2026,9,ABRASIVOS,MEDIUM
MAT005,77,36,2026-03-02,2026-03-08,2026,10,ABRASIVOS,MEDIUM
MAT005,78,28,2026-03-09,2026-03-15,2026,11,ABRASIVOS,MEDIUM
MAT005,79,28,2026-03-16,2026-03-22,2026,12,ABRASIVOS,MEDIUM
MAT005,80,23,2026-03-23,2026-03-29,2026,13,ABRASIVOS,MEDIUM
MAT005,81,15,2026-03-30,2026-04-05,2026,14,ABRASIVOS,MEDIUM
MAT005,82,16,2026-04-06,2026-04-12,2026,15,ABRASIVOS,MEDIUM
MAT005,83,14,2026-04-13,2026-04-19,2026,16,ABRASIVOS,MEDIUM
MAT005,84,20,2026-04-20,2026-04-26,2026,17,ABRASIVOS,MEDIUM
MAT005,85,34,2026-04-27,2026-05-03,2026,18,ABRASIVOS,MEDIUM
MAT005,86,26,2026-05-04,2026-05-10,2026,19,ABRASIVOS,MEDIUM
MAT005,87,20,2026-05-11,2026-05-17,2026,20,ABRASIVOS,MEDIUM
MAT005,88,35,2026-05-18,2026-05-24,2026,21,ABRASIVOS,MEDIUM
MAT005,89,20,2026-05-25,2026-05-31,2026,22,ABRASIVOS,MEDIUM
MAT005,90,31,2026-06-01,2026-06-07,2026,23,ABRASIVOS,MEDIUM
MAT005,91,32,2026-06-08,2026-06-14,2026,24,ABRASIVOS,MEDIUM
MAT005,92,7,2026-06-15,2026-06-21,2026,25,ABRASIVOS,MEDIUM
MAT005,93,18,2026-06-22,2026-06-28,2026,26,ABRASIVOS,MEDIUM
MAT005,94,35,2026-06-29,2026-07-05,2026,27,ABRASIVOS,MEDIUM
MAT005,95,28,2026-07-06,2026-07-12,2026,28,ABRASIVOS,MEDIUM
MAT005,96,21,2026-07-13,2026-07-19,2026,29,ABRASIVOS,MEDIUM
MAT005,97,16,2026-07-20,2026-07-26,2026,30,ABRASIVOS,MEDIUM
MAT005,98,22,2026-07-27,2026-08-02,2026,31,ABRASIVOS,MEDIUM
MAT005,99,28,2026-08-03,2026-08-09,2026,32,ABRASIVOS,MEDIUM
MAT005,100,20,2026-08-10,2026-08-16,2026,33,ABRASIVOS,MEDIUM
MAT005,101,13,2026-08-17,2026-08-23,2026,34,ABRASIVOS,MEDIUM
MAT005,102,22,2026-08-24,2026-08-30,2026,35,ABRASIVOS,MEDIUM
MAT005,103,29,2026-08-31,2026-09-06,2026,36,ABRASIVOS,MEDIUM
MAT005,104,24,2026-09-07,2026-09-13,2026,37,ABRASIVOS,MEDIUM
MAT006,1,7,2024-09-16,2024-09-22,2024,38,ABRASIVOS,HIGH
MAT006,2,0,2024-09-23,2024-09-29,2024,39,ABRASIVOS,HIGH
MAT006,3,10,2024-09-30,2024-10-06,2024,40,ABRASIVOS,HIGH
MAT006,4,7,2024-10-07,2024-10-13,2024,41,ABRASIVOS,HIGH
MAT006,5,0,2024-10-14,2024-10-20,2024,42,ABRASIVOS,HIGH
MAT006,6,1,2024-10-21,2024-10-27,2024,43,ABRASIVOS,HIGH
MAT006,7,10,2024-10-28,2024-11-03,2024,44,ABRASIVOS,HIGH
MAT006,8,0,2024-11-04,2024-11-10,2024,45,ABRASIVOS,HIGH
MAT006,9,6,2024-11-11,2024-11-17,2024,46,ABRASIVOS,HIGH
MAT006,10,11,2024-11-18,2024-11-24,2024,47,ABRASIVOS,HIGH
MAT006,11,0,2024-11-25,2024-12-01,2024,48,ABRASIVOS,HIGH
MAT006,12,19,2024-12-02,2024-12-08,2024,49,ABRASIVOS,HIGH
MAT006,13,0,2024-12-09,2024-12-15,2024,50,ABRASIVOS,HIGH
MAT006,14,10,2024-12-16,2024-12-22,2024,51,ABRASIVOS,HIGH
MAT006,15,0,2024-12-23,2024-12-29,2024,52,ABRASIVOS,HIGH
MAT006,16,14,2024-12-30,2025-01-05,2025,1,ABRASIVOS,HIGH
MAT006,17,19,2025-01-06,2025-01-12,2025,2,ABRASIVOS,HIGH
MAT006,18,0,2025-01-13,2025-01-19,2025,3,ABRASIVOS,HIGH
MAT006,19,0,2025-01-20,2025-01-26,2025,4,ABRASIVOS,HIGH
MAT006,20,5,2025-01-27,2025-02-02,2025,5,ABRASIVOS,HIGH
MAT006,21,0,2025-02-03,2025-02-09,2025,6,ABRASIVOS,HIGH
MAT006,22,10,2025-02-10,2025-02-16,2025,7,ABRASIVOS,HIGH
MAT006,23,0,2025-02-17,2025-02-23,2025,8,ABRASIVOS,HIGH
MAT006,24,0,2025-02-24,2025-03-02,2025,9,ABRASIVOS,HIGH
MAT006,25,15,2025-03-03,2025-03-09,2025,10,ABRASIVOS,HIGH
MAT006,26,9,2025-03-10,2025-03-16,2025,11,ABRASIVOS,HIGH
MAT006,27,0,2025-03-17,2025-03-23,2025,12,ABRASIVOS,HIGH
MAT006,28,7,2025-03-24,2025-03-30,2025,13,ABRASIVOS,HIGH
MAT006,29,0,2025-03-31,2025-04-06,2025,14,ABRASIVOS,HIGH
MAT006,30,0,2025-04-07,2025-04-13,2025,15,ABRASIVOS,HIGH
MAT006,31,0,2025-04-14,2025-04-20,2025,16,ABRASIVOS,HIGH
MAT006,32,0,2025-04-21,2025-04-27,2025,17,ABRASIVOS,HIGH
MAT006,33,5,2025-04-28,2025-05-04,2025,18,ABRASIVOS,HIGH
MAT006,34,0,2025-05-05,2025-05-11,2025,19,ABRASIVOS,HIGH
MAT006,35,0,2025-05-12,2025-05-18,2025,20,ABRASIVOS,HIGH
MAT006,36,12,2025-05-19,2025-05-25,2025,21,ABRASIVOS,HIGH
MAT006,37,11,2025-05-26,2025-06-01,2025,22,ABRASIVOS,HIGH
MAT006,38,13,2025-06-02,2025-06-08,2025,23,ABRASIVOS,HIGH
MAT006,39,14,2025-06-09,2025-06-15,2025,24,ABRASIVOS,HIGH
MAT006,40,0,2025-06-16,2025-06-22,2025,25,ABRASIVOS,HIGH
MAT006,41,9,2025-06-23,2025-06-29,2025,26,ABRASIVOS,HIGH
MAT006,42,12,2025-06-30,2025-07-06,2025,27,ABRASIVOS,HIGH
MAT006,43,0,2025-07-07,2025-07-13,2025,28,ABRASIVOS,HIGH
MAT006,44,0,2025-07-14,2025-07-20,2025,29,ABRASIVOS,HIGH
MAT006,45,11,2025-07-21,2025-07-27,2025,30,ABRASIVOS,HIGH
MAT006,46,0,2025-07-28,2025-08-03,2025,31,ABRASIVOS,HIGH
MAT006,47,5,2025-08-04,2025-08-10,2025,32,ABRASIVOS,HIGH
MAT006,48,10,2025-08-11,2025-08-17,2025,33,ABRASIVOS,HIGH
MAT006,49,0,2025-08-18,2025-08-24,2025,34,ABRASIVOS,HIGH
MAT006,50,12,2025-08-25,2025-08-31,2025,35,ABRASIVOS,HIGH
MAT006,51,10,2025-09-01,2025-09-07,2025,36,ABRASIVOS,HIGH
MAT006,52,13,2025-09-08,2025-09-14,2025,37,ABRASIVOS,HIGH
MAT006,53,0,2025-09-15,2025-09-21,2025,38,ABRASIVOS,HIGH
MAT006,54,0,2025-09-22,2025-09-28,2025,39,ABRASIVOS,HIGH
MAT006,55,14,2025-09-29,2025-10-05,2025,40,ABRASIVOS,HIGH
MAT006,56,6,2025-10-06,2025-10-12,2025,41,ABRASIVOS,HIGH
MAT006,57,10,2025-10-13,2025-10-19,2025,42,ABRASIVOS,HIGH
MAT006,58,0,2025-10-20,2025-10-26,2025,43,ABRASIVOS,HIGH
MAT006,59,11,2025-10-27,2025-11-02,2025,44,ABRASIVOS,HIGH
MAT006,60,13,2025-11-03,2025-11-09,2025,45,ABRASIVOS,HIGH
MAT006,61,16,2025-11-10,2025-11-16,2025,46,ABRASIVOS,HIGH
MAT006,62,7,2025-11-17,2025-11-23,2025,47,ABRASIVOS,HIGH
MAT006,63,0,2025-11-24,2025-11-30,2025,48,ABRASIVOS,HIGH
MAT006,64,0,2025-12-01,2025-12-07,2025,49,ABRASIVOS,HIGH
MAT006,65,14,2025-12-08,2025-12-14,2025,50,ABRASIVOS,HIGH
MAT006,66,13,2025-12-15,2025-12-21,2025,51,ABRASIVOS,HIGH
MAT006,67,12,2025-12-22,2025-12-28,2025,52,ABRASIVOS,HIGH
MAT006,68,7,2025-12-29,2026-01-04,2026,1,ABRASIVOS,HIGH
MAT006,69,14,2026-01-05,2026-01-11,2026,2,ABRASIVOS,HIGH
MAT006,70,0,2026-01-12,2026-01-18,2026,3,ABRASIVOS,HIGH
MAT006,71,0,2026-01-19,2026-01-25,2026,4,ABRASIVOS,HIGH
MAT006,72,0,2026-01-26,2026-02-01,2026,5,ABRASIVOS,HIGH
MAT006,73,0,2026-02-02,2026-02-08,2026,6,ABRASIVOS,HIGH
MAT006,74,18,2026-02-09,2026-02-15,2026,7,ABRASIVOS,HIGH
MAT006,75,23,2026-02-16,2026-02-22,2026,8,ABRASIVOS,HIGH
MAT006,76,0,2026-02-23,2026-03-01,2026,9,ABRASIVOS,HIGH
MAT006,77,0,2026-03-02,2026-03-08,2026,10,ABRASIVOS,HIGH
MAT006,78,0,2026-03-09,2026-03-15,2026,11,ABRASIVOS,HIGH
MAT006,79,0,2026-03-16,2026-03-22,2026,12,ABRASIVOS,HIGH
MAT006,80,0,2026-03-23,2026-03-29,2026,13,ABRASIVOS,HIGH
MAT006,81,0,2026-03-30,2026-04-05,2026,14,ABRASIVOS,HIGH
MAT006,82,17,2026-04-06,2026-04-12,2026,15,ABRASIVOS,HIGH
MAT006,83,9,2026-04-13,2026-04-19,2026,16,ABRASIVOS,HIGH
MAT006,84,0,2026-04-20,2026-04-26,2026,17,ABRASIVOS,HIGH
MAT006,85,0,2026-04-27,2026-05-03,2026,18,ABRASIVOS,HIGH
MAT006,86,21,2026-05-04,2026-05-10,2026,19,ABRASIVOS,HIGH
MAT006,87,4,2026-05-11,2026-05-17,2026,20,ABRASIVOS,HIGH
MAT006,88,19,2026-05-18,2026-05-24,2026,21,ABRASIVOS,HIGH
MAT006,89,0,2026-05-25,2026-05-31,2026,22,ABRASIVOS,HIGH
MAT006,90,0,2026-06-01,2026-06-07,2026,23,ABRASIVOS,HIGH
MAT006,91,9,2026-06-08,2026-06-14,2026,24,ABRASIVOS,HIGH
MAT006,92,18,2026-06-15,2026-06-21,2026,25,ABRASIVOS,HIGH
MAT006,93,10,2026-06-22,2026-06-28,2026,26,ABRASIVOS,HIGH
MAT006,94,0,2026-06-29,2026-07-05,2026,27,ABRASIVOS,HIGH
MAT006,95,0,2026-07-06,2026-07-12,2026,28,ABRASIVOS,HIGH
MAT006,96,0,2026-07-13,2026-07-19,2026,29,ABRASIVOS,HIGH
MAT006,97,0,2026-07-20,2026-07-26,2026,30,ABRASIVOS,HIGH
MAT006,98,13,2026-07-27,2026-08-02,2026,31,ABRASIVOS,HIGH
MAT006,99,15,2026-08-03,2026-08-09,2026,32,ABRASIVOS,HIGH
MAT006,100,0,2026-08-10,2026-08-16,2026,33,ABRASIVOS,HIGH
MAT006,101,0,2026-08-17,2026-08-23,2026,34,ABRASIVOS,HIGH
MAT006,102,0,2026-08-24,2026-08-30,2026,35,ABRASIVOS,HIGH
MAT006,103,7,2026-08-31,2026-09-06,2026,36,ABRASIVOS,HIGH
MAT006,104,0,2026-09-07,2026-09-13,2026,37,ABRASIVOS,HIGH
MAT007,1,0,2024-09-16,2024-09-22,2024,38,SOLDAGEM,HIGH
MAT007,2,0,2024-09-23,2024-09-29,2024,39,SOLDAGEM,HIGH
MAT007,3,0,2024-09-30,2024-10-06,2024,40,SOLDAGEM,HIGH
MAT007,4,8,2024-10-07,2024-10-13,2024,41,SOLDAGEM,HIGH
MAT007,5,0,2024-10-14,2024-10-20,2024,42,SOLDAGEM,HIGH
MAT007,6,6,2024-10-21,2024-10-27,2024,43,SOLDAGEM,HIGH
MAT007,7,0,2024-10-28,2024-11-03,2024,44,SOLDAGEM,HIGH
MAT007,8,7,2024-11-04,2024-11-10,2024,45,SOLDAGEM,HIGH
MAT007,9,8,2024-11-11,2024-11-17,2024,46,SOLDAGEM,HIGH
MAT007,10,5,2024-11-18,2024-11-24,2024,47,SOLDAGEM,HIGH
MAT007,11,10,2024-11-25,2024-12-01,2024,48,SOLDAGEM,HIGH
MAT007,12,4,2024-12-02,2024-12-08,2024,49,SOLDAGEM,HIGH
MAT007,13,4,2024-12-09,2024-12-15,2024,50,SOLDAGEM,HIGH
MAT007,14,0,2024-12-16,2024-12-22,2024,51,SOLDAGEM,HIGH
MAT007,15,0,2024-12-23,2024-12-29,2024,52,SOLDAGEM,HIGH
MAT007,16,0,2024-12-30,2025-01-05,2025,1,SOLDAGEM,HIGH
MAT007,17,5,2025-01-06,2025-01-12,2025,2,SOLDAGEM,HIGH
MAT007,18,0,2025-01-13,2025-01-19,2025,3,SOLDAGEM,HIGH
MAT007,19,10,2025-01-20,2025-01-26,2025,4,SOLDAGEM,HIGH
MAT007,20,7,2025-01-27,2025-02-02,2025,5,SOLDAGEM,HIGH
MAT007,21,0,2025-02-03,2025-02-09,2025,6,SOLDAGEM,HIGH
MAT007,22,0,2025-02-10,2025-02-16,2025,7,SOLDAGEM,HIGH
MAT007,23,0,2025-02-17,2025-02-23,2025,8,SOLDAGEM,HIGH
MAT007,24,0,2025-02-24,2025-03-02,2025,9,SOLDAGEM,HIGH
MAT007,25,0,2025-03-03,2025-03-09,2025,10,SOLDAGEM,HIGH
MAT007,26,0,2025-03-10,2025-03-16,2025,11,SOLDAGEM,HIGH
MAT007,27,0,2025-03-17,2025-03-23,2025,12,SOLDAGEM,HIGH
MAT007,28,0,2025-03-24,2025-03-30,2025,13,SOLDAGEM,HIGH
MAT007,29,0,2025-03-31,2025-04-06,2025,14,SOLDAGEM,HIGH
MAT007,30,7,2025-04-07,2025-04-13,2025,15,SOLDAGEM,HIGH
MAT007,31,0,2025-04-14,2025-04-20,2025,16,SOLDAGEM,HIGH
MAT007,32,0,2025-04-21,2025-04-27,2025,17,SOLDAGEM,HIGH
MAT007,33,0,2025-04-28,2025-05-04,2025,18,SOLDAGEM,HIGH
MAT007,34,0,2025-05-05,2025-05-11,2025,19,SOLDAGEM,HIGH
MAT007,35,3,2025-05-12,2025-05-18,2025,20,SOLDAGEM,HIGH
MAT007,36,0,2025-05-19,2025-05-25,2025,21,SOLDAGEM,HIGH
MAT007,37,0,2025-05-26,2025-06-01,2025,22,SOLDAGEM,HIGH
MAT007,38,0,2025-06-02,2025-06-08,2025,23,SOLDAGEM,HIGH
MAT007,39,0,2025-06-09,2025-06-15,2025,24,SOLDAGEM,HIGH
MAT007,40,4,2025-06-16,2025-06-22,2025,25,SOLDAGEM,HIGH
MAT007,41,0,2025-06-23,2025-06-29,2025,26,SOLDAGEM,HIGH
MAT007,42,10,2025-06-30,2025-07-06,2025,27,SOLDAGEM,HIGH
MAT007,43,6,2025-07-07,2025-07-13,2025,28,SOLDAGEM,HIGH
MAT007,44,0,2025-07-14,2025-07-20,2025,29,SOLDAGEM,HIGH
MAT007,45,3,2025-07-21,2025-07-27,2025,30,SOLDAGEM,HIGH
MAT007,46,0,2025-07-28,2025-08-03,2025,31,SOLDAGEM,HIGH
MAT007,47,0,2025-08-04,2025-08-10,2025,32,SOLDAGEM,HIGH
MAT007,48,0,2025-08-11,2025-08-17,2025,33,SOLDAGEM,HIGH
MAT007,49,11,2025-08-18,2025-08-24,2025,34,SOLDAGEM,HIGH
MAT007,50,0,2025-08-25,2025-08-31,2025,35,SOLDAGEM,HIGH
MAT007,51,4,2025-09-01,2025-09-07,2025,36,SOLDAGEM,HIGH
MAT007,52,0,2025-09-08,2025-09-14,2025,37,SOLDAGEM,HIGH
MAT007,53,4,2025-09-15,2025-09-21,2025,38,SOLDAGEM,HIGH
MAT007,54,2,2025-09-22,2025-09-28,2025,39,SOLDAGEM,HIGH
MAT007,55,3,2025-09-29,2025-10-05,2025,40,SOLDAGEM,HIGH
MAT007,56,0,2025-10-06,2025-10-12,2025,41,SOLDAGEM,HIGH
MAT007,57,0,2025-10-13,2025-10-19,2025,42,SOLDAGEM,HIGH
MAT007,58,0,2025-10-20,2025-10-26,2025,43,SOLDAGEM,HIGH
MAT007,59,0,2025-10-27,2025-11-02,2025,44,SOLDAGEM,HIGH
MAT007,60,0,2025-11-03,2025-11-09,2025,45,SOLDAGEM,HIGH
MAT007,61,0,2025-11-10,2025-11-16,2025,46,SOLDAGEM,HIGH
MAT007,62,0,2025-11-17,2025-11-23,2025,47,SOLDAGEM,HIGH
MAT007,63,5,2025-11-24,2025-11-30,2025,48,SOLDAGEM,HIGH
MAT007,64,6,2025-12-01,2025-12-07,2025,49,SOLDAGEM,HIGH
MAT007,65,3,2025-12-08,2025-12-14,2025,50,SOLDAGEM,HIGH
MAT007,66,0,2025-12-15,2025-12-21,2025,51,SOLDAGEM,HIGH
MAT007,67,0,2025-12-22,2025-12-28,2025,52,SOLDAGEM,HIGH
MAT007,68,6,2025-12-29,2026-01-04,2026,1,SOLDAGEM,HIGH
MAT007,69,0,2026-01-05,2026-01-11,2026,2,SOLDAGEM,HIGH
MAT007,70,0,2026-01-12,2026-01-18,2026,3,SOLDAGEM,HIGH
MAT007,71,0,2026-01-19,2026-01-25,2026,4,SOLDAGEM,HIGH
MAT007,72,4,2026-01-26,2026-02-01,2026,5,SOLDAGEM,HIGH
MAT007,73,7,2026-02-02,2026-02-08,2026,6,SOLDAGEM,HIGH
MAT007,74,0,2026-02-09,2026-02-15,2026,7,SOLDAGEM,HIGH
MAT007,75,0,2026-02-16,2026-02-22,2026,8,SOLDAGEM,HIGH
MAT007,76,0,2026-02-23,2026-03-01,2026,9,SOLDAGEM,HIGH
MAT007,77,10,2026-03-02,2026-03-08,2026,10,SOLDAGEM,HIGH
MAT007,78,0,2026-03-09,2026-03-15,2026,11,SOLDAGEM,HIGH
MAT007,79,0,2026-03-16,2026-03-22,2026,12,SOLDAGEM,HIGH
MAT007,80,0,2026-03-23,2026-03-29,2026,13,SOLDAGEM,HIGH
MAT007,81,0,2026-03-30,2026-04-05,2026,14,SOLDAGEM,HIGH
MAT007,82,0,2026-04-06,2026-04-12,2026,15,SOLDAGEM,HIGH
MAT007,83,0,2026-04-13,2026-04-19,2026,16,SOLDAGEM,HIGH
MAT007,84,0,2026-04-20,2026-04-26,2026,17,SOLDAGEM,HIGH
MAT007,85,0,2026-04-27,2026-05-03,2026,18,SOLDAGEM,HIGH
MAT007,86,4,2026-05-04,2026-05-10,2026,19,SOLDAGEM,HIGH
MAT007,87,0,2026-05-11,2026-05-17,2026,20,SOLDAGEM,HIGH
MAT007,88,0,2026-05-18,2026-05-24,2026,21,SOLDAGEM,HIGH
MAT007,89,7,2026-05-25,2026-05-31,2026,22,SOLDAGEM,HIGH
MAT007,90,0,2026-06-01,2026-06-07,2026,23,SOLDAGEM,HIGH
MAT007,91,0,2026-06-08,2026-06-14,2026,24,SOLDAGEM,HIGH
MAT007,92,9,2026-06-15,2026-06-21,2026,25,SOLDAGEM,HIGH
MAT007,93,7,2026-06-22,2026-06-28,2026,26,SOLDAGEM,HIGH
MAT007,94,0,2026-06-29,2026-07-05,2026,27,SOLDAGEM,HIGH
MAT007,95,0,2026-07-06,2026-07-12,2026,28,SOLDAGEM,HIGH
MAT007,96,0,2026-07-13,2026-07-19,2026,29,SOLDAGEM,HIGH
MAT007,97,3,2026-07-20,2026-07-26,2026,30,SOLDAGEM,HIGH
MAT007,98,0,2026-07-27,2026-08-02,2026,31,SOLDAGEM,HIGH
MAT007,99,0,2026-08-03,2026-08-09,2026,32,SOLDAGEM,HIGH
MAT007,100,0,2026-08-10,2026-08-16,2026,33,SOLDAGEM,HIGH
MAT007,101,0,2026-08-17,2026-08-23,2026,34,SOLDAGEM,HIGH
MAT007,102,0,2026-08-24,2026-08-30,2026,35,SOLDAGEM,HIGH
MAT007,103,0,2026-08-31,2026-09-06,2026,36,SOLDAGEM,HIGH
MAT007,104,0,2026-09-07,2026-09-13,2026,37,SOLDAGEM,HIGH
MAT008,1,8,2024-09-16,2024-09-22,2024,38,SOLDAGEM,LOW
MAT008,2,12,2024-09-23,2024-09-29,2024,39,SOLDAGEM,LOW
MAT008,3,17,2024-09-30,2024-10-06,2024,40,SOLDAGEM,LOW
MAT008,4,12,2024-10-07,2024-10-13,2024,41,SOLDAGEM,LOW
MAT008,5,10,2024-10-14,2024-10-20,2024,42,SOLDAGEM,LOW
MAT008,6,13,2024-10-21,2024-10-27,2024,43,SOLDAGEM,LOW
MAT008,7,8,2024-10-28,2024-11-03,2024,44,SOLDAGEM,LOW
MAT008,8,7,2024-11-04,2024-11-10,2024,45,SOLDAGEM,LOW
MAT008,9,10,2024-11-11,2024-11-17,2024,46,SOLDAGEM,LOW
MAT008,10,14,2024-11-18,2024-11-24,2024,47,SOLDAGEM,LOW
MAT008,11,9,2024-11-25,2024-12-01,2024,48,SOLDAGEM,LOW
MAT008,12,11,2024-12-02,2024-12-08,2024,49,SOLDAGEM,LOW
MAT008,13,7,2024-12-09,2024-12-15,2024,50,SOLDAGEM,LOW
MAT008,14,5,2024-12-16,2024-12-22,2024,51,SOLDAGEM,LOW
MAT008,15,12,2024-12-23,2024-12-29,2024,52,SOLDAGEM,LOW
MAT008,16,5,2024-12-30,2025-01-05,2025,1,SOLDAGEM,LOW
MAT008,17,11,2025-01-06,2025-01-12,2025,2,SOLDAGEM,LOW
MAT008,18,7,2025-01-13,2025-01-19,2025,3,SOLDAGEM,LOW
MAT008,19,6,2025-01-20,2025-01-26,2025,4,SOLDAGEM,LOW
MAT008,20,5,2025-01-27,2025-02-02,2025,5,SOLDAGEM,LOW
MAT008,21,7,2025-02-03,2025-02-09,2025,6,SOLDAGEM,LOW
MAT008,22,5,2025-02-10,2025-02-16,2025,7,SOLDAGEM,LOW
MAT008,23,5,2025-02-17,2025-02-23,2025,8,SOLDAGEM,LOW
MAT008,24,7,2025-02-24,2025-03-02,2025,9,SOLDAGEM,LOW
MAT008,25,2,2025-03-03,2025-03-09,2025,10,SOLDAGEM,LOW
MAT008,26,9,2025-03-10,2025-03-16,2025,11,SOLDAGEM,LOW
MAT008,27,3,2025-03-17,2025-03-23,2025,12,SOLDAGEM,LOW
MAT008,28,2,2025-03-24,2025-03-30,2025,13,SOLDAGEM,LOW
MAT008,29,4,2025-03-31,2025-04-06,2025,14,SOLDAGEM,LOW
MAT008,30,9,2025-04-07,2025-04-13,2025,15,SOLDAGEM,LOW
MAT008,31,5,2025-04-14,2025-04-20,2025,16,SOLDAGEM,LOW
MAT008,32,9,2025-04-21,2025-04-27,2025,17,SOLDAGEM,LOW
MAT008,33,8,2025-04-28,2025-05-04,2025,18,SOLDAGEM,LOW
MAT008,34,8,2025-05-05,2025-05-11,2025,19,SOLDAGEM,LOW
MAT008,35,5,2025-05-12,2025-05-18,2025,20,SOLDAGEM,LOW
MAT008,36,9,2025-05-19,2025-05-25,2025,21,SOLDAGEM,LOW
MAT008,37,12,2025-05-26,2025-06-01,2025,22,SOLDAGEM,LOW
MAT008,38,7,2025-06-02,2025-06-08,2025,23,SOLDAGEM,LOW
MAT008,39,5,2025-06-09,2025-06-15,2025,24,SOLDAGEM,LOW
MAT008,40,8,2025-06-16,2025-06-22,2025,25,SOLDAGEM,LOW
MAT008,41,9,2025-06-23,2025-06-29,2025,26,SOLDAGEM,LOW
MAT008,42,12,2025-06-30,2025-07-06,2025,27,SOLDAGEM,LOW
MAT008,43,14,2025-07-07,2025-07-13,2025,28,SOLDAGEM,LOW
MAT008,44,9,2025-07-14,2025-07-20,2025,29,SOLDAGEM,LOW
MAT008,45,7,2025-07-21,2025-07-27,2025,30,SOLDAGEM,LOW
MAT008,46,11,2025-07-28,2025-08-03,2025,31,SOLDAGEM,LOW
MAT008,47,14,2025-08-04,2025-08-10,2025,32,SOLDAGEM,LOW
MAT008,48,8,2025-08-11,2025-08-17,2025,33,SOLDAGEM,LOW
MAT008,49,9,2025-08-18,2025-08-24,2025,34,SOLDAGEM,LOW
MAT008,50,18,2025-08-25,2025-08-31,2025,35,SOLDAGEM,LOW
MAT008,51,10,2025-09-01,2025-09-07,2025,36,SOLDAGEM,LOW
MAT008,52,14,2025-09-08,2025-09-14,2025,37,SOLDAGEM,LOW
MAT008,53,7,2025-09-15,2025-09-21,2025,38,SOLDAGEM,LOW
MAT008,54,13,2025-09-22,2025-09-28,2025,39,SOLDAGEM,LOW
MAT008,55,11,2025-09-29,2025-10-05,2025,40,SOLDAGEM,LOW
MAT008,56,17,2025-10-06,2025-10-12,2025,41,SOLDAGEM,LOW
MAT008,57,15,2025-10-13,2025-10-19,2025,42,SOLDAGEM,LOW
MAT008,58,13,2025-10-20,2025-10-26,2025,43,SOLDAGEM,LOW
MAT008,59,14,2025-10-27,2025-11-02,2025,44,SOLDAGEM,LOW
MAT008,60,7,2025-11-03,2025-11-09,2025,45,SOLDAGEM,LOW
MAT008,61,3,2025-11-10,2025-11-16,2025,46,SOLDAGEM,LOW
MAT008,62,8,2025-11-17,2025-11-23,2025,47,SOLDAGEM,LOW
MAT008,63,9,2025-11-24,2025-11-30,2025,48,SOLDAGEM,LOW
MAT008,64,11,2025-12-01,2025-12-07,2025,49,SOLDAGEM,LOW
MAT008,65,4,2025-12-08,2025-12-14,2025,50,SOLDAGEM,LOW
MAT008,66,5,2025-12-15,2025-12-21,2025,51,SOLDAGEM,LOW
MAT008,67,3,2025-12-22,2025-12-28,2025,52,SOLDAGEM,LOW
MAT008,68,10,2025-12-29,2026-01-04,2026,1,SOLDAGEM,LOW
MAT008,69,7,2026-01-05,2026-01-11,2026,2,SOLDAGEM,LOW
MAT008,70,10,2026-01-12,2026-01-18,2026,3,SOLDAGEM,LOW
MAT008,71,8,2026-01-19,2026-01-25,2026,4,SOLDAGEM,LOW
MAT008,72,5,2026-01-26,2026-02-01,2026,5,SOLDAGEM,LOW
MAT008,73,6,2026-02-02,2026-02-08,2026,6,SOLDAGEM,LOW
MAT008,74,7,2026-02-09,2026-02-15,2026,7,SOLDAGEM,LOW
MAT008,75,6,2026-02-16,2026-02-22,2026,8,SOLDAGEM,LOW
MAT008,76,3,2026-02-23,2026-03-01,2026,9,SOLDAGEM,LOW
MAT008,77,13,2026-03-02,2026-03-08,2026,10,SOLDAGEM,LOW
MAT008,78,7,2026-03-09,2026-03-15,2026,11,SOLDAGEM,LOW
MAT008,79,5,2026-03-16,2026-03-22,2026,12,SOLDAGEM,LOW
MAT008,80,7,2026-03-23,2026-03-29,2026,13,SOLDAGEM,LOW
MAT008,81,5,2026-03-30,2026-04-05,2026,14,SOLDAGEM,LOW
MAT008,82,8,2026-04-06,2026-04-12,2026,15,SOLDAGEM,LOW
MAT008,83,7,2026-04-13,2026-04-19,2026,16,SOLDAGEM,LOW
MAT008,84,6,2026-04-20,2026-04-26,2026,17,SOLDAGEM,LOW
MAT008,85,6,2026-04-27,2026-05-03,2026,18,SOLDAGEM,LOW
MAT008,86,4,2026-05-04,2026-05-10,2026,19,SOLDAGEM,LOW
MAT008,87,6,2026-05-11,2026-05-17,2026,20,SOLDAGEM,LOW
MAT008,88,11,2026-05-18,2026-05-24,2026,21,SOLDAGEM,LOW
MAT008,89,9,2026-05-25,2026-05-31,2026,22,SOLDAGEM,LOW
MAT008,90,5,2026-06-01,2026-06-07,2026,23,SOLDAGEM,LOW
MAT008,91,15,2026-06-08,2026-06-14,2026,24,SOLDAGEM,LOW
MAT008,92,16,2026-06-15,2026-06-21,2026,25,SOLDAGEM,LOW
MAT008,93,7,2026-06-22,2026-06-28,2026,26,SOLDAGEM,LOW
MAT008,94,6,2026-06-29,2026-07-05,2026,27,SOLDAGEM,LOW
MAT008,95,13,2026-07-06,2026-07-12,2026,28,SOLDAGEM,LOW
MAT008,96,6,2026-07-13,2026-07-19,2026,29,SOLDAGEM,LOW
MAT008,97,15,2026-07-20,2026-07-26,2026,30,SOLDAGEM,LOW
MAT008,98,0,2026-07-27,2026-08-02,2026,31,SOLDAGEM,LOW
MAT008,99,4,2026-08-03,2026-08-09,2026,32,SOLDAGEM,LOW
MAT008,100,8,2026-08-10,2026-08-16,2026,33,SOLDAGEM,LOW
MAT008,101,10,2026-08-17,2026-08-23,2026,34,SOLDAGEM,LOW
MAT008,102,18,2026-08-24,2026-08-30,2026,35,SOLDAGEM,LOW
MAT008,103,7,2026-08-31,2026-09-06,2026,36,SOLDAGEM,LOW
MAT008,104,1,2026-09-07,2026-09-13,2026,37,SOLDAGEM,LOW
MAT009,1,17,2024-09-16,2024-09-22,2024,38,SOLDAGEM,MEDIUM
MAT009,2,23,2024-09-23,2024-09-29,2024,39,SOLDAGEM,MEDIUM
MAT009,3,18,2024-09-30,2024-10-06,2024,40,SOLDAGEM,MEDIUM
MAT009,4,18,2024-10-07,2024-10-13,2024,41,SOLDAGEM,MEDIUM
MAT009,5,21,2024-10-14,2024-10-20,2024,42,SOLDAGEM,MEDIUM
MAT009,6,23,2024-10-21,2024-10-27,2024,43,SOLDAGEM,MEDIUM
MAT009,7,21,2024-10-28,2024-11-03,2024,44,SOLDAGEM,MEDIUM
MAT009,8,21,2024-11-04,2024-11-10,2024,45,SOLDAGEM,MEDIUM
MAT009,9,14,2024-11-11,2024-11-17,2024,46,SOLDAGEM,MEDIUM
MAT009,10,29,2024-11-18,2024-11-24,2024,47,SOLDAGEM,MEDIUM
MAT009,11,29,2024-11-25,2024-12-01,2024,48,SOLDAGEM,MEDIUM
MAT009,12,18,2024-12-02,2024-12-08,2024,49,SOLDAGEM,MEDIUM
MAT009,13,19,2024-12-09,2024-12-15,2024,50,SOLDAGEM,MEDIUM
MAT009,14,31,2024-12-16,2024-12-22,2024,51,SOLDAGEM,MEDIUM
MAT009,15,18,2024-12-23,2024-12-29,2024,52,SOLDAGEM,MEDIUM
MAT009,16,24,2024-12-30,2025-01-05,2025,1,SOLDAGEM,MEDIUM
MAT009,17,18,2025-01-06,2025-01-12,2025,2,SOLDAGEM,MEDIUM
MAT009,18,18,2025-01-13,2025-01-19,2025,3,SOLDAGEM,MEDIUM
MAT009,19,10,2025-01-20,2025-01-26,2025,4,SOLDAGEM,MEDIUM
MAT009,20,17,2025-01-27,2025-02-02,2025,5,SOLDAGEM,MEDIUM
MAT009,21,18,2025-02-03,2025-02-09,2025,6,SOLDAGEM,MEDIUM
MAT009,22,14,2025-02-10,2025-02-16,2025,7,SOLDAGEM,MEDIUM
MAT009,23,21,2025-02-17,2025-02-23,2025,8,SOLDAGEM,MEDIUM
MAT009,24,28,2025-02-24,2025-03-02,2025,9,SOLDAGEM,MEDIUM
MAT009,25,22,2025-03-03,2025-03-09,2025,10,SOLDAGEM,MEDIUM
MAT009,26,22,2025-03-10,2025-03-16,2025,11,SOLDAGEM,MEDIUM
MAT009,27,18,2025-03-17,2025-03-23,2025,12,SOLDAGEM,MEDIUM
MAT009,28,21,2025-03-24,2025-03-30,2025,13,SOLDAGEM,MEDIUM
MAT009,29,33,2025-03-31,2025-04-06,2025,14,SOLDAGEM,MEDIUM
MAT009,30,19,2025-04-07,2025-04-13,2025,15,SOLDAGEM,MEDIUM
MAT009,31,22,2025-04-14,2025-04-20,2025,16,SOLDAGEM,MEDIUM
MAT009,32,23,2025-04-21,2025-04-27,2025,17,SOLDAGEM,MEDIUM
MAT009,33,24,2025-04-28,2025-05-04,2025,18,SOLDAGEM,MEDIUM
MAT009,34,28,2025-05-05,2025-05-11,2025,19,SOLDAGEM,MEDIUM
MAT009,35,27,2025-05-12,2025-05-18,2025,20,SOLDAGEM,MEDIUM
MAT009,36,21,2025-05-19,2025-05-25,2025,21,SOLDAGEM,MEDIUM
MAT009,37,17,2025-05-26,2025-06-01,2025,22,SOLDAGEM,MEDIUM
MAT009,38,22,2025-06-02,2025-06-08,2025,23,SOLDAGEM,MEDIUM
MAT009,39,35,2025-06-09,2025-06-15,2025,24,SOLDAGEM,MEDIUM
MAT009,40,30,2025-06-16,2025-06-22,2025,25,SOLDAGEM,MEDIUM
MAT009,41,22,2025-06-23,2025-06-29,2025,26,SOLDAGEM,MEDIUM
MAT009,42,24,2025-06-30,2025-07-06,2025,27,SOLDAGEM,MEDIUM
MAT009,43,42,2025-07-07,2025-07-13,2025,28,SOLDAGEM,MEDIUM
MAT009,44,39,2025-07-14,2025-07-20,2025,29,SOLDAGEM,MEDIUM
MAT009,45,22,2025-07-21,2025-07-27,2025,30,SOLDAGEM,MEDIUM
MAT009,46,29,2025-07-28,2025-08-03,2025,31,SOLDAGEM,MEDIUM
MAT009,47,30,2025-08-04,2025-08-10,2025,32,SOLDAGEM,MEDIUM
MAT009,48,38,2025-08-11,2025-08-17,2025,33,SOLDAGEM,MEDIUM
MAT009,49,24,2025-08-18,2025-08-24,2025,34,SOLDAGEM,MEDIUM
MAT009,50,23,2025-08-25,2025-08-31,2025,35,SOLDAGEM,MEDIUM
MAT009,51,34,2025-09-01,2025-09-07,2025,36,SOLDAGEM,MEDIUM
MAT009,52,33,2025-09-08,2025-09-14,2025,37,SOLDAGEM,MEDIUM
MAT009,53,31,2025-09-15,2025-09-21,2025,38,SOLDAGEM,MEDIUM
MAT009,54,24,2025-09-22,2025-09-28,2025,39,SOLDAGEM,MEDIUM
MAT009,55,37,2025-09-29,2025-10-05,2025,40,SOLDAGEM,MEDIUM
MAT009,56,31,2025-10-06,2025-10-12,2025,41,SOLDAGEM,MEDIUM
MAT009,57,26,2025-10-13,2025-10-19,2025,42,SOLDAGEM,MEDIUM
MAT009,58,30,2025-10-20,2025-10-26,2025,43,SOLDAGEM,MEDIUM
MAT009,59,29,2025-10-27,2025-11-02,2025,44,SOLDAGEM,MEDIUM
MAT009,60,26,2025-11-03,2025-11-09,2025,45,SOLDAGEM,MEDIUM
MAT009,61,25,2025-11-10,2025-11-16,2025,46,SOLDAGEM,MEDIUM
MAT009,62,22,2025-11-17,2025-11-23,2025,47,SOLDAGEM,MEDIUM
MAT009,63,30,2025-11-24,2025-11-30,2025,48,SOLDAGEM,MEDIUM
MAT009,64,20,2025-12-01,2025-12-07,2025,49,SOLDAGEM,MEDIUM
MAT009,65,30,2025-12-08,2025-12-14,2025,50,SOLDAGEM,MEDIUM
MAT009,66,31,2025-12-15,2025-12-21,2025,51,SOLDAGEM,MEDIUM
MAT009,67,27,2025-12-22,2025-12-28,2025,52,SOLDAGEM,MEDIUM
MAT009,68,19,2025-12-29,2026-01-04,2026,1,SOLDAGEM,MEDIUM
MAT009,69,30,2026-01-05,2026-01-11,2026,2,SOLDAGEM,MEDIUM
MAT009,70,17,2026-01-12,2026-01-18,2026,3,SOLDAGEM,MEDIUM
MAT009,71,24,2026-01-19,2026-01-25,2026,4,SOLDAGEM,MEDIUM
MAT009,72,17,2026-01-26,2026-02-01,2026,5,SOLDAGEM,MEDIUM
MAT009,73,26,2026-02-02,2026-02-08,2026,6,SOLDAGEM,MEDIUM
MAT009,74,34,2026-02-09,2026-02-15,2026,7,SOLDAGEM,MEDIUM
MAT009,75,25,2026-02-16,2026-02-22,2026,8,SOLDAGEM,MEDIUM
MAT009,76,25,2026-02-23,2026-03-01,2026,9,SOLDAGEM,MEDIUM
MAT009,77,24,2026-03-02,2026-03-08,2026,10,SOLDAGEM,MEDIUM
MAT009,78,28,2026-03-09,2026-03-15,2026,11,SOLDAGEM,MEDIUM
MAT009,79,36,2026-03-16,2026-03-22,2026,12,SOLDAGEM,MEDIUM
MAT009,80,20,2026-03-23,2026-03-29,2026,13,SOLDAGEM,MEDIUM
MAT009,81,31,2026-03-30,2026-04-05,2026,14,SOLDAGEM,MEDIUM
MAT009,82,26,2026-04-06,2026-04-12,2026,15,SOLDAGEM,MEDIUM
MAT009,83,21,2026-04-13,2026-04-19,2026,16,SOLDAGEM,MEDIUM
MAT009,84,43,2026-04-20,2026-04-26,2026,17,SOLDAGEM,MEDIUM
MAT009,85,28,2026-04-27,2026-05-03,2026,18,SOLDAGEM,MEDIUM
MAT009,86,40,2026-05-04,2026-05-10,2026,19,SOLDAGEM,MEDIUM
MAT009,87,26,2026-05-11,2026-05-17,2026,20,SOLDAGEM,MEDIUM
MAT009,88,36,2026-05-18,2026-05-24,2026,21,SOLDAGEM,MEDIUM
MAT009,89,41,2026-05-25,2026-05-31,2026,22,SOLDAGEM,MEDIUM
MAT009,90,34,2026-06-01,2026-06-07,2026,23,SOLDAGEM,MEDIUM
MAT009,91,38,2026-06-08,2026-06-14,2026,24,SOLDAGEM,MEDIUM
MAT009,92,49,2026-06-15,2026-06-21,2026,25,SOLDAGEM,MEDIUM
MAT009,93,36,2026-06-22,2026-06-28,2026,26,SOLDAGEM,MEDIUM
MAT009,94,50,2026-06-29,2026-07-05,2026,27,SOLDAGEM,MEDIUM
MAT009,95,33,2026-07-06,2026-07-12,2026,28,SOLDAGEM,MEDIUM
MAT009,96,33,2026-07-13,2026-07-19,2026,29,SOLDAGEM,MEDIUM
MAT009,97,19,2026-07-20,2026-07-26,2026,30,SOLDAGEM,MEDIUM
MAT009,98,44,2026-07-27,2026-08-02,2026,31,SOLDAGEM,MEDIUM
MAT009,99,32,2026-08-03,2026-08-09,2026,32,SOLDAGEM,MEDIUM
MAT009,100,31,2026-08-10,2026-08-16,2026,33,SOLDAGEM,MEDIUM
MAT009,101,45,2026-08-17,2026-08-23,2026,34,SOLDAGEM,MEDIUM
MAT009,102,34,2026-08-24,2026-08-30,2026,35,SOLDAGEM,MEDIUM
MAT009,103,30,2026-08-31,2026-09-06,2026,36,SOLDAGEM,MEDIUM
MAT009,104,31,2026-09-07,2026-09-13,2026,37,SOLDAGEM,MEDIUM
MAT010,1,37,2024-09-16,2024-09-22,2024,38,SOLDAGEM,MEDIUM
MAT010,2,34,2024-09-23,2024-09-29,2024,39,SOLDAGEM,MEDIUM
MAT010,3,27,2024-09-30,2024-10-06,2024,40,SOLDAGEM,MEDIUM
MAT010,4,31,2024-10-07,2024-10-13,2024,41,SOLDAGEM,MEDIUM
MAT010,5,25,2024-10-14,2024-10-20,2024,42,SOLDAGEM,MEDIUM
MAT010,6,36,2024-10-21,2024-10-27,2024,43,SOLDAGEM,MEDIUM
MAT010,7,37,2024-10-28,2024-11-03,2024,44,SOLDAGEM,MEDIUM
MAT010,8,34,2024-11-04,2024-11-10,2024,45,SOLDAGEM,MEDIUM
MAT010,9,28,2024-11-11,2024-11-17,2024,46,SOLDAGEM,MEDIUM
MAT010,10,27,2024-11-18,2024-11-24,2024,47,SOLDAGEM,MEDIUM
MAT010,11,22,2024-11-25,2024-12-01,2024,48,SOLDAGEM,MEDIUM
MAT010,12,27,2024-12-02,2024-12-08,2024,49,SOLDAGEM,MEDIUM
MAT010,13,28,2024-12-09,2024-12-15,2024,50,SOLDAGEM,MEDIUM
MAT010,14,34,2024-12-16,2024-12-22,2024,51,SOLDAGEM,MEDIUM
MAT010,15,24,2024-12-23,2024-12-29,2024,52,SOLDAGEM,MEDIUM
MAT010,16,39,2024-12-30,2025-01-05,2025,1,SOLDAGEM,MEDIUM
MAT010,17,31,2025-01-06,2025-01-12,2025,2,SOLDAGEM,MEDIUM
MAT010,18,13,2025-01-13,2025-01-19,2025,3,SOLDAGEM,MEDIUM
MAT010,19,33,2025-01-20,2025-01-26,2025,4,SOLDAGEM,MEDIUM
MAT010,20,30,2025-01-27,2025-02-02,2025,5,SOLDAGEM,MEDIUM
MAT010,21,31,2025-02-03,2025-02-09,2025,6,SOLDAGEM,MEDIUM
MAT010,22,26,2025-02-10,2025-02-16,2025,7,SOLDAGEM,MEDIUM
MAT010,23,28,2025-02-17,2025-02-23,2025,8,SOLDAGEM,MEDIUM
MAT010,24,32,2025-02-24,2025-03-02,2025,9,SOLDAGEM,MEDIUM
MAT010,25,29,2025-03-03,2025-03-09,2025,10,SOLDAGEM,MEDIUM
MAT010,26,18,2025-03-10,2025-03-16,2025,11,SOLDAGEM,MEDIUM
MAT010,27,24,2025-03-17,2025-03-23,2025,12,SOLDAGEM,MEDIUM
MAT010,28,23,2025-03-24,2025-03-30,2025,13,SOLDAGEM,MEDIUM
MAT010,29,36,2025-03-31,2025-04-06,2025,14,SOLDAGEM,MEDIUM
MAT010,30,21,2025-04-07,2025-04-13,2025,15,SOLDAGEM,MEDIUM
MAT010,31,42,2025-04-14,2025-04-20,2025,16,SOLDAGEM,MEDIUM
MAT010,32,30,2025-04-21,2025-04-27,2025,17,SOLDAGEM,MEDIUM
MAT010,33,22,2025-04-28,2025-05-04,2025,18,SOLDAGEM,MEDIUM
MAT010,34,31,2025-05-05,2025-05-11,2025,19,SOLDAGEM,MEDIUM
MAT010,35,23,2025-05-12,2025-05-18,2025,20,SOLDAGEM,MEDIUM
MAT010,36,34,2025-05-19,2025-05-25,2025,21,SOLDAGEM,MEDIUM
MAT010,37,40,2025-05-26,2025-06-01,2025,22,SOLDAGEM,MEDIUM
MAT010,38,34,2025-06-02,2025-06-08,2025,23,SOLDAGEM,MEDIUM
MAT010,39,28,2025-06-09,2025-06-15,2025,24,SOLDAGEM,MEDIUM
MAT010,40,30,2025-06-16,2025-06-22,2025,25,SOLDAGEM,MEDIUM
MAT010,41,37,2025-06-23,2025-06-29,2025,26,SOLDAGEM,MEDIUM
MAT010,42,35,2025-06-30,2025-07-06,2025,27,SOLDAGEM,MEDIUM
MAT010,43,24,2025-07-07,2025-07-13,2025,28,SOLDAGEM,MEDIUM
MAT010,44,23,2025-07-14,2025-07-20,2025,29,SOLDAGEM,MEDIUM
MAT010,45,19,2025-07-21,2025-07-27,2025,30,SOLDAGEM,MEDIUM
MAT010,46,45,2025-07-28,2025-08-03,2025,31,SOLDAGEM,MEDIUM
MAT010,47,40,2025-08-04,2025-08-10,2025,32,SOLDAGEM,MEDIUM
MAT010,48,38,2025-08-11,2025-08-17,2025,33,SOLDAGEM,MEDIUM
MAT010,49,34,2025-08-18,2025-08-24,2025,34,SOLDAGEM,MEDIUM
MAT010,50,38,2025-08-25,2025-08-31,2025,35,SOLDAGEM,MEDIUM
MAT010,51,37,2025-09-01,2025-09-07,2025,36,SOLDAGEM,MEDIUM
MAT010,52,36,2025-09-08,2025-09-14,2025,37,SOLDAGEM,MEDIUM
MAT010,53,32,2025-09-15,2025-09-21,2025,38,SOLDAGEM,MEDIUM
MAT010,54,23,2025-09-22,2025-09-28,2025,39,SOLDAGEM,MEDIUM
MAT010,55,41,2025-09-29,2025-10-05,2025,40,SOLDAGEM,MEDIUM
MAT010,56,38,2025-10-06,2025-10-12,2025,41,SOLDAGEM,MEDIUM
MAT010,57,28,2025-10-13,2025-10-19,2025,42,SOLDAGEM,MEDIUM
MAT010,58,31,2025-10-20,2025-10-26,2025,43,SOLDAGEM,MEDIUM
MAT010,59,33,2025-10-27,2025-11-02,2025,44,SOLDAGEM,MEDIUM
MAT010,60,19,2025-11-03,2025-11-09,2025,45,SOLDAGEM,MEDIUM
MAT010,61,33,2025-11-10,2025-11-16,2025,46,SOLDAGEM,MEDIUM
MAT010,62,30,2025-11-17,2025-11-23,2025,47,SOLDAGEM,MEDIUM
MAT010,63,18,2025-11-24,2025-11-30,2025,48,SOLDAGEM,MEDIUM
MAT010,64,42,2025-12-01,2025-12-07,2025,49,SOLDAGEM,MEDIUM
MAT010,65,29,2025-12-08,2025-12-14,2025,50,SOLDAGEM,MEDIUM
MAT010,66,40,2025-12-15,2025-12-21,2025,51,SOLDAGEM,MEDIUM
MAT010,67,37,2025-12-22,2025-12-28,2025,52,SOLDAGEM,MEDIUM
MAT010,68,31,2025-12-29,2026-01-04,2026,1,SOLDAGEM,MEDIUM
MAT010,69,28,2026-01-05,2026-01-11,2026,2,SOLDAGEM,MEDIUM
MAT010,70,24,2026-01-12,2026-01-18,2026,3,SOLDAGEM,MEDIUM
MAT010,71,17,2026-01-19,2026-01-25,2026,4,SOLDAGEM,MEDIUM
MAT010,72,33,2026-01-26,2026-02-01,2026,5,SOLDAGEM,MEDIUM
MAT010,73,35,2026-02-02,2026-02-08,2026,6,SOLDAGEM,MEDIUM
MAT010,74,20,2026-02-09,2026-02-15,2026,7,SOLDAGEM,MEDIUM
MAT010,75,42,2026-02-16,2026-02-22,2026,8,SOLDAGEM,MEDIUM
MAT010,76,21,2026-02-23,2026-03-01,2026,9,SOLDAGEM,MEDIUM
MAT010,77,33,2026-03-02,2026-03-08,2026,10,SOLDAGEM,MEDIUM
MAT010,78,30,2026-03-09,2026-03-15,2026,11,SOLDAGEM,MEDIUM
MAT010,79,31,2026-03-16,2026-03-22,2026,12,SOLDAGEM,MEDIUM
MAT010,80,45,2026-03-23,2026-03-29,2026,13,SOLDAGEM,MEDIUM
MAT010,81,45,2026-03-30,2026-04-05,2026,14,SOLDAGEM,MEDIUM
MAT010,82,24,2026-04-06,2026-04-12,2026,15,SOLDAGEM,MEDIUM
MAT010,83,33,2026-04-13,2026-04-19,2026,16,SOLDAGEM,MEDIUM
MAT010,84,27,2026-04-20,2026-04-26,2026,17,SOLDAGEM,MEDIUM
MAT010,85,48,2026-04-27,2026-05-03,2026,18,SOLDAGEM,MEDIUM
MAT010,86,41,2026-05-04,2026-05-10,2026,19,SOLDAGEM,MEDIUM
MAT010,87,41,2026-05-11,2026-05-17,2026,20,SOLDAGEM,MEDIUM
MAT010,88,35,2026-05-18,2026-05-24,2026,21,SOLDAGEM,MEDIUM
MAT010,89,26,2026-05-25,2026-05-31,2026,22,SOLDAGEM,MEDIUM
MAT010,90,31,2026-06-01,2026-06-07,2026,23,SOLDAGEM,MEDIUM
MAT010,91,39,2026-06-08,2026-06-14,2026,24,SOLDAGEM,MEDIUM
MAT010,92,28,2026-06-15,2026-06-21,2026,25,SOLDAGEM,MEDIUM
MAT010,93,23,2026-06-22,2026-06-28,2026,26,SOLDAGEM,MEDIUM
MAT010,94,45,2026-06-29,2026-07-05,2026,27,SOLDAGEM,MEDIUM
MAT010,95,35,2026-07-06,2026-07-12,2026,28,SOLDAGEM,MEDIUM
MAT010,96,29,2026-07-13,2026-07-19,2026,29,SOLDAGEM,MEDIUM
MAT010,97,40,2026-07-20,2026-07-26,2026,30,SOLDAGEM,MEDIUM
MAT010,98,18,2026-07-27,2026-08-02,2026,31,SOLDAGEM,MEDIUM
MAT010,99,28,2026-08-03,2026-08-09,2026,32,SOLDAGEM,MEDIUM
MAT010,100,40,2026-08-10,2026-08-16,2026,33,SOLDAGEM,MEDIUM
MAT010,101,32,2026-08-17,2026-08-23,2026,34,SOLDAGEM,MEDIUM
MAT010,102,32,2026-08-24,2026-08-30,2026,35,SOLDAGEM,MEDIUM
MAT010,103,30,2026-08-31,2026-09-06,2026,36,SOLDAGEM,MEDIUM
MAT010,104,27,2026-09-07,2026-09-13,2026,37,SOLDAGEM,MEDIUM
MAT011,1,42,2024-09-16,2024-09-22,2024,38,SOLDAGEM,MEDIUM
MAT011,2,56,2024-09-23,2024-09-29,2024,39,SOLDAGEM,MEDIUM
MAT011,3,38,2024-09-30,2024-10-06,2024,40,SOLDAGEM,MEDIUM
MAT011,4,44,2024-10-07,2024-10-13,2024,41,SOLDAGEM,MEDIUM
MAT011,5,45,2024-10-14,2024-10-20,2024,42,SOLDAGEM,MEDIUM
MAT011,6,39,2024-10-21,2024-10-27,2024,43,SOLDAGEM,MEDIUM
MAT011,7,56,2024-10-28,2024-11-03,2024,44,SOLDAGEM,MEDIUM
MAT011,8,62,2024-11-04,2024-11-10,2024,45,SOLDAGEM,MEDIUM
MAT011,9,49,2024-11-11,2024-11-17,2024,46,SOLDAGEM,MEDIUM
MAT011,10,40,2024-11-18,2024-11-24,2024,47,SOLDAGEM,MEDIUM
MAT011,11,45,2024-11-25,2024-12-01,2024,48,SOLDAGEM,MEDIUM
MAT011,12,60,2024-12-02,2024-12-08,2024,49,SOLDAGEM,MEDIUM
MAT011,13,60,2024-12-09,2024-12-15,2024,50,SOLDAGEM,MEDIUM
MAT011,14,58,2024-12-16,2024-12-22,2024,51,SOLDAGEM,MEDIUM
MAT011,15,67,2024-12-23,2024-12-29,2024,52,SOLDAGEM,MEDIUM
MAT011,16,66,2024-12-30,2025-01-05,2025,1,SOLDAGEM,MEDIUM
MAT011,17,74,2025-01-06,2025-01-12,2025,2,SOLDAGEM,MEDIUM
MAT011,18,68,2025-01-13,2025-01-19,2025,3,SOLDAGEM,MEDIUM
MAT011,19,76,2025-01-20,2025-01-26,2025,4,SOLDAGEM,MEDIUM
MAT011,20,64,2025-01-27,2025-02-02,2025,5,SOLDAGEM,MEDIUM
MAT011,21,91,2025-02-03,2025-02-09,2025,6,SOLDAGEM,MEDIUM
MAT011,22,67,2025-02-10,2025-02-16,2025,7,SOLDAGEM,MEDIUM
MAT011,23,52,2025-02-17,2025-02-23,2025,8,SOLDAGEM,MEDIUM
MAT011,24,54,2025-02-24,2025-03-02,2025,9,SOLDAGEM,MEDIUM
MAT011,25,96,2025-03-03,2025-03-09,2025,10,SOLDAGEM,MEDIUM
MAT011,26,77,2025-03-10,2025-03-16,2025,11,SOLDAGEM,MEDIUM
MAT011,27,78,2025-03-17,2025-03-23,2025,12,SOLDAGEM,MEDIUM
MAT011,28,55,2025-03-24,2025-03-30,2025,13,SOLDAGEM,MEDIUM
MAT011,29,87,2025-03-31,2025-04-06,2025,14,SOLDAGEM,MEDIUM
MAT011,30,100,2025-04-07,2025-04-13,2025,15,SOLDAGEM,MEDIUM
MAT011,31,97,2025-04-14,2025-04-20,2025,16,SOLDAGEM,MEDIUM
MAT011,32,89,2025-04-21,2025-04-27,2025,17,SOLDAGEM,MEDIUM
MAT011,33,90,2025-04-28,2025-05-04,2025,18,SOLDAGEM,MEDIUM
MAT011,34,54,2025-05-05,2025-05-11,2025,19,SOLDAGEM,MEDIUM
MAT011,35,109,2025-05-12,2025-05-18,2025,20,SOLDAGEM,MEDIUM
MAT011,36,76,2025-05-19,2025-05-25,2025,21,SOLDAGEM,MEDIUM
MAT011,37,73,2025-05-26,2025-06-01,2025,22,SOLDAGEM,MEDIUM
MAT011,38,89,2025-06-02,2025-06-08,2025,23,SOLDAGEM,MEDIUM
MAT011,39,62,2025-06-09,2025-06-15,2025,24,SOLDAGEM,MEDIUM
MAT011,40,65,2025-06-16,2025-06-22,2025,25,SOLDAGEM,MEDIUM
MAT011,41,39,2025-06-23,2025-06-29,2025,26,SOLDAGEM,MEDIUM
MAT011,42,77,2025-06-30,2025-07-06,2025,27,SOLDAGEM,MEDIUM
MAT011,43,66,2025-07-07,2025-07-13,2025,28,SOLDAGEM,MEDIUM
MAT011,44,67,2025-07-14,2025-07-20,2025,29,SOLDAGEM,MEDIUM
MAT011,45,77,2025-07-21,2025-07-27,2025,30,SOLDAGEM,MEDIUM
MAT011,46,61,2025-07-28,2025-08-03,2025,31,SOLDAGEM,MEDIUM
MAT011,47,71,2025-08-04,2025-08-10,2025,32,SOLDAGEM,MEDIUM
MAT011,48,47,2025-08-11,2025-08-17,2025,33,SOLDAGEM,MEDIUM
MAT011,49,73,2025-08-18,2025-08-24,2025,34,SOLDAGEM,MEDIUM
MAT011,50,62,2025-08-25,2025-08-31,2025,35,SOLDAGEM,MEDIUM
MAT011,51,53,2025-09-01,2025-09-07,2025,36,SOLDAGEM,MEDIUM
MAT011,52,71,2025-09-08,2025-09-14,2025,37,SOLDAGEM,MEDIUM
MAT011,53,51,2025-09-15,2025-09-21,2025,38,SOLDAGEM,MEDIUM
MAT011,54,44,2025-09-22,2025-09-28,2025,39,SOLDAGEM,MEDIUM
MAT011,55,51,2025-09-29,2025-10-05,2025,40,SOLDAGEM,MEDIUM
MAT011,56,39,2025-10-06,2025-10-12,2025,41,SOLDAGEM,MEDIUM
MAT011,57,56,2025-10-13,2025-10-19,2025,42,SOLDAGEM,MEDIUM
MAT011,58,40,2025-10-20,2025-10-26,2025,43,SOLDAGEM,MEDIUM
MAT011,59,52,2025-10-27,2025-11-02,2025,44,SOLDAGEM,MEDIUM
MAT011,60,50,2025-11-03,2025-11-09,2025,45,SOLDAGEM,MEDIUM
MAT011,61,40,2025-11-10,2025-11-16,2025,46,SOLDAGEM,MEDIUM
MAT011,62,55,2025-11-17,2025-11-23,2025,47,SOLDAGEM,MEDIUM
MAT011,63,40,2025-11-24,2025-11-30,2025,48,SOLDAGEM,MEDIUM
MAT011,64,49,2025-12-01,2025-12-07,2025,49,SOLDAGEM,MEDIUM
MAT011,65,56,2025-12-08,2025-12-14,2025,50,SOLDAGEM,MEDIUM
MAT011,66,53,2025-12-15,2025-12-21,2025,51,SOLDAGEM,MEDIUM
MAT011,67,44,2025-12-22,2025-12-28,2025,52,SOLDAGEM,MEDIUM
MAT011,68,68,2025-12-29,2026-01-04,2026,1,SOLDAGEM,MEDIUM
MAT011,69,83,2026-01-05,2026-01-11,2026,2,SOLDAGEM,MEDIUM
MAT011,70,73,2026-01-12,2026-01-18,2026,3,SOLDAGEM,MEDIUM
MAT011,71,48,2026-01-19,2026-01-25,2026,4,SOLDAGEM,MEDIUM
MAT011,72,49,2026-01-26,2026-02-01,2026,5,SOLDAGEM,MEDIUM
MAT011,73,52,2026-02-02,2026-02-08,2026,6,SOLDAGEM,MEDIUM
MAT011,74,56,2026-02-09,2026-02-15,2026,7,SOLDAGEM,MEDIUM
MAT011,75,71,2026-02-16,2026-02-22,2026,8,SOLDAGEM,MEDIUM
MAT011,76,80,2026-02-23,2026-03-01,2026,9,SOLDAGEM,MEDIUM
MAT011,77,87,2026-03-02,2026-03-08,2026,10,SOLDAGEM,MEDIUM
MAT011,78,91,2026-03-09,2026-03-15,2026,11,SOLDAGEM,MEDIUM
MAT011,79,70,2026-03-16,2026-03-22,2026,12,SOLDAGEM,MEDIUM
MAT011,80,93,2026-03-23,2026-03-29,2026,13,SOLDAGEM,MEDIUM
MAT011,81,100,2026-03-30,2026-04-05,2026,14,SOLDAGEM,MEDIUM
MAT011,82,105,2026-04-06,2026-04-12,2026,15,SOLDAGEM,MEDIUM
MAT011,83,94,2026-04-13,2026-04-19,2026,16,SOLDAGEM,MEDIUM
MAT011,84,103,2026-04-20,2026-04-26,2026,17,SOLDAGEM,MEDIUM
MAT011,85,118,2026-04-27,2026-05-03,2026,18,SOLDAGEM,MEDIUM
MAT011,86,97,2026-05-04,2026-05-10,2026,19,SOLDAGEM,MEDIUM
MAT011,87,96,2026-05-11,2026-05-17,2026,20,SOLDAGEM,MEDIUM
MAT011,88,100,2026-05-18,2026-05-24,2026,21,SOLDAGEM,MEDIUM
MAT011,89,76,2026-05-25,2026-05-31,2026,22,SOLDAGEM,MEDIUM
MAT011,90,70,2026-06-01,2026-06-07,2026,23,SOLDAGEM,MEDIUM
MAT011,91,80,2026-06-08,2026-06-14,2026,24,SOLDAGEM,MEDIUM
MAT011,92,79,2026-06-15,2026-06-21,2026,25,SOLDAGEM,MEDIUM
MAT011,93,78,2026-06-22,2026-06-28,2026,26,SOLDAGEM,MEDIUM
MAT011,94,67,2026-06-29,2026-07-05,2026,27,SOLDAGEM,MEDIUM
MAT011,95,55,2026-07-06,2026-07-12,2026,28,SOLDAGEM,MEDIUM
MAT011,96,56,2026-07-13,2026-07-19,2026,29,SOLDAGEM,MEDIUM
MAT011,97,57,2026-07-20,2026-07-26,2026,30,SOLDAGEM,MEDIUM
MAT011,98,75,2026-07-27,2026-08-02,2026,31,SOLDAGEM,MEDIUM
MAT011,99,71,2026-08-03,2026-08-09,2026,32,SOLDAGEM,MEDIUM
MAT011,100,84,2026-08-10,2026-08-16,2026,33,SOLDAGEM,MEDIUM
MAT011,101,63,2026-08-17,2026-08-23,2026,34,SOLDAGEM,MEDIUM
MAT011,102,68,2026-08-24,2026-08-30,2026,35,SOLDAGEM,MEDIUM
MAT011,103,61,2026-08-31,2026-09-06,2026,36,SOLDAGEM,MEDIUM
MAT011,104,55,2026-09-07,2026-09-13,2026,37,SOLDAGEM,MEDIUM
MAT012,1,0,2024-09-16,2024-09-22,2024,38,SOLDAGEM,HIGH
MAT012,2,11,2024-09-23,2024-09-29,2024,39,SOLDAGEM,HIGH
MAT012,3,0,2024-09-30,2024-10-06,2024,40,SOLDAGEM,HIGH
MAT012,4,0,2024-10-07,2024-10-13,2024,41,SOLDAGEM,HIGH
MAT012,5,0,2024-10-14,2024-10-20,2024,42,SOLDAGEM,HIGH
MAT012,6,0,2024-10-21,2024-10-27,2024,43,SOLDAGEM,HIGH
MAT012,7,0,2024-10-28,2024-11-03,2024,44,SOLDAGEM,HIGH
MAT012,8,0,2024-11-04,2024-11-10,2024,45,SOLDAGEM,HIGH
MAT012,9,0,2024-11-11,2024-11-17,2024,46,SOLDAGEM,HIGH
MAT012,10,0,2024-11-18,2024-11-24,2024,47,SOLDAGEM,HIGH
MAT012,11,0,2024-11-25,2024-12-01,2024,48,SOLDAGEM,HIGH
MAT012,12,0,2024-12-02,2024-12-08,2024,49,SOLDAGEM,HIGH
MAT012,13,0,2024-12-09,2024-12-15,2024,50,SOLDAGEM,HIGH
MAT012,14,6,2024-12-16,2024-12-22,2024,51,SOLDAGEM,HIGH
MAT012,15,8,2024-12-23,2024-12-29,2024,52,SOLDAGEM,HIGH
MAT012,16,9,2024-12-30,2025-01-05,2025,1,SOLDAGEM,HIGH
MAT012,17,10,2025-01-06,2025-01-12,2025,2,SOLDAGEM,HIGH
MAT012,18,5,2025-01-13,2025-01-19,2025,3,SOLDAGEM,HIGH
MAT012,19,0,2025-01-20,2025-01-26,2025,4,SOLDAGEM,HIGH
MAT012,20,0,2025-01-27,2025-02-02,2025,5,SOLDAGEM,HIGH
MAT012,21,0,2025-02-03,2025-02-09,2025,6,SOLDAGEM,HIGH
MAT012,22,0,2025-02-10,2025-02-16,2025,7,SOLDAGEM,HIGH
MAT012,23,0,2025-02-17,2025-02-23,2025,8,SOLDAGEM,HIGH
MAT012,24,0,2025-02-24,2025-03-02,2025,9,SOLDAGEM,HIGH
MAT012,25,0,2025-03-03,2025-03-09,2025,10,SOLDAGEM,HIGH
MAT012,26,0,2025-03-10,2025-03-16,2025,11,SOLDAGEM,HIGH
MAT012,27,0,2025-03-17,2025-03-23,2025,12,SOLDAGEM,HIGH
MAT012,28,0,2025-03-24,2025-03-30,2025,13,SOLDAGEM,HIGH
MAT012,29,0,2025-03-31,2025-04-06,2025,14,SOLDAGEM,HIGH
MAT012,30,9,2025-04-07,2025-04-13,2025,15,SOLDAGEM,HIGH
MAT012,31,0,2025-04-14,2025-04-20,2025,16,SOLDAGEM,HIGH
MAT012,32,0,2025-04-21,2025-04-27,2025,17,SOLDAGEM,HIGH
MAT012,33,0,2025-04-28,2025-05-04,2025,18,SOLDAGEM,HIGH
MAT012,34,0,2025-05-05,2025-05-11,2025,19,SOLDAGEM,HIGH
MAT012,35,5,2025-05-12,2025-05-18,2025,20,SOLDAGEM,HIGH
MAT012,36,0,2025-05-19,2025-05-25,2025,21,SOLDAGEM,HIGH
MAT012,37,10,2025-05-26,2025-06-01,2025,22,SOLDAGEM,HIGH
MAT012,38,0,2025-06-02,2025-06-08,2025,23,SOLDAGEM,HIGH
MAT012,39,13,2025-06-09,2025-06-15,2025,24,SOLDAGEM,HIGH
MAT012,40,0,2025-06-16,2025-06-22,2025,25,SOLDAGEM,HIGH
MAT012,41,11,2025-06-23,2025-06-29,2025,26,SOLDAGEM,HIGH
MAT012,42,0,2025-06-30,2025-07-06,2025,27,SOLDAGEM,HIGH
MAT012,43,15,2025-07-07,2025-07-13,2025,28,SOLDAGEM,HIGH
MAT012,44,0,2025-07-14,2025-07-20,2025,29,SOLDAGEM,HIGH
MAT012,45,6,2025-07-21,2025-07-27,2025,30,SOLDAGEM,HIGH
MAT012,46,0,2025-07-28,2025-08-03,2025,31,SOLDAGEM,HIGH
MAT012,47,0,2025-08-04,2025-08-10,2025,32,SOLDAGEM,HIGH
MAT012,48,0,2025-08-11,2025-08-17,2025,33,SOLDAGEM,HIGH
MAT012,49,23,2025-08-18,2025-08-24,2025,34,SOLDAGEM,HIGH
MAT012,50,0,2025-08-25,2025-08-31,2025,35,SOLDAGEM,HIGH
MAT012,51,8,2025-09-01,2025-09-07,2025,36,SOLDAGEM,HIGH
MAT012,52,20,2025-09-08,2025-09-14,2025,37,SOLDAGEM,HIGH
MAT012,53,0,2025-09-15,2025-09-21,2025,38,SOLDAGEM,HIGH
MAT012,54,0,2025-09-22,2025-09-28,2025,39,SOLDAGEM,HIGH
MAT012,55,0,2025-09-29,2025-10-05,2025,40,SOLDAGEM,HIGH
MAT012,56,0,2025-10-06,2025-10-12,2025,41,SOLDAGEM,HIGH
MAT012,57,0,2025-10-13,2025-10-19,2025,42,SOLDAGEM,HIGH
MAT012,58,0,2025-10-20,2025-10-26,2025,43,SOLDAGEM,HIGH
MAT012,59,9,2025-10-27,2025-11-02,2025,44,SOLDAGEM,HIGH
MAT012,60,1,2025-11-03,2025-11-09,2025,45,SOLDAGEM,HIGH
MAT012,61,0,2025-11-10,2025-11-16,2025,46,SOLDAGEM,HIGH
MAT012,62,24,2025-11-17,2025-11-23,2025,47,SOLDAGEM,HIGH
MAT012,63,9,2025-11-24,2025-11-30,2025,48,SOLDAGEM,HIGH
MAT012,64,16,2025-12-01,2025-12-07,2025,49,SOLDAGEM,HIGH
MAT012,65,0,2025-12-08,2025-12-14,2025,50,SOLDAGEM,HIGH
MAT012,66,0,2025-12-15,2025-12-21,2025,51,SOLDAGEM,HIGH
MAT012,67,0,2025-12-22,2025-12-28,2025,52,SOLDAGEM,HIGH
MAT012,68,0,2025-12-29,2026-01-04,2026,1,SOLDAGEM,HIGH
MAT012,69,0,2026-01-05,2026-01-11,2026,2,SOLDAGEM,HIGH
MAT012,70,15,2026-01-12,2026-01-18,2026,3,SOLDAGEM,HIGH
MAT012,71,0,2026-01-19,2026-01-25,2026,4,SOLDAGEM,HIGH
MAT012,72,0,2026-01-26,2026-02-01,2026,5,SOLDAGEM,HIGH
MAT012,73,0,2026-02-02,2026-02-08,2026,6,SOLDAGEM,HIGH
MAT012,74,0,2026-02-09,2026-02-15,2026,7,SOLDAGEM,HIGH
MAT012,75,0,2026-02-16,2026-02-22,2026,8,SOLDAGEM,HIGH
MAT012,76,0,2026-02-23,2026-03-01,2026,9,SOLDAGEM,HIGH
MAT012,77,0,2026-03-02,2026-03-08,2026,10,SOLDAGEM,HIGH
MAT012,78,0,2026-03-09,2026-03-15,2026,11,SOLDAGEM,HIGH
MAT012,79,18,2026-03-16,2026-03-22,2026,12,SOLDAGEM,HIGH
MAT012,80,0,2026-03-23,2026-03-29,2026,13,SOLDAGEM,HIGH
MAT012,81,0,2026-03-30,2026-04-05,2026,14,SOLDAGEM,HIGH
MAT012,82,0,2026-04-06,2026-04-12,2026,15,SOLDAGEM,HIGH
MAT012,83,12,2026-04-13,2026-04-19,2026,16,SOLDAGEM,HIGH
MAT012,84,10,2026-04-20,2026-04-26,2026,17,SOLDAGEM,HIGH
MAT012,85,0,2026-04-27,2026-05-03,2026,18,SOLDAGEM,HIGH
MAT012,86,0,2026-05-04,2026-05-10,2026,19,SOLDAGEM,HIGH
MAT012,87,0,2026-05-11,2026-05-17,2026,20,SOLDAGEM,HIGH
MAT012,88,11,2026-05-18,2026-05-24,2026,21,SOLDAGEM,HIGH
MAT012,89,0,2026-05-25,2026-05-31,2026,22,SOLDAGEM,HIGH
MAT012,90,0,2026-06-01,2026-06-07,2026,23,SOLDAGEM,HIGH
MAT012,91,0,2026-06-08,2026-06-14,2026,24,SOLDAGEM,HIGH
MAT012,92,16,2026-06-15,2026-06-21,2026,25,SOLDAGEM,HIGH
MAT012,93,0,2026-06-22,2026-06-28,2026,26,SOLDAGEM,HIGH
MAT012,94,8,2026-06-29,2026-07-05,2026,27,SOLDAGEM,HIGH
MAT012,95,11,2026-07-06,2026-07-12,2026,28,SOLDAGEM,HIGH
MAT012,96,10,2026-07-13,2026-07-19,2026,29,SOLDAGEM,HIGH
MAT012,97,10,2026-07-20,2026-07-26,2026,30,SOLDAGEM,HIGH
MAT012,98,18,2026-07-27,2026-08-02,2026,31,SOLDAGEM,HIGH
MAT012,99,0,2026-08-03,2026-08-09,2026,32,SOLDAGEM,HIGH
MAT012,100,0,2026-08-10,2026-08-16,2026,33,SOLDAGEM,HIGH
MAT012,101,0,2026-08-17,2026-08-23,2026,34,SOLDAGEM,HIGH
MAT012,102,0,2026-08-24,2026-08-30,2026,35,SOLDAGEM,HIGH
MAT012,103,0,2026-08-31,2026-09-06,2026,36,SOLDAGEM,HIGH
MAT012,104,0,2026-09-07,2026-09-13,2026,37,SOLDAGEM,HIGH
MAT013,1,26,2024-09-16,2024-09-22,2024,38,CORTE E USINAGEM,HIGH
MAT013,2,23,2024-09-23,2024-09-29,2024,39,CORTE E USINAGEM,HIGH
MAT013,3,29,2024-09-30,2024-10-06,2024,40,CORTE E USINAGEM,HIGH
MAT013,4,29,2024-10-07,2024-10-13,2024,41,CORTE E USINAGEM,HIGH
MAT013,5,28,2024-10-14,2024-10-20,2024,42,CORTE E USINAGEM,HIGH
MAT013,6,31,2024-10-21,2024-10-27,2024,43,CORTE E USINAGEM,HIGH
MAT013,7,47,2024-10-28,2024-11-03,2024,44,CORTE E USINAGEM,HIGH
MAT013,8,27,2024-11-04,2024-11-10,2024,45,CORTE E USINAGEM,HIGH
MAT013,9,24,2024-11-11,2024-11-17,2024,46,CORTE E USINAGEM,HIGH
MAT013,10,39,2024-11-18,2024-11-24,2024,47,CORTE E USINAGEM,HIGH
MAT013,11,33,2024-11-25,2024-12-01,2024,48,CORTE E USINAGEM,HIGH
MAT013,12,28,2024-12-02,2024-12-08,2024,49,CORTE E USINAGEM,HIGH
MAT013,13,27,2024-12-09,2024-12-15,2024,50,CORTE E USINAGEM,HIGH
MAT013,14,23,2024-12-16,2024-12-22,2024,51,CORTE E USINAGEM,HIGH
MAT013,15,21,2024-12-23,2024-12-29,2024,52,CORTE E USINAGEM,HIGH
MAT013,16,25,2024-12-30,2025-01-05,2025,1,CORTE E USINAGEM,HIGH
MAT013,17,17,2025-01-06,2025-01-12,2025,2,CORTE E USINAGEM,HIGH
MAT013,18,32,2025-01-13,2025-01-19,2025,3,CORTE E USINAGEM,HIGH
MAT013,19,29,2025-01-20,2025-01-26,2025,4,CORTE E USINAGEM,HIGH
MAT013,20,33,2025-01-27,2025-02-02,2025,5,CORTE E USINAGEM,HIGH
MAT013,21,31,2025-02-03,2025-02-09,2025,6,CORTE E USINAGEM,HIGH
MAT013,22,32,2025-02-10,2025-02-16,2025,7,CORTE E USINAGEM,HIGH
MAT013,23,16,2025-02-17,2025-02-23,2025,8,CORTE E USINAGEM,HIGH
MAT013,24,28,2025-02-24,2025-03-02,2025,9,CORTE E USINAGEM,HIGH
MAT013,25,24,2025-03-03,2025-03-09,2025,10,CORTE E USINAGEM,HIGH
MAT013,26,27,2025-03-10,2025-03-16,2025,11,CORTE E USINAGEM,HIGH
MAT013,27,19,2025-03-17,2025-03-23,2025,12,CORTE E USINAGEM,HIGH
MAT013,28,28,2025-03-24,2025-03-30,2025,13,CORTE E USINAGEM,HIGH
MAT013,29,18,2025-03-31,2025-04-06,2025,14,CORTE E USINAGEM,HIGH
MAT013,30,21,2025-04-07,2025-04-13,2025,15,CORTE E USINAGEM,HIGH
MAT013,31,34,2025-04-14,2025-04-20,2025,16,CORTE E USINAGEM,HIGH
MAT013,32,35,2025-04-21,2025-04-27,2025,17,CORTE E USINAGEM,HIGH
MAT013,33,31,2025-04-28,2025-05-04,2025,18,CORTE E USINAGEM,HIGH
MAT013,34,28,2025-05-05,2025-05-11,2025,19,CORTE E USINAGEM,HIGH
MAT013,35,34,2025-05-12,2025-05-18,2025,20,CORTE E USINAGEM,HIGH
MAT013,36,21,2025-05-19,2025-05-25,2025,21,CORTE E USINAGEM,HIGH
MAT013,37,17,2025-05-26,2025-06-01,2025,22,CORTE E USINAGEM,HIGH
MAT013,38,15,2025-06-02,2025-06-08,2025,23,CORTE E USINAGEM,HIGH
MAT013,39,27,2025-06-09,2025-06-15,2025,24,CORTE E USINAGEM,HIGH
MAT013,40,23,2025-06-16,2025-06-22,2025,25,CORTE E USINAGEM,HIGH
MAT013,41,17,2025-06-23,2025-06-29,2025,26,CORTE E USINAGEM,HIGH
MAT013,42,12,2025-06-30,2025-07-06,2025,27,CORTE E USINAGEM,HIGH
MAT013,43,19,2025-07-07,2025-07-13,2025,28,CORTE E USINAGEM,HIGH
MAT013,44,25,2025-07-14,2025-07-20,2025,29,CORTE E USINAGEM,HIGH
MAT013,45,24,2025-07-21,2025-07-27,2025,30,CORTE E USINAGEM,HIGH
MAT013,46,41,2025-07-28,2025-08-03,2025,31,CORTE E USINAGEM,HIGH
MAT013,47,27,2025-08-04,2025-08-10,2025,32,CORTE E USINAGEM,HIGH
MAT013,48,21,2025-08-11,2025-08-17,2025,33,CORTE E USINAGEM,HIGH
MAT013,49,29,2025-08-18,2025-08-24,2025,34,CORTE E USINAGEM,HIGH
MAT013,50,40,2025-08-25,2025-08-31,2025,35,CORTE E USINAGEM,HIGH
MAT013,51,27,2025-09-01,2025-09-07,2025,36,CORTE E USINAGEM,HIGH
MAT013,52,31,2025-09-08,2025-09-14,2025,37,CORTE E USINAGEM,HIGH
MAT013,53,28,2025-09-15,2025-09-21,2025,38,CORTE E USINAGEM,HIGH
MAT013,54,27,2025-09-22,2025-09-28,2025,39,CORTE E USINAGEM,HIGH
MAT013,55,26,2025-09-29,2025-10-05,2025,40,CORTE E USINAGEM,HIGH
MAT013,56,35,2025-10-06,2025-10-12,2025,41,CORTE E USINAGEM,HIGH
MAT013,57,28,2025-10-13,2025-10-19,2025,42,CORTE E USINAGEM,HIGH
MAT013,58,20,2025-10-20,2025-10-26,2025,43,CORTE E USINAGEM,HIGH
MAT013,59,16,2025-10-27,2025-11-02,2025,44,CORTE E USINAGEM,HIGH
MAT013,60,22,2025-11-03,2025-11-09,2025,45,CORTE E USINAGEM,HIGH
MAT013,61,17,2025-11-10,2025-11-16,2025,46,CORTE E USINAGEM,HIGH
MAT013,62,18,2025-11-17,2025-11-23,2025,47,CORTE E USINAGEM,HIGH
MAT013,63,28,2025-11-24,2025-11-30,2025,48,CORTE E USINAGEM,HIGH
MAT013,64,20,2025-12-01,2025-12-07,2025,49,CORTE E USINAGEM,HIGH
MAT013,65,30,2025-12-08,2025-12-14,2025,50,CORTE E USINAGEM,HIGH
MAT013,66,29,2025-12-15,2025-12-21,2025,51,CORTE E USINAGEM,HIGH
MAT013,67,24,2025-12-22,2025-12-28,2025,52,CORTE E USINAGEM,HIGH
MAT013,68,23,2025-12-29,2026-01-04,2026,1,CORTE E USINAGEM,HIGH
MAT013,69,20,2026-01-05,2026-01-11,2026,2,CORTE E USINAGEM,HIGH
MAT013,70,15,2026-01-12,2026-01-18,2026,3,CORTE E USINAGEM,HIGH
MAT013,71,27,2026-01-19,2026-01-25,2026,4,CORTE E USINAGEM,HIGH
MAT013,72,29,2026-01-26,2026-02-01,2026,5,CORTE E USINAGEM,HIGH
MAT013,73,18,2026-02-02,2026-02-08,2026,6,CORTE E USINAGEM,HIGH
MAT013,74,22,2026-02-09,2026-02-15,2026,7,CORTE E USINAGEM,HIGH
MAT013,75,25,2026-02-16,2026-02-22,2026,8,CORTE E USINAGEM,HIGH
MAT013,76,20,2026-02-23,2026-03-01,2026,9,CORTE E USINAGEM,HIGH
MAT013,77,35,2026-03-02,2026-03-08,2026,10,CORTE E USINAGEM,HIGH
MAT013,78,27,2026-03-09,2026-03-15,2026,11,CORTE E USINAGEM,HIGH
MAT013,79,28,2026-03-16,2026-03-22,2026,12,CORTE E USINAGEM,HIGH
MAT013,80,27,2026-03-23,2026-03-29,2026,13,CORTE E USINAGEM,HIGH
MAT013,81,6,2026-03-30,2026-04-05,2026,14,CORTE E USINAGEM,HIGH
MAT013,82,19,2026-04-06,2026-04-12,2026,15,CORTE E USINAGEM,HIGH
MAT013,83,26,2026-04-13,2026-04-19,2026,16,CORTE E USINAGEM,HIGH
MAT013,84,26,2026-04-20,2026-04-26,2026,17,CORTE E USINAGEM,HIGH
MAT013,85,28,2026-04-27,2026-05-03,2026,18,CORTE E USINAGEM,HIGH
MAT013,86,31,2026-05-04,2026-05-10,2026,19,CORTE E USINAGEM,HIGH
MAT013,87,27,2026-05-11,2026-05-17,2026,20,CORTE E USINAGEM,HIGH
MAT013,88,29,2026-05-18,2026-05-24,2026,21,CORTE E USINAGEM,HIGH
MAT013,89,25,2026-05-25,2026-05-31,2026,22,CORTE E USINAGEM,HIGH
MAT013,90,28,2026-06-01,2026-06-07,2026,23,CORTE E USINAGEM,HIGH
MAT013,91,31,2026-06-08,2026-06-14,2026,24,CORTE E USINAGEM,HIGH
MAT013,92,27,2026-06-15,2026-06-21,2026,25,CORTE E USINAGEM,HIGH
MAT013,93,25,2026-06-22,2026-06-28,2026,26,CORTE E USINAGEM,HIGH
MAT013,94,24,2026-06-29,2026-07-05,2026,27,CORTE E USINAGEM,HIGH
MAT013,95,20,2026-07-06,2026-07-12,2026,28,CORTE E USINAGEM,HIGH
MAT013,96,18,2026-07-13,2026-07-19,2026,29,CORTE E USINAGEM,HIGH
MAT013,97,27,2026-07-20,2026-07-26,2026,30,CORTE E USINAGEM,HIGH
MAT013,98,24,2026-07-27,2026-08-02,2026,31,CORTE E USINAGEM,HIGH
MAT013,99,34,2026-08-03,2026-08-09,2026,32,CORTE E USINAGEM,HIGH
MAT013,100,19,2026-08-10,2026-08-16,2026,33,CORTE E USINAGEM,HIGH
MAT013,101,13,2026-08-17,2026-08-23,2026,34,CORTE E USINAGEM,HIGH
MAT013,102,25,2026-08-24,2026-08-30,2026,35,CORTE E USINAGEM,HIGH
MAT013,103,5,2026-08-31,2026-09-06,2026,36,CORTE E USINAGEM,HIGH
MAT013,104,20,2026-09-07,2026-09-13,2026,37,CORTE E USINAGEM,HIGH
MAT014,1,0,2024-09-16,2024-09-22,2024,38,CORTE E USINAGEM,MEDIUM
MAT014,2,4,2024-09-23,2024-09-29,2024,39,CORTE E USINAGEM,MEDIUM
MAT014,3,0,2024-09-30,2024-10-06,2024,40,CORTE E USINAGEM,MEDIUM
MAT014,4,7,2024-10-07,2024-10-13,2024,41,CORTE E USINAGEM,MEDIUM
MAT014,5,6,2024-10-14,2024-10-20,2024,42,CORTE E USINAGEM,MEDIUM
MAT014,6,8,2024-10-21,2024-10-27,2024,43,CORTE E USINAGEM,MEDIUM
MAT014,7,0,2024-10-28,2024-11-03,2024,44,CORTE E USINAGEM,MEDIUM
MAT014,8,0,2024-11-04,2024-11-10,2024,45,CORTE E USINAGEM,MEDIUM
MAT014,9,0,2024-11-11,2024-11-17,2024,46,CORTE E USINAGEM,MEDIUM
MAT014,10,0,2024-11-18,2024-11-24,2024,47,CORTE E USINAGEM,MEDIUM
MAT014,11,8,2024-11-25,2024-12-01,2024,48,CORTE E USINAGEM,MEDIUM
MAT014,12,0,2024-12-02,2024-12-08,2024,49,CORTE E USINAGEM,MEDIUM
MAT014,13,0,2024-12-09,2024-12-15,2024,50,CORTE E USINAGEM,MEDIUM
MAT014,14,4,2024-12-16,2024-12-22,2024,51,CORTE E USINAGEM,MEDIUM
MAT014,15,0,2024-12-23,2024-12-29,2024,52,CORTE E USINAGEM,MEDIUM
MAT014,16,2,2024-12-30,2025-01-05,2025,1,CORTE E USINAGEM,MEDIUM
MAT014,17,0,2025-01-06,2025-01-12,2025,2,CORTE E USINAGEM,MEDIUM
MAT014,18,0,2025-01-13,2025-01-19,2025,3,CORTE E USINAGEM,MEDIUM
MAT014,19,0,2025-01-20,2025-01-26,2025,4,CORTE E USINAGEM,MEDIUM
MAT014,20,8,2025-01-27,2025-02-02,2025,5,CORTE E USINAGEM,MEDIUM
MAT014,21,0,2025-02-03,2025-02-09,2025,6,CORTE E USINAGEM,MEDIUM
MAT014,22,1,2025-02-10,2025-02-16,2025,7,CORTE E USINAGEM,MEDIUM
MAT014,23,8,2025-02-17,2025-02-23,2025,8,CORTE E USINAGEM,MEDIUM
MAT014,24,0,2025-02-24,2025-03-02,2025,9,CORTE E USINAGEM,MEDIUM
MAT014,25,0,2025-03-03,2025-03-09,2025,10,CORTE E USINAGEM,MEDIUM
MAT014,26,0,2025-03-10,2025-03-16,2025,11,CORTE E USINAGEM,MEDIUM
MAT014,27,11,2025-03-17,2025-03-23,2025,12,CORTE E USINAGEM,MEDIUM
MAT014,28,0,2025-03-24,2025-03-30,2025,13,CORTE E USINAGEM,MEDIUM
MAT014,29,5,2025-03-31,2025-04-06,2025,14,CORTE E USINAGEM,MEDIUM
MAT014,30,5,2025-04-07,2025-04-13,2025,15,CORTE E USINAGEM,MEDIUM
MAT014,31,5,2025-04-14,2025-04-20,2025,16,CORTE E USINAGEM,MEDIUM
MAT014,32,5,2025-04-21,2025-04-27,2025,17,CORTE E USINAGEM,MEDIUM
MAT014,33,5,2025-04-28,2025-05-04,2025,18,CORTE E USINAGEM,MEDIUM
MAT014,34,0,2025-05-05,2025-05-11,2025,19,CORTE E USINAGEM,MEDIUM
MAT014,35,8,2025-05-12,2025-05-18,2025,20,CORTE E USINAGEM,MEDIUM
MAT014,36,0,2025-05-19,2025-05-25,2025,21,CORTE E USINAGEM,MEDIUM
MAT014,37,0,2025-05-26,2025-06-01,2025,22,CORTE E USINAGEM,MEDIUM
MAT014,38,0,2025-06-02,2025-06-08,2025,23,CORTE E USINAGEM,MEDIUM
MAT014,39,9,2025-06-09,2025-06-15,2025,24,CORTE E USINAGEM,MEDIUM
MAT014,40,14,2025-06-16,2025-06-22,2025,25,CORTE E USINAGEM,MEDIUM
MAT014,41,9,2025-06-23,2025-06-29,2025,26,CORTE E USINAGEM,MEDIUM
MAT014,42,11,2025-06-30,2025-07-06,2025,27,CORTE E USINAGEM,MEDIUM
MAT014,43,4,2025-07-07,2025-07-13,2025,28,CORTE E USINAGEM,MEDIUM
MAT014,44,10,2025-07-14,2025-07-20,2025,29,CORTE E USINAGEM,MEDIUM
MAT014,45,6,2025-07-21,2025-07-27,2025,30,CORTE E USINAGEM,MEDIUM
MAT014,46,0,2025-07-28,2025-08-03,2025,31,CORTE E USINAGEM,MEDIUM
MAT014,47,0,2025-08-04,2025-08-10,2025,32,CORTE E USINAGEM,MEDIUM
MAT014,48,0,2025-08-11,2025-08-17,2025,33,CORTE E USINAGEM,MEDIUM
MAT014,49,0,2025-08-18,2025-08-24,2025,34,CORTE E USINAGEM,MEDIUM
MAT014,50,5,2025-08-25,2025-08-31,2025,35,CORTE E USINAGEM,MEDIUM
MAT014,51,9,2025-09-01,2025-09-07,2025,36,CORTE E USINAGEM,MEDIUM
MAT014,52,0,2025-09-08,2025-09-14,2025,37,CORTE E USINAGEM,MEDIUM
MAT014,53,0,2025-09-15,2025-09-21,2025,38,CORTE E USINAGEM,MEDIUM
MAT014,54,0,2025-09-22,2025-09-28,2025,39,CORTE E USINAGEM,MEDIUM
MAT014,55,7,2025-09-29,2025-10-05,2025,40,CORTE E USINAGEM,MEDIUM
MAT014,56,0,2025-10-06,2025-10-12,2025,41,CORTE E USINAGEM,MEDIUM
MAT014,57,0,2025-10-13,2025-10-19,2025,42,CORTE E USINAGEM,MEDIUM
MAT014,58,0,2025-10-20,2025-10-26,2025,43,CORTE E USINAGEM,MEDIUM
MAT014,59,0,2025-10-27,2025-11-02,2025,44,CORTE E USINAGEM,MEDIUM
MAT014,60,10,2025-11-03,2025-11-09,2025,45,CORTE E USINAGEM,MEDIUM
MAT014,61,4,2025-11-10,2025-11-16,2025,46,CORTE E USINAGEM,MEDIUM
MAT014,62,9,2025-11-17,2025-11-23,2025,47,CORTE E USINAGEM,MEDIUM
MAT014,63,2,2025-11-24,2025-11-30,2025,48,CORTE E USINAGEM,MEDIUM
MAT014,64,9,2025-12-01,2025-12-07,2025,49,CORTE E USINAGEM,MEDIUM
MAT014,65,5,2025-12-08,2025-12-14,2025,50,CORTE E USINAGEM,MEDIUM
MAT014,66,0,2025-12-15,2025-12-21,2025,51,CORTE E USINAGEM,MEDIUM
MAT014,67,0,2025-12-22,2025-12-28,2025,52,CORTE E USINAGEM,MEDIUM
MAT014,68,0,2025-12-29,2026-01-04,2026,1,CORTE E USINAGEM,MEDIUM
MAT014,69,2,2026-01-05,2026-01-11,2026,2,CORTE E USINAGEM,MEDIUM
MAT014,70,8,2026-01-12,2026-01-18,2026,3,CORTE E USINAGEM,MEDIUM
MAT014,71,12,2026-01-19,2026-01-25,2026,4,CORTE E USINAGEM,MEDIUM
MAT014,72,3,2026-01-26,2026-02-01,2026,5,CORTE E USINAGEM,MEDIUM
MAT014,73,0,2026-02-02,2026-02-08,2026,6,CORTE E USINAGEM,MEDIUM
MAT014,74,7,2026-02-09,2026-02-15,2026,7,CORTE E USINAGEM,MEDIUM
MAT014,75,0,2026-02-16,2026-02-22,2026,8,CORTE E USINAGEM,MEDIUM
MAT014,76,11,2026-02-23,2026-03-01,2026,9,CORTE E USINAGEM,MEDIUM
MAT014,77,0,2026-03-02,2026-03-08,2026,10,CORTE E USINAGEM,MEDIUM
MAT014,78,4,2026-03-09,2026-03-15,2026,11,CORTE E USINAGEM,MEDIUM
MAT014,79,0,2026-03-16,2026-03-22,2026,12,CORTE E USINAGEM,MEDIUM
MAT014,80,0,2026-03-23,2026-03-29,2026,13,CORTE E USINAGEM,MEDIUM
MAT014,81,0,2026-03-30,2026-04-05,2026,14,CORTE E USINAGEM,MEDIUM
MAT014,82,0,2026-04-06,2026-04-12,2026,15,CORTE E USINAGEM,MEDIUM
MAT014,83,10,2026-04-13,2026-04-19,2026,16,CORTE E USINAGEM,MEDIUM
MAT014,84,0,2026-04-20,2026-04-26,2026,17,CORTE E USINAGEM,MEDIUM
MAT014,85,3,2026-04-27,2026-05-03,2026,18,CORTE E USINAGEM,MEDIUM
MAT014,86,7,2026-05-04,2026-05-10,2026,19,CORTE E USINAGEM,MEDIUM
MAT014,87,7,2026-05-11,2026-05-17,2026,20,CORTE E USINAGEM,MEDIUM
MAT014,88,0,2026-05-18,2026-05-24,2026,21,CORTE E USINAGEM,MEDIUM
MAT014,89,0,2026-05-25,2026-05-31,2026,22,CORTE E USINAGEM,MEDIUM
MAT014,90,9,2026-06-01,2026-06-07,2026,23,CORTE E USINAGEM,MEDIUM
MAT014,91,0,2026-06-08,2026-06-14,2026,24,CORTE E USINAGEM,MEDIUM
MAT014,92,0,2026-06-15,2026-06-21,2026,25,CORTE E USINAGEM,MEDIUM
MAT014,93,8,2026-06-22,2026-06-28,2026,26,CORTE E USINAGEM,MEDIUM
MAT014,94,0,2026-06-29,2026-07-05,2026,27,CORTE E USINAGEM,MEDIUM
MAT014,95,11,2026-07-06,2026-07-12,2026,28,CORTE E USINAGEM,MEDIUM
MAT014,96,0,2026-07-13,2026-07-19,2026,29,CORTE E USINAGEM,MEDIUM
MAT014,97,0,2026-07-20,2026-07-26,2026,30,CORTE E USINAGEM,MEDIUM
MAT014,98,0,2026-07-27,2026-08-02,2026,31,CORTE E USINAGEM,MEDIUM
MAT014,99,6,2026-08-03,2026-08-09,2026,32,CORTE E USINAGEM,MEDIUM
MAT014,100,0,2026-08-10,2026-08-16,2026,33,CORTE E USINAGEM,MEDIUM
MAT014,101,8,2026-08-17,2026-08-23,2026,34,CORTE E USINAGEM,MEDIUM
MAT014,102,3,2026-08-24,2026-08-30,2026,35,CORTE E USINAGEM,MEDIUM
MAT014,103,2,2026-08-31,2026-09-06,2026,36,CORTE E USINAGEM,MEDIUM
MAT014,104,0,2026-09-07,2026-09-13,2026,37,CORTE E USINAGEM,MEDIUM
MAT015,1,18,2024-09-16,2024-09-22,2024,38,CORTE E USINAGEM,LOW
MAT015,2,20,2024-09-23,2024-09-29,2024,39,CORTE E USINAGEM,LOW
MAT015,3,26,2024-09-30,2024-10-06,2024,40,CORTE E USINAGEM,LOW
MAT015,4,19,2024-10-07,2024-10-13,2024,41,CORTE E USINAGEM,LOW
MAT015,5,16,2024-10-14,2024-10-20,2024,42,CORTE E USINAGEM,LOW
MAT015,6,15,2024-10-21,2024-10-27,2024,43,CORTE E USINAGEM,LOW
MAT015,7,16,2024-10-28,2024-11-03,2024,44,CORTE E USINAGEM,LOW
MAT015,8,17,2024-11-04,2024-11-10,2024,45,CORTE E USINAGEM,LOW
MAT015,9,20,2024-11-11,2024-11-17,2024,46,CORTE E USINAGEM,LOW
MAT015,10,20,2024-11-18,2024-11-24,2024,47,CORTE E USINAGEM,LOW
MAT015,11,19,2024-11-25,2024-12-01,2024,48,CORTE E USINAGEM,LOW
MAT015,12,17,2024-12-02,2024-12-08,2024,49,CORTE E USINAGEM,LOW
MAT015,13,15,2024-12-09,2024-12-15,2024,50,CORTE E USINAGEM,LOW
MAT015,14,15,2024-12-16,2024-12-22,2024,51,CORTE E USINAGEM,LOW
MAT015,15,16,2024-12-23,2024-12-29,2024,52,CORTE E USINAGEM,LOW
MAT015,16,20,2024-12-30,2025-01-05,2025,1,CORTE E USINAGEM,LOW
MAT015,17,20,2025-01-06,2025-01-12,2025,2,CORTE E USINAGEM,LOW
MAT015,18,9,2025-01-13,2025-01-19,2025,3,CORTE E USINAGEM,LOW
MAT015,19,15,2025-01-20,2025-01-26,2025,4,CORTE E USINAGEM,LOW
MAT015,20,20,2025-01-27,2025-02-02,2025,5,CORTE E USINAGEM,LOW
MAT015,21,10,2025-02-03,2025-02-09,2025,6,CORTE E USINAGEM,LOW
MAT015,22,18,2025-02-10,2025-02-16,2025,7,CORTE E USINAGEM,LOW
MAT015,23,13,2025-02-17,2025-02-23,2025,8,CORTE E USINAGEM,LOW
MAT015,24,12,2025-02-24,2025-03-02,2025,9,CORTE E USINAGEM,LOW
MAT015,25,9,2025-03-03,2025-03-09,2025,10,CORTE E USINAGEM,LOW
MAT015,26,11,2025-03-10,2025-03-16,2025,11,CORTE E USINAGEM,LOW
MAT015,27,6,2025-03-17,2025-03-23,2025,12,CORTE E USINAGEM,LOW
MAT015,28,11,2025-03-24,2025-03-30,2025,13,CORTE E USINAGEM,LOW
MAT015,29,11,2025-03-31,2025-04-06,2025,14,CORTE E USINAGEM,LOW
MAT015,30,14,2025-04-07,2025-04-13,2025,15,CORTE E USINAGEM,LOW
MAT015,31,8,2025-04-14,2025-04-20,2025,16,CORTE E USINAGEM,LOW
MAT015,32,13,2025-04-21,2025-04-27,2025,17,CORTE E USINAGEM,LOW
MAT015,33,8,2025-04-28,2025-05-04,2025,18,CORTE E USINAGEM,LOW
MAT015,34,12,2025-05-05,2025-05-11,2025,19,CORTE E USINAGEM,LOW
MAT015,35,10,2025-05-12,2025-05-18,2025,20,CORTE E USINAGEM,LOW
MAT015,36,8,2025-05-19,2025-05-25,2025,21,CORTE E USINAGEM,LOW
MAT015,37,9,2025-05-26,2025-06-01,2025,22,CORTE E USINAGEM,LOW
MAT015,38,11,2025-06-02,2025-06-08,2025,23,CORTE E USINAGEM,LOW
MAT015,39,14,2025-06-09,2025-06-15,2025,24,CORTE E USINAGEM,LOW
MAT015,40,11,2025-06-16,2025-06-22,2025,25,CORTE E USINAGEM,LOW
MAT015,41,17,2025-06-23,2025-06-29,2025,26,CORTE E USINAGEM,LOW
MAT015,42,14,2025-06-30,2025-07-06,2025,27,CORTE E USINAGEM,LOW
MAT015,43,8,2025-07-07,2025-07-13,2025,28,CORTE E USINAGEM,LOW
MAT015,44,15,2025-07-14,2025-07-20,2025,29,CORTE E USINAGEM,LOW
MAT015,45,14,2025-07-21,2025-07-27,2025,30,CORTE E USINAGEM,LOW
MAT015,46,14,2025-07-28,2025-08-03,2025,31,CORTE E USINAGEM,LOW
MAT015,47,16,2025-08-04,2025-08-10,2025,32,CORTE E USINAGEM,LOW
MAT015,48,4,2025-08-11,2025-08-17,2025,33,CORTE E USINAGEM,LOW
MAT015,49,15,2025-08-18,2025-08-24,2025,34,CORTE E USINAGEM,LOW
MAT015,50,15,2025-08-25,2025-08-31,2025,35,CORTE E USINAGEM,LOW
MAT015,51,16,2025-09-01,2025-09-07,2025,36,CORTE E USINAGEM,LOW
MAT015,52,18,2025-09-08,2025-09-14,2025,37,CORTE E USINAGEM,LOW
MAT015,53,10,2025-09-15,2025-09-21,2025,38,CORTE E USINAGEM,LOW
MAT015,54,9,2025-09-22,2025-09-28,2025,39,CORTE E USINAGEM,LOW
MAT015,55,21,2025-09-29,2025-10-05,2025,40,CORTE E USINAGEM,LOW
MAT015,56,15,2025-10-06,2025-10-12,2025,41,CORTE E USINAGEM,LOW
MAT015,57,26,2025-10-13,2025-10-19,2025,42,CORTE E USINAGEM,LOW
MAT015,58,17,2025-10-20,2025-10-26,2025,43,CORTE E USINAGEM,LOW
MAT015,59,19,2025-10-27,2025-11-02,2025,44,CORTE E USINAGEM,LOW
MAT015,60,20,2025-11-03,2025-11-09,2025,45,CORTE E USINAGEM,LOW
MAT015,61,13,2025-11-10,2025-11-16,2025,46,CORTE E USINAGEM,LOW
MAT015,62,18,2025-11-17,2025-11-23,2025,47,CORTE E USINAGEM,LOW
MAT015,63,23,2025-11-24,2025-11-30,2025,48,CORTE E USINAGEM,LOW
MAT015,64,14,2025-12-01,2025-12-07,2025,49,CORTE E USINAGEM,LOW
MAT015,65,12,2025-12-08,2025-12-14,2025,50,CORTE E USINAGEM,LOW
MAT015,66,12,2025-12-15,2025-12-21,2025,51,CORTE E USINAGEM,LOW
MAT015,67,19,2025-12-22,2025-12-28,2025,52,CORTE E USINAGEM,LOW
MAT015,68,12,2025-12-29,2026-01-04,2026,1,CORTE E USINAGEM,LOW
MAT015,69,17,2026-01-05,2026-01-11,2026,2,CORTE E USINAGEM,LOW
MAT015,70,16,2026-01-12,2026-01-18,2026,3,CORTE E USINAGEM,LOW
MAT015,71,13,2026-01-19,2026-01-25,2026,4,CORTE E USINAGEM,LOW
MAT015,72,8,2026-01-26,2026-02-01,2026,5,CORTE E USINAGEM,LOW
MAT015,73,13,2026-02-02,2026-02-08,2026,6,CORTE E USINAGEM,LOW
MAT015,74,11,2026-02-09,2026-02-15,2026,7,CORTE E USINAGEM,LOW
MAT015,75,15,2026-02-16,2026-02-22,2026,8,CORTE E USINAGEM,LOW
MAT015,76,15,2026-02-23,2026-03-01,2026,9,CORTE E USINAGEM,LOW
MAT015,77,11,2026-03-02,2026-03-08,2026,10,CORTE E USINAGEM,LOW
MAT015,78,11,2026-03-09,2026-03-15,2026,11,CORTE E USINAGEM,LOW
MAT015,79,14,2026-03-16,2026-03-22,2026,12,CORTE E USINAGEM,LOW
MAT015,80,12,2026-03-23,2026-03-29,2026,13,CORTE E USINAGEM,LOW
MAT015,81,13,2026-03-30,2026-04-05,2026,14,CORTE E USINAGEM,LOW
MAT015,82,10,2026-04-06,2026-04-12,2026,15,CORTE E USINAGEM,LOW
MAT015,83,12,2026-04-13,2026-04-19,2026,16,CORTE E USINAGEM,LOW
MAT015,84,9,2026-04-20,2026-04-26,2026,17,CORTE E USINAGEM,LOW
MAT015,85,9,2026-04-27,2026-05-03,2026,18,CORTE E USINAGEM,LOW
MAT015,86,9,2026-05-04,2026-05-10,2026,19,CORTE E USINAGEM,LOW
MAT015,87,6,2026-05-11,2026-05-17,2026,20,CORTE E USINAGEM,LOW
MAT015,88,13,2026-05-18,2026-05-24,2026,21,CORTE E USINAGEM,LOW
MAT015,89,11,2026-05-25,2026-05-31,2026,22,CORTE E USINAGEM,LOW
MAT015,90,12,2026-06-01,2026-06-07,2026,23,CORTE E USINAGEM,LOW
MAT015,91,17,2026-06-08,2026-06-14,2026,24,CORTE E USINAGEM,LOW
MAT015,92,13,2026-06-15,2026-06-21,2026,25,CORTE E USINAGEM,LOW
MAT015,93,9,2026-06-22,2026-06-28,2026,26,CORTE E USINAGEM,LOW
MAT015,94,15,2026-06-29,2026-07-05,2026,27,CORTE E USINAGEM,LOW
MAT015,95,11,2026-07-06,2026-07-12,2026,28,CORTE E USINAGEM,LOW
MAT015,96,9,2026-07-13,2026-07-19,2026,29,CORTE E USINAGEM,LOW
MAT015,97,16,2026-07-20,2026-07-26,2026,30,CORTE E USINAGEM,LOW
MAT015,98,7,2026-07-27,2026-08-02,2026,31,CORTE E USINAGEM,LOW
MAT015,99,11,2026-08-03,2026-08-09,2026,32,CORTE E USINAGEM,LOW
MAT015,100,21,2026-08-10,2026-08-16,2026,33,CORTE E USINAGEM,LOW
MAT015,101,16,2026-08-17,2026-08-23,2026,34,CORTE E USINAGEM,LOW
MAT015,102,16,2026-08-24,2026-08-30,2026,35,CORTE E USINAGEM,LOW
MAT015,103,11,2026-08-31,2026-09-06,2026,36,CORTE E USINAGEM,LOW
MAT015,104,16,2026-09-07,2026-09-13,2026,37,CORTE E USINAGEM,LOW
MAT016,1,22,2024-09-16,2024-09-22,2024,38,CORTE E USINAGEM,HIGH
MAT016,2,29,2024-09-23,2024-09-29,2024,39,CORTE E USINAGEM,HIGH
MAT016,3,23,2024-09-30,2024-10-06,2024,40,CORTE E USINAGEM,HIGH
MAT016,4,21,2024-10-07,2024-10-13,2024,41,CORTE E USINAGEM,HIGH
MAT016,5,11,2024-10-14,2024-10-20,2024,42,CORTE E USINAGEM,HIGH
MAT016,6,20,2024-10-21,2024-10-27,2024,43,CORTE E USINAGEM,HIGH
MAT016,7,19,2024-10-28,2024-11-03,2024,44,CORTE E USINAGEM,HIGH
MAT016,8,21,2024-11-04,2024-11-10,2024,45,CORTE E USINAGEM,HIGH
MAT016,9,21,2024-11-11,2024-11-17,2024,46,CORTE E USINAGEM,HIGH
MAT016,10,19,2024-11-18,2024-11-24,2024,47,CORTE E USINAGEM,HIGH
MAT016,11,28,2024-11-25,2024-12-01,2024,48,CORTE E USINAGEM,HIGH
MAT016,12,29,2024-12-02,2024-12-08,2024,49,CORTE E USINAGEM,HIGH
MAT016,13,20,2024-12-09,2024-12-15,2024,50,CORTE E USINAGEM,HIGH
MAT016,14,14,2024-12-16,2024-12-22,2024,51,CORTE E USINAGEM,HIGH
MAT016,15,17,2024-12-23,2024-12-29,2024,52,CORTE E USINAGEM,HIGH
MAT016,16,23,2024-12-30,2025-01-05,2025,1,CORTE E USINAGEM,HIGH
MAT016,17,12,2025-01-06,2025-01-12,2025,2,CORTE E USINAGEM,HIGH
MAT016,18,14,2025-01-13,2025-01-19,2025,3,CORTE E USINAGEM,HIGH
MAT016,19,27,2025-01-20,2025-01-26,2025,4,CORTE E USINAGEM,HIGH
MAT016,20,24,2025-01-27,2025-02-02,2025,5,CORTE E USINAGEM,HIGH
MAT016,21,26,2025-02-03,2025-02-09,2025,6,CORTE E USINAGEM,HIGH
MAT016,22,24,2025-02-10,2025-02-16,2025,7,CORTE E USINAGEM,HIGH
MAT016,23,15,2025-02-17,2025-02-23,2025,8,CORTE E USINAGEM,HIGH
MAT016,24,20,2025-02-24,2025-03-02,2025,9,CORTE E USINAGEM,HIGH
MAT016,25,25,2025-03-03,2025-03-09,2025,10,CORTE E USINAGEM,HIGH
MAT016,26,26,2025-03-10,2025-03-16,2025,11,CORTE E USINAGEM,HIGH
MAT016,27,13,2025-03-17,2025-03-23,2025,12,CORTE E USINAGEM,HIGH
MAT016,28,26,2025-03-24,2025-03-30,2025,13,CORTE E USINAGEM,HIGH
MAT016,29,21,2025-03-31,2025-04-06,2025,14,CORTE E USINAGEM,HIGH
MAT016,30,21,2025-04-07,2025-04-13,2025,15,CORTE E USINAGEM,HIGH
MAT016,31,25,2025-04-14,2025-04-20,2025,16,CORTE E USINAGEM,HIGH
MAT016,32,17,2025-04-21,2025-04-27,2025,17,CORTE E USINAGEM,HIGH
MAT016,33,22,2025-04-28,2025-05-04,2025,18,CORTE E USINAGEM,HIGH
MAT016,34,16,2025-05-05,2025-05-11,2025,19,CORTE E USINAGEM,HIGH
MAT016,35,28,2025-05-12,2025-05-18,2025,20,CORTE E USINAGEM,HIGH
MAT016,36,20,2025-05-19,2025-05-25,2025,21,CORTE E USINAGEM,HIGH
MAT016,37,16,2025-05-26,2025-06-01,2025,22,CORTE E USINAGEM,HIGH
MAT016,38,29,2025-06-02,2025-06-08,2025,23,CORTE E USINAGEM,HIGH
MAT016,39,20,2025-06-09,2025-06-15,2025,24,CORTE E USINAGEM,HIGH
MAT016,40,23,2025-06-16,2025-06-22,2025,25,CORTE E USINAGEM,HIGH
MAT016,41,24,2025-06-23,2025-06-29,2025,26,CORTE E USINAGEM,HIGH
MAT016,42,18,2025-06-30,2025-07-06,2025,27,CORTE E USINAGEM,HIGH
MAT016,43,29,2025-07-07,2025-07-13,2025,28,CORTE E USINAGEM,HIGH
MAT016,44,31,2025-07-14,2025-07-20,2025,29,CORTE E USINAGEM,HIGH
MAT016,45,20,2025-07-21,2025-07-27,2025,30,CORTE E USINAGEM,HIGH
MAT016,46,18,2025-07-28,2025-08-03,2025,31,CORTE E USINAGEM,HIGH
MAT016,47,23,2025-08-04,2025-08-10,2025,32,CORTE E USINAGEM,HIGH
MAT016,48,25,2025-08-11,2025-08-17,2025,33,CORTE E USINAGEM,HIGH
MAT016,49,19,2025-08-18,2025-08-24,2025,34,CORTE E USINAGEM,HIGH
MAT016,50,17,2025-08-25,2025-08-31,2025,35,CORTE E USINAGEM,HIGH
MAT016,51,16,2025-09-01,2025-09-07,2025,36,CORTE E USINAGEM,HIGH
MAT016,52,23,2025-09-08,2025-09-14,2025,37,CORTE E USINAGEM,HIGH
MAT016,53,13,2025-09-15,2025-09-21,2025,38,CORTE E USINAGEM,HIGH
MAT016,54,29,2025-09-22,2025-09-28,2025,39,CORTE E USINAGEM,HIGH
MAT016,55,24,2025-09-29,2025-10-05,2025,40,CORTE E USINAGEM,HIGH
MAT016,56,24,2025-10-06,2025-10-12,2025,41,CORTE E USINAGEM,HIGH
MAT016,57,17,2025-10-13,2025-10-19,2025,42,CORTE E USINAGEM,HIGH
MAT016,58,15,2025-10-20,2025-10-26,2025,43,CORTE E USINAGEM,HIGH
MAT016,59,24,2025-10-27,2025-11-02,2025,44,CORTE E USINAGEM,HIGH
MAT016,60,24,2025-11-03,2025-11-09,2025,45,CORTE E USINAGEM,HIGH
MAT016,61,30,2025-11-10,2025-11-16,2025,46,CORTE E USINAGEM,HIGH
MAT016,62,25,2025-11-17,2025-11-23,2025,47,CORTE E USINAGEM,HIGH
MAT016,63,18,2025-11-24,2025-11-30,2025,48,CORTE E USINAGEM,HIGH
MAT016,64,18,2025-12-01,2025-12-07,2025,49,CORTE E USINAGEM,HIGH
MAT016,65,30,2025-12-08,2025-12-14,2025,50,CORTE E USINAGEM,HIGH
MAT016,66,14,2025-12-15,2025-12-21,2025,51,CORTE E USINAGEM,HIGH
MAT016,67,15,2025-12-22,2025-12-28,2025,52,CORTE E USINAGEM,HIGH
MAT016,68,13,2025-12-29,2026-01-04,2026,1,CORTE E USINAGEM,HIGH
MAT016,69,23,2026-01-05,2026-01-11,2026,2,CORTE E USINAGEM,HIGH
MAT016,70,27,2026-01-12,2026-01-18,2026,3,CORTE E USINAGEM,HIGH
MAT016,71,16,2026-01-19,2026-01-25,2026,4,CORTE E USINAGEM,HIGH
MAT016,72,20,2026-01-26,2026-02-01,2026,5,CORTE E USINAGEM,HIGH
MAT016,73,21,2026-02-02,2026-02-08,2026,6,CORTE E USINAGEM,HIGH
MAT016,74,23,2026-02-09,2026-02-15,2026,7,CORTE E USINAGEM,HIGH
MAT016,75,17,2026-02-16,2026-02-22,2026,8,CORTE E USINAGEM,HIGH
MAT016,76,24,2026-02-23,2026-03-01,2026,9,CORTE E USINAGEM,HIGH
MAT016,77,14,2026-03-02,2026-03-08,2026,10,CORTE E USINAGEM,HIGH
MAT016,78,22,2026-03-09,2026-03-15,2026,11,CORTE E USINAGEM,HIGH
MAT016,79,18,2026-03-16,2026-03-22,2026,12,CORTE E USINAGEM,HIGH
MAT016,80,21,2026-03-23,2026-03-29,2026,13,CORTE E USINAGEM,HIGH
MAT016,81,21,2026-03-30,2026-04-05,2026,14,CORTE E USINAGEM,HIGH
MAT016,82,22,2026-04-06,2026-04-12,2026,15,CORTE E USINAGEM,HIGH
MAT016,83,19,2026-04-13,2026-04-19,2026,16,CORTE E USINAGEM,HIGH
MAT016,84,12,2026-04-20,2026-04-26,2026,17,CORTE E USINAGEM,HIGH
MAT016,85,29,2026-04-27,2026-05-03,2026,18,CORTE E USINAGEM,HIGH
MAT016,86,23,2026-05-04,2026-05-10,2026,19,CORTE E USINAGEM,HIGH
MAT016,87,23,2026-05-11,2026-05-17,2026,20,CORTE E USINAGEM,HIGH
MAT016,88,30,2026-05-18,2026-05-24,2026,21,CORTE E USINAGEM,HIGH
MAT016,89,11,2026-05-25,2026-05-31,2026,22,CORTE E USINAGEM,HIGH
MAT016,90,13,2026-06-01,2026-06-07,2026,23,CORTE E USINAGEM,HIGH
MAT016,91,23,2026-06-08,2026-06-14,2026,24,CORTE E USINAGEM,HIGH
MAT016,92,20,2026-06-15,2026-06-21,2026,25,CORTE E USINAGEM,HIGH
MAT016,93,22,2026-06-22,2026-06-28,2026,26,CORTE E USINAGEM,HIGH
MAT016,94,23,2026-06-29,2026-07-05,2026,27,CORTE E USINAGEM,HIGH
MAT016,95,23,2026-07-06,2026-07-12,2026,28,CORTE E USINAGEM,HIGH
MAT016,96,18,2026-07-13,2026-07-19,2026,29,CORTE E USINAGEM,HIGH
MAT016,97,19,2026-07-20,2026-07-26,2026,30,CORTE E USINAGEM,HIGH
MAT016,98,22,2026-07-27,2026-08-02,2026,31,CORTE E USINAGEM,HIGH
MAT016,99,31,2026-08-03,2026-08-09,2026,32,CORTE E USINAGEM,HIGH
MAT016,100,16,2026-08-10,2026-08-16,2026,33,CORTE E USINAGEM,HIGH
MAT016,101,24,2026-08-17,2026-08-23,2026,34,CORTE E USINAGEM,HIGH
MAT016,102,20,2026-08-24,2026-08-30,2026,35,CORTE E USINAGEM,HIGH
MAT016,103,33,2026-08-31,2026-09-06,2026,36,CORTE E USINAGEM,HIGH
MAT016,104,11,2026-09-07,2026-09-13,2026,37,CORTE E USINAGEM,HIGH
MAT017,1,34,2024-09-16,2024-09-22,2024,38,CORTE E USINAGEM,LOW
MAT017,2,20,2024-09-23,2024-09-29,2024,39,CORTE E USINAGEM,LOW
MAT017,3,29,2024-09-30,2024-10-06,2024,40,CORTE E USINAGEM,LOW
MAT017,4,32,2024-10-07,2024-10-13,2024,41,CORTE E USINAGEM,LOW
MAT017,5,16,2024-10-14,2024-10-20,2024,42,CORTE E USINAGEM,LOW
MAT017,6,23,2024-10-21,2024-10-27,2024,43,CORTE E USINAGEM,LOW
MAT017,7,30,2024-10-28,2024-11-03,2024,44,CORTE E USINAGEM,LOW
MAT017,8,48,2024-11-04,2024-11-10,2024,45,CORTE E USINAGEM,LOW
MAT017,9,28,2024-11-11,2024-11-17,2024,46,CORTE E USINAGEM,LOW
MAT017,10,12,2024-11-18,2024-11-24,2024,47,CORTE E USINAGEM,LOW
MAT017,11,24,2024-11-25,2024-12-01,2024,48,CORTE E USINAGEM,LOW
MAT017,12,15,2024-12-02,2024-12-08,2024,49,CORTE E USINAGEM,LOW
MAT017,13,32,2024-12-09,2024-12-15,2024,50,CORTE E USINAGEM,LOW
MAT017,14,31,2024-12-16,2024-12-22,2024,51,CORTE E USINAGEM,LOW
MAT017,15,32,2024-12-23,2024-12-29,2024,52,CORTE E USINAGEM,LOW
MAT017,16,29,2024-12-30,2025-01-05,2025,1,CORTE E USINAGEM,LOW
MAT017,17,34,2025-01-06,2025-01-12,2025,2,CORTE E USINAGEM,LOW
MAT017,18,28,2025-01-13,2025-01-19,2025,3,CORTE E USINAGEM,LOW
MAT017,19,29,2025-01-20,2025-01-26,2025,4,CORTE E USINAGEM,LOW
MAT017,20,30,2025-01-27,2025-02-02,2025,5,CORTE E USINAGEM,LOW
MAT017,21,27,2025-02-03,2025-02-09,2025,6,CORTE E USINAGEM,LOW
MAT017,22,34,2025-02-10,2025-02-16,2025,7,CORTE E USINAGEM,LOW
MAT017,23,34,2025-02-17,2025-02-23,2025,8,CORTE E USINAGEM,LOW
MAT017,24,28,2025-02-24,2025-03-02,2025,9,CORTE E USINAGEM,LOW
MAT017,25,23,2025-03-03,2025-03-09,2025,10,CORTE E USINAGEM,LOW
MAT017,26,26,2025-03-10,2025-03-16,2025,11,CORTE E USINAGEM,LOW
MAT017,27,20,2025-03-17,2025-03-23,2025,12,CORTE E USINAGEM,LOW
MAT017,28,27,2025-03-24,2025-03-30,2025,13,CORTE E USINAGEM,LOW
MAT017,29,29,2025-03-31,2025-04-06,2025,14,CORTE E USINAGEM,LOW
MAT017,30,21,2025-04-07,2025-04-13,2025,15,CORTE E USINAGEM,LOW
MAT017,31,17,2025-04-14,2025-04-20,2025,16,CORTE E USINAGEM,LOW
MAT017,32,24,2025-04-21,2025-04-27,2025,17,CORTE E USINAGEM,LOW
MAT017,33,25,2025-04-28,2025-05-04,2025,18,CORTE E USINAGEM,LOW
MAT017,34,39,2025-05-05,2025-05-11,2025,19,CORTE E USINAGEM,LOW
MAT017,35,32,2025-05-12,2025-05-18,2025,20,CORTE E USINAGEM,LOW
MAT017,36,29,2025-05-19,2025-05-25,2025,21,CORTE E USINAGEM,LOW
MAT017,37,27,2025-05-26,2025-06-01,2025,22,CORTE E USINAGEM,LOW
MAT017,38,30,2025-06-02,2025-06-08,2025,23,CORTE E USINAGEM,LOW
MAT017,39,24,2025-06-09,2025-06-15,2025,24,CORTE E USINAGEM,LOW
MAT017,40,28,2025-06-16,2025-06-22,2025,25,CORTE E USINAGEM,LOW
MAT017,41,25,2025-06-23,2025-06-29,2025,26,CORTE E USINAGEM,LOW
MAT017,42,26,2025-06-30,2025-07-06,2025,27,CORTE E USINAGEM,LOW
MAT017,43,23,2025-07-07,2025-07-13,2025,28,CORTE E USINAGEM,LOW
MAT017,44,30,2025-07-14,2025-07-20,2025,29,CORTE E USINAGEM,LOW
MAT017,45,33,2025-07-21,2025-07-27,2025,30,CORTE E USINAGEM,LOW
MAT017,46,34,2025-07-28,2025-08-03,2025,31,CORTE E USINAGEM,LOW
MAT017,47,25,2025-08-04,2025-08-10,2025,32,CORTE E USINAGEM,LOW
MAT017,48,34,2025-08-11,2025-08-17,2025,33,CORTE E USINAGEM,LOW
MAT017,49,23,2025-08-18,2025-08-24,2025,34,CORTE E USINAGEM,LOW
MAT017,50,25,2025-08-25,2025-08-31,2025,35,CORTE E USINAGEM,LOW
MAT017,51,40,2025-09-01,2025-09-07,2025,36,CORTE E USINAGEM,LOW
MAT017,52,27,2025-09-08,2025-09-14,2025,37,CORTE E USINAGEM,LOW
MAT017,53,34,2025-09-15,2025-09-21,2025,38,CORTE E USINAGEM,LOW
MAT017,54,34,2025-09-22,2025-09-28,2025,39,CORTE E USINAGEM,LOW
MAT017,55,32,2025-09-29,2025-10-05,2025,40,CORTE E USINAGEM,LOW
MAT017,56,40,2025-10-06,2025-10-12,2025,41,CORTE E USINAGEM,LOW
MAT017,57,25,2025-10-13,2025-10-19,2025,42,CORTE E USINAGEM,LOW
MAT017,58,25,2025-10-20,2025-10-26,2025,43,CORTE E USINAGEM,LOW
MAT017,59,27,2025-10-27,2025-11-02,2025,44,CORTE E USINAGEM,LOW
MAT017,60,29,2025-11-03,2025-11-09,2025,45,CORTE E USINAGEM,LOW
MAT017,61,27,2025-11-10,2025-11-16,2025,46,CORTE E USINAGEM,LOW
MAT017,62,27,2025-11-17,2025-11-23,2025,47,CORTE E USINAGEM,LOW
MAT017,63,27,2025-11-24,2025-11-30,2025,48,CORTE E USINAGEM,LOW
MAT017,64,28,2025-12-01,2025-12-07,2025,49,CORTE E USINAGEM,LOW
MAT017,65,25,2025-12-08,2025-12-14,2025,50,CORTE E USINAGEM,LOW
MAT017,66,27,2025-12-15,2025-12-21,2025,51,CORTE E USINAGEM,LOW
MAT017,67,38,2025-12-22,2025-12-28,2025,52,CORTE E USINAGEM,LOW
MAT017,68,26,2025-12-29,2026-01-04,2026,1,CORTE E USINAGEM,LOW
MAT017,69,30,2026-01-05,2026-01-11,2026,2,CORTE E USINAGEM,LOW
MAT017,70,25,2026-01-12,2026-01-18,2026,3,CORTE E USINAGEM,LOW
MAT017,71,19,2026-01-19,2026-01-25,2026,4,CORTE E USINAGEM,LOW
MAT017,72,31,2026-01-26,2026-02-01,2026,5,CORTE E USINAGEM,LOW
MAT017,73,17,2026-02-02,2026-02-08,2026,6,CORTE E USINAGEM,LOW
MAT017,74,32,2026-02-09,2026-02-15,2026,7,CORTE E USINAGEM,LOW
MAT017,75,48,2026-02-16,2026-02-22,2026,8,CORTE E USINAGEM,LOW
MAT017,76,15,2026-02-23,2026-03-01,2026,9,CORTE E USINAGEM,LOW
MAT017,77,20,2026-03-02,2026-03-08,2026,10,CORTE E USINAGEM,LOW
MAT017,78,17,2026-03-09,2026-03-15,2026,11,CORTE E USINAGEM,LOW
MAT017,79,39,2026-03-16,2026-03-22,2026,12,CORTE E USINAGEM,LOW
MAT017,80,37,2026-03-23,2026-03-29,2026,13,CORTE E USINAGEM,LOW
MAT017,81,28,2026-03-30,2026-04-05,2026,14,CORTE E USINAGEM,LOW
MAT017,82,26,2026-04-06,2026-04-12,2026,15,CORTE E USINAGEM,LOW
MAT017,83,17,2026-04-13,2026-04-19,2026,16,CORTE E USINAGEM,LOW
MAT017,84,31,2026-04-20,2026-04-26,2026,17,CORTE E USINAGEM,LOW
MAT017,85,30,2026-04-27,2026-05-03,2026,18,CORTE E USINAGEM,LOW
MAT017,86,28,2026-05-04,2026-05-10,2026,19,CORTE E USINAGEM,LOW
MAT017,87,28,2026-05-11,2026-05-17,2026,20,CORTE E USINAGEM,LOW
MAT017,88,37,2026-05-18,2026-05-24,2026,21,CORTE E USINAGEM,LOW
MAT017,89,17,2026-05-25,2026-05-31,2026,22,CORTE E USINAGEM,LOW
MAT017,90,7,2026-06-01,2026-06-07,2026,23,CORTE E USINAGEM,LOW
MAT017,91,25,2026-06-08,2026-06-14,2026,24,CORTE E USINAGEM,LOW
MAT017,92,27,2026-06-15,2026-06-21,2026,25,CORTE E USINAGEM,LOW
MAT017,93,20,2026-06-22,2026-06-28,2026,26,CORTE E USINAGEM,LOW
MAT017,94,34,2026-06-29,2026-07-05,2026,27,CORTE E USINAGEM,LOW
MAT017,95,15,2026-07-06,2026-07-12,2026,28,CORTE E USINAGEM,LOW
MAT017,96,30,2026-07-13,2026-07-19,2026,29,CORTE E USINAGEM,LOW
MAT017,97,12,2026-07-20,2026-07-26,2026,30,CORTE E USINAGEM,LOW
MAT017,98,29,2026-07-27,2026-08-02,2026,31,CORTE E USINAGEM,LOW
MAT017,99,24,2026-08-03,2026-08-09,2026,32,CORTE E USINAGEM,LOW
MAT017,100,41,2026-08-10,2026-08-16,2026,33,CORTE E USINAGEM,LOW
MAT017,101,32,2026-08-17,2026-08-23,2026,34,CORTE E USINAGEM,LOW
MAT017,102,23,2026-08-24,2026-08-30,2026,35,CORTE E USINAGEM,LOW
MAT017,103,25,2026-08-31,2026-09-06,2026,36,CORTE E USINAGEM,LOW
MAT017,104,40,2026-09-07,2026-09-13,2026,37,CORTE E USINAGEM,LOW
MAT018,1,5,2024-09-16,2024-09-22,2024,38,CORTE E USINAGEM,MEDIUM
MAT018,2,4,2024-09-23,2024-09-29,2024,39,CORTE E USINAGEM,MEDIUM
MAT018,3,4,2024-09-30,2024-10-06,2024,40,CORTE E USINAGEM,MEDIUM
MAT018,4,6,2024-10-07,2024-10-13,2024,41,CORTE E USINAGEM,MEDIUM
MAT018,5,5,2024-10-14,2024-10-20,2024,42,CORTE E USINAGEM,MEDIUM
MAT018,6,2,2024-10-21,2024-10-27,2024,43,CORTE E USINAGEM,MEDIUM
MAT018,7,4,2024-10-28,2024-11-03,2024,44,CORTE E USINAGEM,MEDIUM
MAT018,8,6,2024-11-04,2024-11-10,2024,45,CORTE E USINAGEM,MEDIUM
MAT018,9,2,2024-11-11,2024-11-17,2024,46,CORTE E USINAGEM,MEDIUM
MAT018,10,1,2024-11-18,2024-11-24,2024,47,CORTE E USINAGEM,MEDIUM
MAT018,11,2,2024-11-25,2024-12-01,2024,48,CORTE E USINAGEM,MEDIUM
MAT018,12,2,2024-12-02,2024-12-08,2024,49,CORTE E USINAGEM,MEDIUM
MAT018,13,4,2024-12-09,2024-12-15,2024,50,CORTE E USINAGEM,MEDIUM
MAT018,14,3,2024-12-16,2024-12-22,2024,51,CORTE E USINAGEM,MEDIUM
MAT018,15,3,2024-12-23,2024-12-29,2024,52,CORTE E USINAGEM,MEDIUM
MAT018,16,4,2024-12-30,2025-01-05,2025,1,CORTE E USINAGEM,MEDIUM
MAT018,17,4,2025-01-06,2025-01-12,2025,2,CORTE E USINAGEM,MEDIUM
MAT018,18,3,2025-01-13,2025-01-19,2025,3,CORTE E USINAGEM,MEDIUM
MAT018,19,4,2025-01-20,2025-01-26,2025,4,CORTE E USINAGEM,MEDIUM
MAT018,20,3,2025-01-27,2025-02-02,2025,5,CORTE E USINAGEM,MEDIUM
MAT018,21,4,2025-02-03,2025-02-09,2025,6,CORTE E USINAGEM,MEDIUM
MAT018,22,4,2025-02-10,2025-02-16,2025,7,CORTE E USINAGEM,MEDIUM
MAT018,23,3,2025-02-17,2025-02-23,2025,8,CORTE E USINAGEM,MEDIUM
MAT018,24,5,2025-02-24,2025-03-02,2025,9,CORTE E USINAGEM,MEDIUM
MAT018,25,4,2025-03-03,2025-03-09,2025,10,CORTE E USINAGEM,MEDIUM
MAT018,26,4,2025-03-10,2025-03-16,2025,11,CORTE E USINAGEM,MEDIUM
MAT018,27,5,2025-03-17,2025-03-23,2025,12,CORTE E USINAGEM,MEDIUM
MAT018,28,4,2025-03-24,2025-03-30,2025,13,CORTE E USINAGEM,MEDIUM
MAT018,29,4,2025-03-31,2025-04-06,2025,14,CORTE E USINAGEM,MEDIUM
MAT018,30,5,2025-04-07,2025-04-13,2025,15,CORTE E USINAGEM,MEDIUM
MAT018,31,3,2025-04-14,2025-04-20,2025,16,CORTE E USINAGEM,MEDIUM
MAT018,32,3,2025-04-21,2025-04-27,2025,17,CORTE E USINAGEM,MEDIUM
MAT018,33,7,2025-04-28,2025-05-04,2025,18,CORTE E USINAGEM,MEDIUM
MAT018,34,3,2025-05-05,2025-05-11,2025,19,CORTE E USINAGEM,MEDIUM
MAT018,35,3,2025-05-12,2025-05-18,2025,20,CORTE E USINAGEM,MEDIUM
MAT018,36,4,2025-05-19,2025-05-25,2025,21,CORTE E USINAGEM,MEDIUM
MAT018,37,0,2025-05-26,2025-06-01,2025,22,CORTE E USINAGEM,MEDIUM
MAT018,38,4,2025-06-02,2025-06-08,2025,23,CORTE E USINAGEM,MEDIUM
MAT018,39,2,2025-06-09,2025-06-15,2025,24,CORTE E USINAGEM,MEDIUM
MAT018,40,3,2025-06-16,2025-06-22,2025,25,CORTE E USINAGEM,MEDIUM
MAT018,41,3,2025-06-23,2025-06-29,2025,26,CORTE E USINAGEM,MEDIUM
MAT018,42,3,2025-06-30,2025-07-06,2025,27,CORTE E USINAGEM,MEDIUM
MAT018,43,6,2025-07-07,2025-07-13,2025,28,CORTE E USINAGEM,MEDIUM
MAT018,44,5,2025-07-14,2025-07-20,2025,29,CORTE E USINAGEM,MEDIUM
MAT018,45,4,2025-07-21,2025-07-27,2025,30,CORTE E USINAGEM,MEDIUM
MAT018,46,2,2025-07-28,2025-08-03,2025,31,CORTE E USINAGEM,MEDIUM
MAT018,47,5,2025-08-04,2025-08-10,2025,32,CORTE E USINAGEM,MEDIUM
MAT018,48,5,2025-08-11,2025-08-17,2025,33,CORTE E USINAGEM,MEDIUM
MAT018,49,3,2025-08-18,2025-08-24,2025,34,CORTE E USINAGEM,MEDIUM
MAT018,50,3,2025-08-25,2025-08-31,2025,35,CORTE E USINAGEM,MEDIUM
MAT018,51,4,2025-09-01,2025-09-07,2025,36,CORTE E USINAGEM,MEDIUM
MAT018,52,3,2025-09-08,2025-09-14,2025,37,CORTE E USINAGEM,MEDIUM
MAT018,53,4,2025-09-15,2025-09-21,2025,38,CORTE E USINAGEM,MEDIUM
MAT018,54,5,2025-09-22,2025-09-28,2025,39,CORTE E USINAGEM,MEDIUM
MAT018,55,4,2025-09-29,2025-10-05,2025,40,CORTE E USINAGEM,MEDIUM
MAT018,56,3,2025-10-06,2025-10-12,2025,41,CORTE E USINAGEM,MEDIUM
MAT018,57,4,2025-10-13,2025-10-19,2025,42,CORTE E USINAGEM,MEDIUM
MAT018,58,4,2025-10-20,2025-10-26,2025,43,CORTE E USINAGEM,MEDIUM
MAT018,59,3,2025-10-27,2025-11-02,2025,44,CORTE E USINAGEM,MEDIUM
MAT018,60,3,2025-11-03,2025-11-09,2025,45,CORTE E USINAGEM,MEDIUM
MAT018,61,3,2025-11-10,2025-11-16,2025,46,CORTE E USINAGEM,MEDIUM
MAT018,62,2,2025-11-17,2025-11-23,2025,47,CORTE E USINAGEM,MEDIUM
MAT018,63,5,2025-11-24,2025-11-30,2025,48,CORTE E USINAGEM,MEDIUM
MAT018,64,3,2025-12-01,2025-12-07,2025,49,CORTE E USINAGEM,MEDIUM
MAT018,65,5,2025-12-08,2025-12-14,2025,50,CORTE E USINAGEM,MEDIUM
MAT018,66,4,2025-12-15,2025-12-21,2025,51,CORTE E USINAGEM,MEDIUM
MAT018,67,3,2025-12-22,2025-12-28,2025,52,CORTE E USINAGEM,MEDIUM
MAT018,68,3,2025-12-29,2026-01-04,2026,1,CORTE E USINAGEM,MEDIUM
MAT018,69,4,2026-01-05,2026-01-11,2026,2,CORTE E USINAGEM,MEDIUM
MAT018,70,3,2026-01-12,2026-01-18,2026,3,CORTE E USINAGEM,MEDIUM
MAT018,71,5,2026-01-19,2026-01-25,2026,4,CORTE E USINAGEM,MEDIUM
MAT018,72,4,2026-01-26,2026-02-01,2026,5,CORTE E USINAGEM,MEDIUM
MAT018,73,7,2026-02-02,2026-02-08,2026,6,CORTE E USINAGEM,MEDIUM
MAT018,74,5,2026-02-09,2026-02-15,2026,7,CORTE E USINAGEM,MEDIUM
MAT018,75,4,2026-02-16,2026-02-22,2026,8,CORTE E USINAGEM,MEDIUM
MAT018,76,2,2026-02-23,2026-03-01,2026,9,CORTE E USINAGEM,MEDIUM
MAT018,77,2,2026-03-02,2026-03-08,2026,10,CORTE E USINAGEM,MEDIUM
MAT018,78,2,2026-03-09,2026-03-15,2026,11,CORTE E USINAGEM,MEDIUM
MAT018,79,3,2026-03-16,2026-03-22,2026,12,CORTE E USINAGEM,MEDIUM
MAT018,80,4,2026-03-23,2026-03-29,2026,13,CORTE E USINAGEM,MEDIUM
MAT018,81,1,2026-03-30,2026-04-05,2026,14,CORTE E USINAGEM,MEDIUM
MAT018,82,4,2026-04-06,2026-04-12,2026,15,CORTE E USINAGEM,MEDIUM
MAT018,83,6,2026-04-13,2026-04-19,2026,16,CORTE E USINAGEM,MEDIUM
MAT018,84,4,2026-04-20,2026-04-26,2026,17,CORTE E USINAGEM,MEDIUM
MAT018,85,7,2026-04-27,2026-05-03,2026,18,CORTE E USINAGEM,MEDIUM
MAT018,86,2,2026-05-04,2026-05-10,2026,19,CORTE E USINAGEM,MEDIUM
MAT018,87,6,2026-05-11,2026-05-17,2026,20,CORTE E USINAGEM,MEDIUM
MAT018,88,5,2026-05-18,2026-05-24,2026,21,CORTE E USINAGEM,MEDIUM
MAT018,89,4,2026-05-25,2026-05-31,2026,22,CORTE E USINAGEM,MEDIUM
MAT018,90,5,2026-06-01,2026-06-07,2026,23,CORTE E USINAGEM,MEDIUM
MAT018,91,4,2026-06-08,2026-06-14,2026,24,CORTE E USINAGEM,MEDIUM
MAT018,92,7,2026-06-15,2026-06-21,2026,25,CORTE E USINAGEM,MEDIUM
MAT018,93,4,2026-06-22,2026-06-28,2026,26,CORTE E USINAGEM,MEDIUM
MAT018,94,2,2026-06-29,2026-07-05,2026,27,CORTE E USINAGEM,MEDIUM
MAT018,95,2,2026-07-06,2026-07-12,2026,28,CORTE E USINAGEM,MEDIUM
MAT018,96,4,2026-07-13,2026-07-19,2026,29,CORTE E USINAGEM,MEDIUM
MAT018,97,5,2026-07-20,2026-07-26,2026,30,CORTE E USINAGEM,MEDIUM
MAT018,98,6,2026-07-27,2026-08-02,2026,31,CORTE E USINAGEM,MEDIUM
MAT018,99,5,2026-08-03,2026-08-09,2026,32,CORTE E USINAGEM,MEDIUM
MAT018,100,3,2026-08-10,2026-08-16,2026,33,CORTE E USINAGEM,MEDIUM
MAT018,101,3,2026-08-17,2026-08-23,2026,34,CORTE E USINAGEM,MEDIUM
MAT018,102,6,2026-08-24,2026-08-30,2026,35,CORTE E USINAGEM,MEDIUM
MAT018,103,7,2026-08-31,2026-09-06,2026,36,CORTE E USINAGEM,MEDIUM
MAT018,104,3,2026-09-07,2026-09-13,2026,37,CORTE E USINAGEM,MEDIUM
MAT019,1,5,2024-09-16,2024-09-22,2024,38,ELETRICA_BATERIAS,MEDIUM
MAT019,2,7,2024-09-23,2024-09-29,2024,39,ELETRICA_BATERIAS,MEDIUM
MAT019,3,7,2024-09-30,2024-10-06,2024,40,ELETRICA_BATERIAS,MEDIUM
MAT019,4,11,2024-10-07,2024-10-13,2024,41,ELETRICA_BATERIAS,MEDIUM
MAT019,5,9,2024-10-14,2024-10-20,2024,42,ELETRICA_BATERIAS,MEDIUM
MAT019,6,11,2024-10-21,2024-10-27,2024,43,ELETRICA_BATERIAS,MEDIUM
MAT019,7,11,2024-10-28,2024-11-03,2024,44,ELETRICA_BATERIAS,MEDIUM
MAT019,8,4,2024-11-04,2024-11-10,2024,45,ELETRICA_BATERIAS,MEDIUM
MAT019,9,11,2024-11-11,2024-11-17,2024,46,ELETRICA_BATERIAS,MEDIUM
MAT019,10,11,2024-11-18,2024-11-24,2024,47,ELETRICA_BATERIAS,MEDIUM
MAT019,11,14,2024-11-25,2024-12-01,2024,48,ELETRICA_BATERIAS,MEDIUM
MAT019,12,12,2024-12-02,2024-12-08,2024,49,ELETRICA_BATERIAS,MEDIUM
MAT019,13,5,2024-12-09,2024-12-15,2024,50,ELETRICA_BATERIAS,MEDIUM
MAT019,14,6,2024-12-16,2024-12-22,2024,51,ELETRICA_BATERIAS,MEDIUM
MAT019,15,13,2024-12-23,2024-12-29,2024,52,ELETRICA_BATERIAS,MEDIUM
MAT019,16,6,2024-12-30,2025-01-05,2025,1,ELETRICA_BATERIAS,MEDIUM
MAT019,17,9,2025-01-06,2025-01-12,2025,2,ELETRICA_BATERIAS,MEDIUM
MAT019,18,10,2025-01-13,2025-01-19,2025,3,ELETRICA_BATERIAS,MEDIUM
MAT019,19,6,2025-01-20,2025-01-26,2025,4,ELETRICA_BATERIAS,MEDIUM
MAT019,20,6,2025-01-27,2025-02-02,2025,5,ELETRICA_BATERIAS,MEDIUM
MAT019,21,8,2025-02-03,2025-02-09,2025,6,ELETRICA_BATERIAS,MEDIUM
MAT019,22,12,2025-02-10,2025-02-16,2025,7,ELETRICA_BATERIAS,MEDIUM
MAT019,23,9,2025-02-17,2025-02-23,2025,8,ELETRICA_BATERIAS,MEDIUM
MAT019,24,13,2025-02-24,2025-03-02,2025,9,ELETRICA_BATERIAS,MEDIUM
MAT019,25,7,2025-03-03,2025-03-09,2025,10,ELETRICA_BATERIAS,MEDIUM
MAT019,26,8,2025-03-10,2025-03-16,2025,11,ELETRICA_BATERIAS,MEDIUM
MAT019,27,8,2025-03-17,2025-03-23,2025,12,ELETRICA_BATERIAS,MEDIUM
MAT019,28,7,2025-03-24,2025-03-30,2025,13,ELETRICA_BATERIAS,MEDIUM
MAT019,29,9,2025-03-31,2025-04-06,2025,14,ELETRICA_BATERIAS,MEDIUM
MAT019,30,8,2025-04-07,2025-04-13,2025,15,ELETRICA_BATERIAS,MEDIUM
MAT019,31,7,2025-04-14,2025-04-20,2025,16,ELETRICA_BATERIAS,MEDIUM
MAT019,32,7,2025-04-21,2025-04-27,2025,17,ELETRICA_BATERIAS,MEDIUM
MAT019,33,4,2025-04-28,2025-05-04,2025,18,ELETRICA_BATERIAS,MEDIUM
MAT019,34,5,2025-05-05,2025-05-11,2025,19,ELETRICA_BATERIAS,MEDIUM
MAT019,35,5,2025-05-12,2025-05-18,2025,20,ELETRICA_BATERIAS,MEDIUM
MAT019,36,5,2025-05-19,2025-05-25,2025,21,ELETRICA_BATERIAS,MEDIUM
MAT019,37,4,2025-05-26,2025-06-01,2025,22,ELETRICA_BATERIAS,MEDIUM
MAT019,38,5,2025-06-02,2025-06-08,2025,23,ELETRICA_BATERIAS,MEDIUM
MAT019,39,2,2025-06-09,2025-06-15,2025,24,ELETRICA_BATERIAS,MEDIUM
MAT019,40,7,2025-06-16,2025-06-22,2025,25,ELETRICA_BATERIAS,MEDIUM
MAT019,41,11,2025-06-23,2025-06-29,2025,26,ELETRICA_BATERIAS,MEDIUM
MAT019,42,5,2025-06-30,2025-07-06,2025,27,ELETRICA_BATERIAS,MEDIUM
MAT019,43,7,2025-07-07,2025-07-13,2025,28,ELETRICA_BATERIAS,MEDIUM
MAT019,44,7,2025-07-14,2025-07-20,2025,29,ELETRICA_BATERIAS,MEDIUM
MAT019,45,3,2025-07-21,2025-07-27,2025,30,ELETRICA_BATERIAS,MEDIUM
MAT019,46,7,2025-07-28,2025-08-03,2025,31,ELETRICA_BATERIAS,MEDIUM
MAT019,47,8,2025-08-04,2025-08-10,2025,32,ELETRICA_BATERIAS,MEDIUM
MAT019,48,9,2025-08-11,2025-08-17,2025,33,ELETRICA_BATERIAS,MEDIUM
MAT019,49,1,2025-08-18,2025-08-24,2025,34,ELETRICA_BATERIAS,MEDIUM
MAT019,50,6,2025-08-25,2025-08-31,2025,35,ELETRICA_BATERIAS,MEDIUM
MAT019,51,11,2025-09-01,2025-09-07,2025,36,ELETRICA_BATERIAS,MEDIUM
MAT019,52,7,2025-09-08,2025-09-14,2025,37,ELETRICA_BATERIAS,MEDIUM
MAT019,53,10,2025-09-15,2025-09-21,2025,38,ELETRICA_BATERIAS,MEDIUM
MAT019,54,7,2025-09-22,2025-09-28,2025,39,ELETRICA_BATERIAS,MEDIUM
MAT019,55,0,2025-09-29,2025-10-05,2025,40,ELETRICA_BATERIAS,MEDIUM
MAT019,56,6,2025-10-06,2025-10-12,2025,41,ELETRICA_BATERIAS,MEDIUM
MAT019,57,9,2025-10-13,2025-10-19,2025,42,ELETRICA_BATERIAS,MEDIUM
MAT019,58,11,2025-10-20,2025-10-26,2025,43,ELETRICA_BATERIAS,MEDIUM
MAT019,59,9,2025-10-27,2025-11-02,2025,44,ELETRICA_BATERIAS,MEDIUM
MAT019,60,4,2025-11-03,2025-11-09,2025,45,ELETRICA_BATERIAS,MEDIUM
MAT019,61,12,2025-11-10,2025-11-16,2025,46,ELETRICA_BATERIAS,MEDIUM
MAT019,62,5,2025-11-17,2025-11-23,2025,47,ELETRICA_BATERIAS,MEDIUM
MAT019,63,15,2025-11-24,2025-11-30,2025,48,ELETRICA_BATERIAS,MEDIUM
MAT019,64,8,2025-12-01,2025-12-07,2025,49,ELETRICA_BATERIAS,MEDIUM
MAT019,65,11,2025-12-08,2025-12-14,2025,50,ELETRICA_BATERIAS,MEDIUM
MAT019,66,10,2025-12-15,2025-12-21,2025,51,ELETRICA_BATERIAS,MEDIUM
MAT019,67,13,2025-12-22,2025-12-28,2025,52,ELETRICA_BATERIAS,MEDIUM
MAT019,68,11,2025-12-29,2026-01-04,2026,1,ELETRICA_BATERIAS,MEDIUM
MAT019,69,8,2026-01-05,2026-01-11,2026,2,ELETRICA_BATERIAS,MEDIUM
MAT019,70,14,2026-01-12,2026-01-18,2026,3,ELETRICA_BATERIAS,MEDIUM
MAT019,71,10,2026-01-19,2026-01-25,2026,4,ELETRICA_BATERIAS,MEDIUM
MAT019,72,9,2026-01-26,2026-02-01,2026,5,ELETRICA_BATERIAS,MEDIUM
MAT019,73,1,2026-02-02,2026-02-08,2026,6,ELETRICA_BATERIAS,MEDIUM
MAT019,74,8,2026-02-09,2026-02-15,2026,7,ELETRICA_BATERIAS,MEDIUM
MAT019,75,9,2026-02-16,2026-02-22,2026,8,ELETRICA_BATERIAS,MEDIUM
MAT019,76,6,2026-02-23,2026-03-01,2026,9,ELETRICA_BATERIAS,MEDIUM
MAT019,77,12,2026-03-02,2026-03-08,2026,10,ELETRICA_BATERIAS,MEDIUM
MAT019,78,7,2026-03-09,2026-03-15,2026,11,ELETRICA_BATERIAS,MEDIUM
MAT019,79,6,2026-03-16,2026-03-22,2026,12,ELETRICA_BATERIAS,MEDIUM
MAT019,80,6,2026-03-23,2026-03-29,2026,13,ELETRICA_BATERIAS,MEDIUM
MAT019,81,4,2026-03-30,2026-04-05,2026,14,ELETRICA_BATERIAS,MEDIUM
MAT019,82,8,2026-04-06,2026-04-12,2026,15,ELETRICA_BATERIAS,MEDIUM
MAT019,83,6,2026-04-13,2026-04-19,2026,16,ELETRICA_BATERIAS,MEDIUM
MAT019,84,6,2026-04-20,2026-04-26,2026,17,ELETRICA_BATERIAS,MEDIUM
MAT019,85,6,2026-04-27,2026-05-03,2026,18,ELETRICA_BATERIAS,MEDIUM
MAT019,86,5,2026-05-04,2026-05-10,2026,19,ELETRICA_BATERIAS,MEDIUM
MAT019,87,8,2026-05-11,2026-05-17,2026,20,ELETRICA_BATERIAS,MEDIUM
MAT019,88,2,2026-05-18,2026-05-24,2026,21,ELETRICA_BATERIAS,MEDIUM
MAT019,89,10,2026-05-25,2026-05-31,2026,22,ELETRICA_BATERIAS,MEDIUM
MAT019,90,5,2026-06-01,2026-06-07,2026,23,ELETRICA_BATERIAS,MEDIUM
MAT019,91,5,2026-06-08,2026-06-14,2026,24,ELETRICA_BATERIAS,MEDIUM
MAT019,92,9,2026-06-15,2026-06-21,2026,25,ELETRICA_BATERIAS,MEDIUM
MAT019,93,10,2026-06-22,2026-06-28,2026,26,ELETRICA_BATERIAS,MEDIUM
MAT019,94,7,2026-06-29,2026-07-05,2026,27,ELETRICA_BATERIAS,MEDIUM
MAT019,95,3,2026-07-06,2026-07-12,2026,28,ELETRICA_BATERIAS,MEDIUM
MAT019,96,2,2026-07-13,2026-07-19,2026,29,ELETRICA_BATERIAS,MEDIUM
MAT019,97,4,2026-07-20,2026-07-26,2026,30,ELETRICA_BATERIAS,MEDIUM
MAT019,98,7,2026-07-27,2026-08-02,2026,31,ELETRICA_BATERIAS,MEDIUM
MAT019,99,8,2026-08-03,2026-08-09,2026,32,ELETRICA_BATERIAS,MEDIUM
MAT019,100,6,2026-08-10,2026-08-16,2026,33,ELETRICA_BATERIAS,MEDIUM
MAT019,101,5,2026-08-17,2026-08-23,2026,34,ELETRICA_BATERIAS,MEDIUM
MAT019,102,5,2026-08-24,2026-08-30,2026,35,ELETRICA_BATERIAS,MEDIUM
MAT019,103,7,2026-08-31,2026-09-06,2026,36,ELETRICA_BATERIAS,MEDIUM
MAT019,104,8,2026-09-07,2026-09-13,2026,37,ELETRICA_BATERIAS,MEDIUM
MAT020,1,46,2024-09-16,2024-09-22,2024,38,ELETRICA_BATERIAS,MEDIUM
MAT020,2,73,2024-09-23,2024-09-29,2024,39,ELETRICA_BATERIAS,MEDIUM
MAT020,3,42,2024-09-30,2024-10-06,2024,40,ELETRICA_BATERIAS,MEDIUM
MAT020,4,67,2024-10-07,2024-10-13,2024,41,ELETRICA_BATERIAS,MEDIUM
MAT020,5,73,2024-10-14,2024-10-20,2024,42,ELETRICA_BATERIAS,MEDIUM
MAT020,6,51,2024-10-21,2024-10-27,2024,43,ELETRICA_BATERIAS,MEDIUM
MAT020,7,59,2024-10-28,2024-11-03,2024,44,ELETRICA_BATERIAS,MEDIUM
MAT020,8,47,2024-11-04,2024-11-10,2024,45,ELETRICA_BATERIAS,MEDIUM
MAT020,9,44,2024-11-11,2024-11-17,2024,46,ELETRICA_BATERIAS,MEDIUM
MAT020,10,55,2024-11-18,2024-11-24,2024,47,ELETRICA_BATERIAS,MEDIUM
MAT020,11,50,2024-11-25,2024-12-01,2024,48,ELETRICA_BATERIAS,MEDIUM
MAT020,12,48,2024-12-02,2024-12-08,2024,49,ELETRICA_BATERIAS,MEDIUM
MAT020,13,48,2024-12-09,2024-12-15,2024,50,ELETRICA_BATERIAS,MEDIUM
MAT020,14,63,2024-12-16,2024-12-22,2024,51,ELETRICA_BATERIAS,MEDIUM
MAT020,15,45,2024-12-23,2024-12-29,2024,52,ELETRICA_BATERIAS,MEDIUM
MAT020,16,42,2024-12-30,2025-01-05,2025,1,ELETRICA_BATERIAS,MEDIUM
MAT020,17,36,2025-01-06,2025-01-12,2025,2,ELETRICA_BATERIAS,MEDIUM
MAT020,18,45,2025-01-13,2025-01-19,2025,3,ELETRICA_BATERIAS,MEDIUM
MAT020,19,41,2025-01-20,2025-01-26,2025,4,ELETRICA_BATERIAS,MEDIUM
MAT020,20,47,2025-01-27,2025-02-02,2025,5,ELETRICA_BATERIAS,MEDIUM
MAT020,21,61,2025-02-03,2025-02-09,2025,6,ELETRICA_BATERIAS,MEDIUM
MAT020,22,33,2025-02-10,2025-02-16,2025,7,ELETRICA_BATERIAS,MEDIUM
MAT020,23,43,2025-02-17,2025-02-23,2025,8,ELETRICA_BATERIAS,MEDIUM
MAT020,24,50,2025-02-24,2025-03-02,2025,9,ELETRICA_BATERIAS,MEDIUM
MAT020,25,53,2025-03-03,2025-03-09,2025,10,ELETRICA_BATERIAS,MEDIUM
MAT020,26,49,2025-03-10,2025-03-16,2025,11,ELETRICA_BATERIAS,MEDIUM
MAT020,27,47,2025-03-17,2025-03-23,2025,12,ELETRICA_BATERIAS,MEDIUM
MAT020,28,59,2025-03-24,2025-03-30,2025,13,ELETRICA_BATERIAS,MEDIUM
MAT020,29,53,2025-03-31,2025-04-06,2025,14,ELETRICA_BATERIAS,MEDIUM
MAT020,30,54,2025-04-07,2025-04-13,2025,15,ELETRICA_BATERIAS,MEDIUM
MAT020,31,54,2025-04-14,2025-04-20,2025,16,ELETRICA_BATERIAS,MEDIUM
MAT020,32,54,2025-04-21,2025-04-27,2025,17,ELETRICA_BATERIAS,MEDIUM
MAT020,33,59,2025-04-28,2025-05-04,2025,18,ELETRICA_BATERIAS,MEDIUM
MAT020,34,43,2025-05-05,2025-05-11,2025,19,ELETRICA_BATERIAS,MEDIUM
MAT020,35,46,2025-05-12,2025-05-18,2025,20,ELETRICA_BATERIAS,MEDIUM
MAT020,36,62,2025-05-19,2025-05-25,2025,21,ELETRICA_BATERIAS,MEDIUM
MAT020,37,74,2025-05-26,2025-06-01,2025,22,ELETRICA_BATERIAS,MEDIUM
MAT020,38,67,2025-06-02,2025-06-08,2025,23,ELETRICA_BATERIAS,MEDIUM
MAT020,39,57,2025-06-09,2025-06-15,2025,24,ELETRICA_BATERIAS,MEDIUM
MAT020,40,27,2025-06-16,2025-06-22,2025,25,ELETRICA_BATERIAS,MEDIUM
MAT020,41,58,2025-06-23,2025-06-29,2025,26,ELETRICA_BATERIAS,MEDIUM
MAT020,42,47,2025-06-30,2025-07-06,2025,27,ELETRICA_BATERIAS,MEDIUM
MAT020,43,61,2025-07-07,2025-07-13,2025,28,ELETRICA_BATERIAS,MEDIUM
MAT020,44,67,2025-07-14,2025-07-20,2025,29,ELETRICA_BATERIAS,MEDIUM
MAT020,45,47,2025-07-21,2025-07-27,2025,30,ELETRICA_BATERIAS,MEDIUM
MAT020,46,55,2025-07-28,2025-08-03,2025,31,ELETRICA_BATERIAS,MEDIUM
MAT020,47,45,2025-08-04,2025-08-10,2025,32,ELETRICA_BATERIAS,MEDIUM
MAT020,48,59,2025-08-11,2025-08-17,2025,33,ELETRICA_BATERIAS,MEDIUM
MAT020,49,51,2025-08-18,2025-08-24,2025,34,ELETRICA_BATERIAS,MEDIUM
MAT020,50,57,2025-08-25,2025-08-31,2025,35,ELETRICA_BATERIAS,MEDIUM
MAT020,51,61,2025-09-01,2025-09-07,2025,36,ELETRICA_BATERIAS,MEDIUM
MAT020,52,58,2025-09-08,2025-09-14,2025,37,ELETRICA_BATERIAS,MEDIUM
MAT020,53,47,2025-09-15,2025-09-21,2025,38,ELETRICA_BATERIAS,MEDIUM
MAT020,54,56,2025-09-22,2025-09-28,2025,39,ELETRICA_BATERIAS,MEDIUM
MAT020,55,44,2025-09-29,2025-10-05,2025,40,ELETRICA_BATERIAS,MEDIUM
MAT020,56,69,2025-10-06,2025-10-12,2025,41,ELETRICA_BATERIAS,MEDIUM
MAT020,57,62,2025-10-13,2025-10-19,2025,42,ELETRICA_BATERIAS,MEDIUM
MAT020,58,60,2025-10-20,2025-10-26,2025,43,ELETRICA_BATERIAS,MEDIUM
MAT020,59,37,2025-10-27,2025-11-02,2025,44,ELETRICA_BATERIAS,MEDIUM
MAT020,60,49,2025-11-03,2025-11-09,2025,45,ELETRICA_BATERIAS,MEDIUM
MAT020,61,49,2025-11-10,2025-11-16,2025,46,ELETRICA_BATERIAS,MEDIUM
MAT020,62,49,2025-11-17,2025-11-23,2025,47,ELETRICA_BATERIAS,MEDIUM
MAT020,63,52,2025-11-24,2025-11-30,2025,48,ELETRICA_BATERIAS,MEDIUM
MAT020,64,62,2025-12-01,2025-12-07,2025,49,ELETRICA_BATERIAS,MEDIUM
MAT020,65,47,2025-12-08,2025-12-14,2025,50,ELETRICA_BATERIAS,MEDIUM
MAT020,66,43,2025-12-15,2025-12-21,2025,51,ELETRICA_BATERIAS,MEDIUM
MAT020,67,49,2025-12-22,2025-12-28,2025,52,ELETRICA_BATERIAS,MEDIUM
MAT020,68,54,2025-12-29,2026-01-04,2026,1,ELETRICA_BATERIAS,MEDIUM
MAT020,69,63,2026-01-05,2026-01-11,2026,2,ELETRICA_BATERIAS,MEDIUM
MAT020,70,47,2026-01-12,2026-01-18,2026,3,ELETRICA_BATERIAS,MEDIUM
MAT020,71,41,2026-01-19,2026-01-25,2026,4,ELETRICA_BATERIAS,MEDIUM
MAT020,72,46,2026-01-26,2026-02-01,2026,5,ELETRICA_BATERIAS,MEDIUM
MAT020,73,60,2026-02-02,2026-02-08,2026,6,ELETRICA_BATERIAS,MEDIUM
MAT020,74,61,2026-02-09,2026-02-15,2026,7,ELETRICA_BATERIAS,MEDIUM
MAT020,75,32,2026-02-16,2026-02-22,2026,8,ELETRICA_BATERIAS,MEDIUM
MAT020,76,63,2026-02-23,2026-03-01,2026,9,ELETRICA_BATERIAS,MEDIUM
MAT020,77,40,2026-03-02,2026-03-08,2026,10,ELETRICA_BATERIAS,MEDIUM
MAT020,78,57,2026-03-09,2026-03-15,2026,11,ELETRICA_BATERIAS,MEDIUM
MAT020,79,54,2026-03-16,2026-03-22,2026,12,ELETRICA_BATERIAS,MEDIUM
MAT020,80,62,2026-03-23,2026-03-29,2026,13,ELETRICA_BATERIAS,MEDIUM
MAT020,81,53,2026-03-30,2026-04-05,2026,14,ELETRICA_BATERIAS,MEDIUM
MAT020,82,47,2026-04-06,2026-04-12,2026,15,ELETRICA_BATERIAS,MEDIUM
MAT020,83,39,2026-04-13,2026-04-19,2026,16,ELETRICA_BATERIAS,MEDIUM
MAT020,84,53,2026-04-20,2026-04-26,2026,17,ELETRICA_BATERIAS,MEDIUM
MAT020,85,52,2026-04-27,2026-05-03,2026,18,ELETRICA_BATERIAS,MEDIUM
MAT020,86,72,2026-05-04,2026-05-10,2026,19,ELETRICA_BATERIAS,MEDIUM
MAT020,87,58,2026-05-11,2026-05-17,2026,20,ELETRICA_BATERIAS,MEDIUM
MAT020,88,66,2026-05-18,2026-05-24,2026,21,ELETRICA_BATERIAS,MEDIUM
MAT020,89,61,2026-05-25,2026-05-31,2026,22,ELETRICA_BATERIAS,MEDIUM
MAT020,90,78,2026-06-01,2026-06-07,2026,23,ELETRICA_BATERIAS,MEDIUM
MAT020,91,56,2026-06-08,2026-06-14,2026,24,ELETRICA_BATERIAS,MEDIUM
MAT020,92,72,2026-06-15,2026-06-21,2026,25,ELETRICA_BATERIAS,MEDIUM
MAT020,93,62,2026-06-22,2026-06-28,2026,26,ELETRICA_BATERIAS,MEDIUM
MAT020,94,83,2026-06-29,2026-07-05,2026,27,ELETRICA_BATERIAS,MEDIUM
MAT020,95,63,2026-07-06,2026-07-12,2026,28,ELETRICA_BATERIAS,MEDIUM
MAT020,96,72,2026-07-13,2026-07-19,2026,29,ELETRICA_BATERIAS,MEDIUM
MAT020,97,81,2026-07-20,2026-07-26,2026,30,ELETRICA_BATERIAS,MEDIUM
MAT020,98,90,2026-07-27,2026-08-02,2026,31,ELETRICA_BATERIAS,MEDIUM
MAT020,99,61,2026-08-03,2026-08-09,2026,32,ELETRICA_BATERIAS,MEDIUM
MAT020,100,78,2026-08-10,2026-08-16,2026,33,ELETRICA_BATERIAS,MEDIUM
MAT020,101,70,2026-08-17,2026-08-23,2026,34,ELETRICA_BATERIAS,MEDIUM
MAT020,102,70,2026-08-24,2026-08-30,2026,35,ELETRICA_BATERIAS,MEDIUM
MAT020,103,35,2026-08-31,2026-09-06,2026,36,ELETRICA_BATERIAS,MEDIUM
MAT020,104,71,2026-09-07,2026-09-13,2026,37,ELETRICA_BATERIAS,MEDIUM
MAT021,1,13,2024-09-16,2024-09-22,2024,38,ELETRICA_BATERIAS,HIGH
MAT021,2,8,2024-09-23,2024-09-29,2024,39,ELETRICA_BATERIAS,HIGH
MAT021,3,6,2024-09-30,2024-10-06,2024,40,ELETRICA_BATERIAS,HIGH
MAT021,4,14,2024-10-07,2024-10-13,2024,41,ELETRICA_BATERIAS,HIGH
MAT021,5,10,2024-10-14,2024-10-20,2024,42,ELETRICA_BATERIAS,HIGH
MAT021,6,14,2024-10-21,2024-10-27,2024,43,ELETRICA_BATERIAS,HIGH
MAT021,7,13,2024-10-28,2024-11-03,2024,44,ELETRICA_BATERIAS,HIGH
MAT021,8,12,2024-11-04,2024-11-10,2024,45,ELETRICA_BATERIAS,HIGH
MAT021,9,14,2024-11-11,2024-11-17,2024,46,ELETRICA_BATERIAS,HIGH
MAT021,10,9,2024-11-18,2024-11-24,2024,47,ELETRICA_BATERIAS,HIGH
MAT021,11,5,2024-11-25,2024-12-01,2024,48,ELETRICA_BATERIAS,HIGH
MAT021,12,11,2024-12-02,2024-12-08,2024,49,ELETRICA_BATERIAS,HIGH
MAT021,13,8,2024-12-09,2024-12-15,2024,50,ELETRICA_BATERIAS,HIGH
MAT021,14,10,2024-12-16,2024-12-22,2024,51,ELETRICA_BATERIAS,HIGH
MAT021,15,8,2024-12-23,2024-12-29,2024,52,ELETRICA_BATERIAS,HIGH
MAT021,16,7,2024-12-30,2025-01-05,2025,1,ELETRICA_BATERIAS,HIGH
MAT021,17,11,2025-01-06,2025-01-12,2025,2,ELETRICA_BATERIAS,HIGH
MAT021,18,7,2025-01-13,2025-01-19,2025,3,ELETRICA_BATERIAS,HIGH
MAT021,19,9,2025-01-20,2025-01-26,2025,4,ELETRICA_BATERIAS,HIGH
MAT021,20,11,2025-01-27,2025-02-02,2025,5,ELETRICA_BATERIAS,HIGH
MAT021,21,10,2025-02-03,2025-02-09,2025,6,ELETRICA_BATERIAS,HIGH
MAT021,22,11,2025-02-10,2025-02-16,2025,7,ELETRICA_BATERIAS,HIGH
MAT021,23,9,2025-02-17,2025-02-23,2025,8,ELETRICA_BATERIAS,HIGH
MAT021,24,12,2025-02-24,2025-03-02,2025,9,ELETRICA_BATERIAS,HIGH
MAT021,25,16,2025-03-03,2025-03-09,2025,10,ELETRICA_BATERIAS,HIGH
MAT021,26,8,2025-03-10,2025-03-16,2025,11,ELETRICA_BATERIAS,HIGH
MAT021,27,15,2025-03-17,2025-03-23,2025,12,ELETRICA_BATERIAS,HIGH
MAT021,28,12,2025-03-24,2025-03-30,2025,13,ELETRICA_BATERIAS,HIGH
MAT021,29,11,2025-03-31,2025-04-06,2025,14,ELETRICA_BATERIAS,HIGH
MAT021,30,12,2025-04-07,2025-04-13,2025,15,ELETRICA_BATERIAS,HIGH
MAT021,31,8,2025-04-14,2025-04-20,2025,16,ELETRICA_BATERIAS,HIGH
MAT021,32,6,2025-04-21,2025-04-27,2025,17,ELETRICA_BATERIAS,HIGH
MAT021,33,14,2025-04-28,2025-05-04,2025,18,ELETRICA_BATERIAS,HIGH
MAT021,34,6,2025-05-05,2025-05-11,2025,19,ELETRICA_BATERIAS,HIGH
MAT021,35,13,2025-05-12,2025-05-18,2025,20,ELETRICA_BATERIAS,HIGH
MAT021,36,8,2025-05-19,2025-05-25,2025,21,ELETRICA_BATERIAS,HIGH
MAT021,37,12,2025-05-26,2025-06-01,2025,22,ELETRICA_BATERIAS,HIGH
MAT021,38,6,2025-06-02,2025-06-08,2025,23,ELETRICA_BATERIAS,HIGH
MAT021,39,8,2025-06-09,2025-06-15,2025,24,ELETRICA_BATERIAS,HIGH
MAT021,40,4,2025-06-16,2025-06-22,2025,25,ELETRICA_BATERIAS,HIGH
MAT021,41,12,2025-06-23,2025-06-29,2025,26,ELETRICA_BATERIAS,HIGH
MAT021,42,7,2025-06-30,2025-07-06,2025,27,ELETRICA_BATERIAS,HIGH
MAT021,43,12,2025-07-07,2025-07-13,2025,28,ELETRICA_BATERIAS,HIGH
MAT021,44,6,2025-07-14,2025-07-20,2025,29,ELETRICA_BATERIAS,HIGH
MAT021,45,15,2025-07-21,2025-07-27,2025,30,ELETRICA_BATERIAS,HIGH
MAT021,46,9,2025-07-28,2025-08-03,2025,31,ELETRICA_BATERIAS,HIGH
MAT021,47,11,2025-08-04,2025-08-10,2025,32,ELETRICA_BATERIAS,HIGH
MAT021,48,11,2025-08-11,2025-08-17,2025,33,ELETRICA_BATERIAS,HIGH
MAT021,49,8,2025-08-18,2025-08-24,2025,34,ELETRICA_BATERIAS,HIGH
MAT021,50,15,2025-08-25,2025-08-31,2025,35,ELETRICA_BATERIAS,HIGH
MAT021,51,6,2025-09-01,2025-09-07,2025,36,ELETRICA_BATERIAS,HIGH
MAT021,52,8,2025-09-08,2025-09-14,2025,37,ELETRICA_BATERIAS,HIGH
MAT021,53,12,2025-09-15,2025-09-21,2025,38,ELETRICA_BATERIAS,HIGH
MAT021,54,12,2025-09-22,2025-09-28,2025,39,ELETRICA_BATERIAS,HIGH
MAT021,55,6,2025-09-29,2025-10-05,2025,40,ELETRICA_BATERIAS,HIGH
MAT021,56,7,2025-10-06,2025-10-12,2025,41,ELETRICA_BATERIAS,HIGH
MAT021,57,8,2025-10-13,2025-10-19,2025,42,ELETRICA_BATERIAS,HIGH
MAT021,58,12,2025-10-20,2025-10-26,2025,43,ELETRICA_BATERIAS,HIGH
MAT021,59,15,2025-10-27,2025-11-02,2025,44,ELETRICA_BATERIAS,HIGH
MAT021,60,7,2025-11-03,2025-11-09,2025,45,ELETRICA_BATERIAS,HIGH
MAT021,61,7,2025-11-10,2025-11-16,2025,46,ELETRICA_BATERIAS,HIGH
MAT021,62,10,2025-11-17,2025-11-23,2025,47,ELETRICA_BATERIAS,HIGH
MAT021,63,8,2025-11-24,2025-11-30,2025,48,ELETRICA_BATERIAS,HIGH
MAT021,64,10,2025-12-01,2025-12-07,2025,49,ELETRICA_BATERIAS,HIGH
MAT021,65,11,2025-12-08,2025-12-14,2025,50,ELETRICA_BATERIAS,HIGH
MAT021,66,10,2025-12-15,2025-12-21,2025,51,ELETRICA_BATERIAS,HIGH
MAT021,67,15,2025-12-22,2025-12-28,2025,52,ELETRICA_BATERIAS,HIGH
MAT021,68,6,2025-12-29,2026-01-04,2026,1,ELETRICA_BATERIAS,HIGH
MAT021,69,9,2026-01-05,2026-01-11,2026,2,ELETRICA_BATERIAS,HIGH
MAT021,70,13,2026-01-12,2026-01-18,2026,3,ELETRICA_BATERIAS,HIGH
MAT021,71,8,2026-01-19,2026-01-25,2026,4,ELETRICA_BATERIAS,HIGH
MAT021,72,9,2026-01-26,2026-02-01,2026,5,ELETRICA_BATERIAS,HIGH
MAT021,73,16,2026-02-02,2026-02-08,2026,6,ELETRICA_BATERIAS,HIGH
MAT021,74,6,2026-02-09,2026-02-15,2026,7,ELETRICA_BATERIAS,HIGH
MAT021,75,12,2026-02-16,2026-02-22,2026,8,ELETRICA_BATERIAS,HIGH
MAT021,76,14,2026-02-23,2026-03-01,2026,9,ELETRICA_BATERIAS,HIGH
MAT021,77,12,2026-03-02,2026-03-08,2026,10,ELETRICA_BATERIAS,HIGH
MAT021,78,9,2026-03-09,2026-03-15,2026,11,ELETRICA_BATERIAS,HIGH
MAT021,79,6,2026-03-16,2026-03-22,2026,12,ELETRICA_BATERIAS,HIGH
MAT021,80,12,2026-03-23,2026-03-29,2026,13,ELETRICA_BATERIAS,HIGH
MAT021,81,14,2026-03-30,2026-04-05,2026,14,ELETRICA_BATERIAS,HIGH
MAT021,82,14,2026-04-06,2026-04-12,2026,15,ELETRICA_BATERIAS,HIGH
MAT021,83,12,2026-04-13,2026-04-19,2026,16,ELETRICA_BATERIAS,HIGH
MAT021,84,7,2026-04-20,2026-04-26,2026,17,ELETRICA_BATERIAS,HIGH
MAT021,85,7,2026-04-27,2026-05-03,2026,18,ELETRICA_BATERIAS,HIGH
MAT021,86,5,2026-05-04,2026-05-10,2026,19,ELETRICA_BATERIAS,HIGH
MAT021,87,10,2026-05-11,2026-05-17,2026,20,ELETRICA_BATERIAS,HIGH
MAT021,88,9,2026-05-18,2026-05-24,2026,21,ELETRICA_BATERIAS,HIGH
MAT021,89,9,2026-05-25,2026-05-31,2026,22,ELETRICA_BATERIAS,HIGH
MAT021,90,5,2026-06-01,2026-06-07,2026,23,ELETRICA_BATERIAS,HIGH
MAT021,91,1,2026-06-08,2026-06-14,2026,24,ELETRICA_BATERIAS,HIGH
MAT021,92,13,2026-06-15,2026-06-21,2026,25,ELETRICA_BATERIAS,HIGH
MAT021,93,15,2026-06-22,2026-06-28,2026,26,ELETRICA_BATERIAS,HIGH
MAT021,94,7,2026-06-29,2026-07-05,2026,27,ELETRICA_BATERIAS,HIGH
MAT021,95,3,2026-07-06,2026-07-12,2026,28,ELETRICA_BATERIAS,HIGH
MAT021,96,13,2026-07-13,2026-07-19,2026,29,ELETRICA_BATERIAS,HIGH
MAT021,97,4,2026-07-20,2026-07-26,2026,30,ELETRICA_BATERIAS,HIGH
MAT021,98,7,2026-07-27,2026-08-02,2026,31,ELETRICA_BATERIAS,HIGH
MAT021,99,9,2026-08-03,2026-08-09,2026,32,ELETRICA_BATERIAS,HIGH
MAT021,100,5,2026-08-10,2026-08-16,2026,33,ELETRICA_BATERIAS,HIGH
MAT021,101,9,2026-08-17,2026-08-23,2026,34,ELETRICA_BATERIAS,HIGH
MAT021,102,14,2026-08-24,2026-08-30,2026,35,ELETRICA_BATERIAS,HIGH
MAT021,103,6,2026-08-31,2026-09-06,2026,36,ELETRICA_BATERIAS,HIGH
MAT021,104,7,2026-09-07,2026-09-13,2026,37,ELETRICA_BATERIAS,HIGH
MAT022,1,50,2024-09-16,2024-09-22,2024,38,ELETRICA_BATERIAS,LOW
MAT022,2,48,2024-09-23,2024-09-29,2024,39,ELETRICA_BATERIAS,LOW
MAT022,3,27,2024-09-30,2024-10-06,2024,40,ELETRICA_BATERIAS,LOW
MAT022,4,54,2024-10-07,2024-10-13,2024,41,ELETRICA_BATERIAS,LOW
MAT022,5,61,2024-10-14,2024-10-20,2024,42,ELETRICA_BATERIAS,LOW
MAT022,6,52,2024-10-21,2024-10-27,2024,43,ELETRICA_BATERIAS,LOW
MAT022,7,50,2024-10-28,2024-11-03,2024,44,ELETRICA_BATERIAS,LOW
MAT022,8,51,2024-11-04,2024-11-10,2024,45,ELETRICA_BATERIAS,LOW
MAT022,9,54,2024-11-11,2024-11-17,2024,46,ELETRICA_BATERIAS,LOW
MAT022,10,57,2024-11-18,2024-11-24,2024,47,ELETRICA_BATERIAS,LOW
MAT022,11,61,2024-11-25,2024-12-01,2024,48,ELETRICA_BATERIAS,LOW
MAT022,12,49,2024-12-02,2024-12-08,2024,49,ELETRICA_BATERIAS,LOW
MAT022,13,52,2024-12-09,2024-12-15,2024,50,ELETRICA_BATERIAS,LOW
MAT022,14,42,2024-12-16,2024-12-22,2024,51,ELETRICA_BATERIAS,LOW
MAT022,15,52,2024-12-23,2024-12-29,2024,52,ELETRICA_BATERIAS,LOW
MAT022,16,38,2024-12-30,2025-01-05,2025,1,ELETRICA_BATERIAS,LOW
MAT022,17,56,2025-01-06,2025-01-12,2025,2,ELETRICA_BATERIAS,LOW
MAT022,18,38,2025-01-13,2025-01-19,2025,3,ELETRICA_BATERIAS,LOW
MAT022,19,49,2025-01-20,2025-01-26,2025,4,ELETRICA_BATERIAS,LOW
MAT022,20,45,2025-01-27,2025-02-02,2025,5,ELETRICA_BATERIAS,LOW
MAT022,21,66,2025-02-03,2025-02-09,2025,6,ELETRICA_BATERIAS,LOW
MAT022,22,42,2025-02-10,2025-02-16,2025,7,ELETRICA_BATERIAS,LOW
MAT022,23,63,2025-02-17,2025-02-23,2025,8,ELETRICA_BATERIAS,LOW
MAT022,24,53,2025-02-24,2025-03-02,2025,9,ELETRICA_BATERIAS,LOW
MAT022,25,51,2025-03-03,2025-03-09,2025,10,ELETRICA_BATERIAS,LOW
MAT022,26,62,2025-03-10,2025-03-16,2025,11,ELETRICA_BATERIAS,LOW
MAT022,27,47,2025-03-17,2025-03-23,2025,12,ELETRICA_BATERIAS,LOW
MAT022,28,52,2025-03-24,2025-03-30,2025,13,ELETRICA_BATERIAS,LOW
MAT022,29,54,2025-03-31,2025-04-06,2025,14,ELETRICA_BATERIAS,LOW
MAT022,30,62,2025-04-07,2025-04-13,2025,15,ELETRICA_BATERIAS,LOW
MAT022,31,56,2025-04-14,2025-04-20,2025,16,ELETRICA_BATERIAS,LOW
MAT022,32,58,2025-04-21,2025-04-27,2025,17,ELETRICA_BATERIAS,LOW
MAT022,33,46,2025-04-28,2025-05-04,2025,18,ELETRICA_BATERIAS,LOW
MAT022,34,47,2025-05-05,2025-05-11,2025,19,ELETRICA_BATERIAS,LOW
MAT022,35,57,2025-05-12,2025-05-18,2025,20,ELETRICA_BATERIAS,LOW
MAT022,36,57,2025-05-19,2025-05-25,2025,21,ELETRICA_BATERIAS,LOW
MAT022,37,50,2025-05-26,2025-06-01,2025,22,ELETRICA_BATERIAS,LOW
MAT022,38,62,2025-06-02,2025-06-08,2025,23,ELETRICA_BATERIAS,LOW
MAT022,39,57,2025-06-09,2025-06-15,2025,24,ELETRICA_BATERIAS,LOW
MAT022,40,44,2025-06-16,2025-06-22,2025,25,ELETRICA_BATERIAS,LOW
MAT022,41,38,2025-06-23,2025-06-29,2025,26,ELETRICA_BATERIAS,LOW
MAT022,42,57,2025-06-30,2025-07-06,2025,27,ELETRICA_BATERIAS,LOW
MAT022,43,46,2025-07-07,2025-07-13,2025,28,ELETRICA_BATERIAS,LOW
MAT022,44,46,2025-07-14,2025-07-20,2025,29,ELETRICA_BATERIAS,LOW
MAT022,45,34,2025-07-21,2025-07-27,2025,30,ELETRICA_BATERIAS,LOW
MAT022,46,41,2025-07-28,2025-08-03,2025,31,ELETRICA_BATERIAS,LOW
MAT022,47,45,2025-08-04,2025-08-10,2025,32,ELETRICA_BATERIAS,LOW
MAT022,48,42,2025-08-11,2025-08-17,2025,33,ELETRICA_BATERIAS,LOW
MAT022,49,56,2025-08-18,2025-08-24,2025,34,ELETRICA_BATERIAS,LOW
MAT022,50,56,2025-08-25,2025-08-31,2025,35,ELETRICA_BATERIAS,LOW
MAT022,51,44,2025-09-01,2025-09-07,2025,36,ELETRICA_BATERIAS,LOW
MAT022,52,39,2025-09-08,2025-09-14,2025,37,ELETRICA_BATERIAS,LOW
MAT022,53,44,2025-09-15,2025-09-21,2025,38,ELETRICA_BATERIAS,LOW
MAT022,54,55,2025-09-22,2025-09-28,2025,39,ELETRICA_BATERIAS,LOW
MAT022,55,46,2025-09-29,2025-10-05,2025,40,ELETRICA_BATERIAS,LOW
MAT022,56,53,2025-10-06,2025-10-12,2025,41,ELETRICA_BATERIAS,LOW
MAT022,57,36,2025-10-13,2025-10-19,2025,42,ELETRICA_BATERIAS,LOW
MAT022,58,53,2025-10-20,2025-10-26,2025,43,ELETRICA_BATERIAS,LOW
MAT022,59,48,2025-10-27,2025-11-02,2025,44,ELETRICA_BATERIAS,LOW
MAT022,60,36,2025-11-03,2025-11-09,2025,45,ELETRICA_BATERIAS,LOW
MAT022,61,41,2025-11-10,2025-11-16,2025,46,ELETRICA_BATERIAS,LOW
MAT022,62,54,2025-11-17,2025-11-23,2025,47,ELETRICA_BATERIAS,LOW
MAT022,63,44,2025-11-24,2025-11-30,2025,48,ELETRICA_BATERIAS,LOW
MAT022,64,52,2025-12-01,2025-12-07,2025,49,ELETRICA_BATERIAS,LOW
MAT022,65,66,2025-12-08,2025-12-14,2025,50,ELETRICA_BATERIAS,LOW
MAT022,66,42,2025-12-15,2025-12-21,2025,51,ELETRICA_BATERIAS,LOW
MAT022,67,51,2025-12-22,2025-12-28,2025,52,ELETRICA_BATERIAS,LOW
MAT022,68,53,2025-12-29,2026-01-04,2026,1,ELETRICA_BATERIAS,LOW
MAT022,69,41,2026-01-05,2026-01-11,2026,2,ELETRICA_BATERIAS,LOW
MAT022,70,59,2026-01-12,2026-01-18,2026,3,ELETRICA_BATERIAS,LOW
MAT022,71,45,2026-01-19,2026-01-25,2026,4,ELETRICA_BATERIAS,LOW
MAT022,72,66,2026-01-26,2026-02-01,2026,5,ELETRICA_BATERIAS,LOW
MAT022,73,52,2026-02-02,2026-02-08,2026,6,ELETRICA_BATERIAS,LOW
MAT022,74,52,2026-02-09,2026-02-15,2026,7,ELETRICA_BATERIAS,LOW
MAT022,75,59,2026-02-16,2026-02-22,2026,8,ELETRICA_BATERIAS,LOW
MAT022,76,76,2026-02-23,2026-03-01,2026,9,ELETRICA_BATERIAS,LOW
MAT022,77,48,2026-03-02,2026-03-08,2026,10,ELETRICA_BATERIAS,LOW
MAT022,78,50,2026-03-09,2026-03-15,2026,11,ELETRICA_BATERIAS,LOW
MAT022,79,68,2026-03-16,2026-03-22,2026,12,ELETRICA_BATERIAS,LOW
MAT022,80,43,2026-03-23,2026-03-29,2026,13,ELETRICA_BATERIAS,LOW
MAT022,81,35,2026-03-30,2026-04-05,2026,14,ELETRICA_BATERIAS,LOW
MAT022,82,53,2026-04-06,2026-04-12,2026,15,ELETRICA_BATERIAS,LOW
MAT022,83,52,2026-04-13,2026-04-19,2026,16,ELETRICA_BATERIAS,LOW
MAT022,84,45,2026-04-20,2026-04-26,2026,17,ELETRICA_BATERIAS,LOW
MAT022,85,64,2026-04-27,2026-05-03,2026,18,ELETRICA_BATERIAS,LOW
MAT022,86,53,2026-05-04,2026-05-10,2026,19,ELETRICA_BATERIAS,LOW
MAT022,87,57,2026-05-11,2026-05-17,2026,20,ELETRICA_BATERIAS,LOW
MAT022,88,55,2026-05-18,2026-05-24,2026,21,ELETRICA_BATERIAS,LOW
MAT022,89,58,2026-05-25,2026-05-31,2026,22,ELETRICA_BATERIAS,LOW
MAT022,90,38,2026-06-01,2026-06-07,2026,23,ELETRICA_BATERIAS,LOW
MAT022,91,51,2026-06-08,2026-06-14,2026,24,ELETRICA_BATERIAS,LOW
MAT022,92,48,2026-06-15,2026-06-21,2026,25,ELETRICA_BATERIAS,LOW
MAT022,93,43,2026-06-22,2026-06-28,2026,26,ELETRICA_BATERIAS,LOW
MAT022,94,42,2026-06-29,2026-07-05,2026,27,ELETRICA_BATERIAS,LOW
MAT022,95,34,2026-07-06,2026-07-12,2026,28,ELETRICA_BATERIAS,LOW
MAT022,96,46,2026-07-13,2026-07-19,2026,29,ELETRICA_BATERIAS,LOW
MAT022,97,44,2026-07-20,2026-07-26,2026,30,ELETRICA_BATERIAS,LOW
MAT022,98,66,2026-07-27,2026-08-02,2026,31,ELETRICA_BATERIAS,LOW
MAT022,99,47,2026-08-03,2026-08-09,2026,32,ELETRICA_BATERIAS,LOW
MAT022,100,44,2026-08-10,2026-08-16,2026,33,ELETRICA_BATERIAS,LOW
MAT022,101,50,2026-08-17,2026-08-23,2026,34,ELETRICA_BATERIAS,LOW
MAT022,102,33,2026-08-24,2026-08-30,2026,35,ELETRICA_BATERIAS,LOW
MAT022,103,36,2026-08-31,2026-09-06,2026,36,ELETRICA_BATERIAS,LOW
MAT022,104,38,2026-09-07,2026-09-13,2026,37,ELETRICA_BATERIAS,LOW
MAT023,1,16,2024-09-16,2024-09-22,2024,38,ELETRICA_BATERIAS,HIGH
MAT023,2,0,2024-09-23,2024-09-29,2024,39,ELETRICA_BATERIAS,HIGH
MAT023,3,15,2024-09-30,2024-10-06,2024,40,ELETRICA_BATERIAS,HIGH
MAT023,4,0,2024-10-07,2024-10-13,2024,41,ELETRICA_BATERIAS,HIGH
MAT023,5,0,2024-10-14,2024-10-20,2024,42,ELETRICA_BATERIAS,HIGH
MAT023,6,0,2024-10-21,2024-10-27,2024,43,ELETRICA_BATERIAS,HIGH
MAT023,7,16,2024-10-28,2024-11-03,2024,44,ELETRICA_BATERIAS,HIGH
MAT023,8,22,2024-11-04,2024-11-10,2024,45,ELETRICA_BATERIAS,HIGH
MAT023,9,20,2024-11-11,2024-11-17,2024,46,ELETRICA_BATERIAS,HIGH
MAT023,10,25,2024-11-18,2024-11-24,2024,47,ELETRICA_BATERIAS,HIGH
MAT023,11,0,2024-11-25,2024-12-01,2024,48,ELETRICA_BATERIAS,HIGH
MAT023,12,12,2024-12-02,2024-12-08,2024,49,ELETRICA_BATERIAS,HIGH
MAT023,13,9,2024-12-09,2024-12-15,2024,50,ELETRICA_BATERIAS,HIGH
MAT023,14,0,2024-12-16,2024-12-22,2024,51,ELETRICA_BATERIAS,HIGH
MAT023,15,0,2024-12-23,2024-12-29,2024,52,ELETRICA_BATERIAS,HIGH
MAT023,16,0,2024-12-30,2025-01-05,2025,1,ELETRICA_BATERIAS,HIGH
MAT023,17,0,2025-01-06,2025-01-12,2025,2,ELETRICA_BATERIAS,HIGH
MAT023,18,9,2025-01-13,2025-01-19,2025,3,ELETRICA_BATERIAS,HIGH
MAT023,19,0,2025-01-20,2025-01-26,2025,4,ELETRICA_BATERIAS,HIGH
MAT023,20,0,2025-01-27,2025-02-02,2025,5,ELETRICA_BATERIAS,HIGH
MAT023,21,7,2025-02-03,2025-02-09,2025,6,ELETRICA_BATERIAS,HIGH
MAT023,22,0,2025-02-10,2025-02-16,2025,7,ELETRICA_BATERIAS,HIGH
MAT023,23,20,2025-02-17,2025-02-23,2025,8,ELETRICA_BATERIAS,HIGH
MAT023,24,10,2025-02-24,2025-03-02,2025,9,ELETRICA_BATERIAS,HIGH
MAT023,25,16,2025-03-03,2025-03-09,2025,10,ELETRICA_BATERIAS,HIGH
MAT023,26,18,2025-03-10,2025-03-16,2025,11,ELETRICA_BATERIAS,HIGH
MAT023,27,5,2025-03-17,2025-03-23,2025,12,ELETRICA_BATERIAS,HIGH
MAT023,28,0,2025-03-24,2025-03-30,2025,13,ELETRICA_BATERIAS,HIGH
MAT023,29,11,2025-03-31,2025-04-06,2025,14,ELETRICA_BATERIAS,HIGH
MAT023,30,18,2025-04-07,2025-04-13,2025,15,ELETRICA_BATERIAS,HIGH
MAT023,31,19,2025-04-14,2025-04-20,2025,16,ELETRICA_BATERIAS,HIGH
MAT023,32,0,2025-04-21,2025-04-27,2025,17,ELETRICA_BATERIAS,HIGH
MAT023,33,0,2025-04-28,2025-05-04,2025,18,ELETRICA_BATERIAS,HIGH
MAT023,34,12,2025-05-05,2025-05-11,2025,19,ELETRICA_BATERIAS,HIGH
MAT023,35,0,2025-05-12,2025-05-18,2025,20,ELETRICA_BATERIAS,HIGH
MAT023,36,9,2025-05-19,2025-05-25,2025,21,ELETRICA_BATERIAS,HIGH
MAT023,37,9,2025-05-26,2025-06-01,2025,22,ELETRICA_BATERIAS,HIGH
MAT023,38,0,2025-06-02,2025-06-08,2025,23,ELETRICA_BATERIAS,HIGH
MAT023,39,0,2025-06-09,2025-06-15,2025,24,ELETRICA_BATERIAS,HIGH
MAT023,40,4,2025-06-16,2025-06-22,2025,25,ELETRICA_BATERIAS,HIGH
MAT023,41,0,2025-06-23,2025-06-29,2025,26,ELETRICA_BATERIAS,HIGH
MAT023,42,18,2025-06-30,2025-07-06,2025,27,ELETRICA_BATERIAS,HIGH
MAT023,43,0,2025-07-07,2025-07-13,2025,28,ELETRICA_BATERIAS,HIGH
MAT023,44,5,2025-07-14,2025-07-20,2025,29,ELETRICA_BATERIAS,HIGH
MAT023,45,0,2025-07-21,2025-07-27,2025,30,ELETRICA_BATERIAS,HIGH
MAT023,46,24,2025-07-28,2025-08-03,2025,31,ELETRICA_BATERIAS,HIGH
MAT023,47,11,2025-08-04,2025-08-10,2025,32,ELETRICA_BATERIAS,HIGH
MAT023,48,0,2025-08-11,2025-08-17,2025,33,ELETRICA_BATERIAS,HIGH
MAT023,49,0,2025-08-18,2025-08-24,2025,34,ELETRICA_BATERIAS,HIGH
MAT023,50,7,2025-08-25,2025-08-31,2025,35,ELETRICA_BATERIAS,HIGH
MAT023,51,18,2025-09-01,2025-09-07,2025,36,ELETRICA_BATERIAS,HIGH
MAT023,52,0,2025-09-08,2025-09-14,2025,37,ELETRICA_BATERIAS,HIGH
MAT023,53,18,2025-09-15,2025-09-21,2025,38,ELETRICA_BATERIAS,HIGH
MAT023,54,0,2025-09-22,2025-09-28,2025,39,ELETRICA_BATERIAS,HIGH
MAT023,55,17,2025-09-29,2025-10-05,2025,40,ELETRICA_BATERIAS,HIGH
MAT023,56,15,2025-10-06,2025-10-12,2025,41,ELETRICA_BATERIAS,HIGH
MAT023,57,12,2025-10-13,2025-10-19,2025,42,ELETRICA_BATERIAS,HIGH
MAT023,58,0,2025-10-20,2025-10-26,2025,43,ELETRICA_BATERIAS,HIGH
MAT023,59,0,2025-10-27,2025-11-02,2025,44,ELETRICA_BATERIAS,HIGH
MAT023,60,27,2025-11-03,2025-11-09,2025,45,ELETRICA_BATERIAS,HIGH
MAT023,61,0,2025-11-10,2025-11-16,2025,46,ELETRICA_BATERIAS,HIGH
MAT023,62,13,2025-11-17,2025-11-23,2025,47,ELETRICA_BATERIAS,HIGH
MAT023,63,9,2025-11-24,2025-11-30,2025,48,ELETRICA_BATERIAS,HIGH
MAT023,64,17,2025-12-01,2025-12-07,2025,49,ELETRICA_BATERIAS,HIGH
MAT023,65,0,2025-12-08,2025-12-14,2025,50,ELETRICA_BATERIAS,HIGH
MAT023,66,24,2025-12-15,2025-12-21,2025,51,ELETRICA_BATERIAS,HIGH
MAT023,67,11,2025-12-22,2025-12-28,2025,52,ELETRICA_BATERIAS,HIGH
MAT023,68,0,2025-12-29,2026-01-04,2026,1,ELETRICA_BATERIAS,HIGH
MAT023,69,0,2026-01-05,2026-01-11,2026,2,ELETRICA_BATERIAS,HIGH
MAT023,70,16,2026-01-12,2026-01-18,2026,3,ELETRICA_BATERIAS,HIGH
MAT023,71,0,2026-01-19,2026-01-25,2026,4,ELETRICA_BATERIAS,HIGH
MAT023,72,16,2026-01-26,2026-02-01,2026,5,ELETRICA_BATERIAS,HIGH
MAT023,73,0,2026-02-02,2026-02-08,2026,6,ELETRICA_BATERIAS,HIGH
MAT023,74,0,2026-02-09,2026-02-15,2026,7,ELETRICA_BATERIAS,HIGH
MAT023,75,22,2026-02-16,2026-02-22,2026,8,ELETRICA_BATERIAS,HIGH
MAT023,76,16,2026-02-23,2026-03-01,2026,9,ELETRICA_BATERIAS,HIGH
MAT023,77,0,2026-03-02,2026-03-08,2026,10,ELETRICA_BATERIAS,HIGH
MAT023,78,0,2026-03-09,2026-03-15,2026,11,ELETRICA_BATERIAS,HIGH
MAT023,79,8,2026-03-16,2026-03-22,2026,12,ELETRICA_BATERIAS,HIGH
MAT023,80,0,2026-03-23,2026-03-29,2026,13,ELETRICA_BATERIAS,HIGH
MAT023,81,19,2026-03-30,2026-04-05,2026,14,ELETRICA_BATERIAS,HIGH
MAT023,82,0,2026-04-06,2026-04-12,2026,15,ELETRICA_BATERIAS,HIGH
MAT023,83,9,2026-04-13,2026-04-19,2026,16,ELETRICA_BATERIAS,HIGH
MAT023,84,0,2026-04-20,2026-04-26,2026,17,ELETRICA_BATERIAS,HIGH
MAT023,85,0,2026-04-27,2026-05-03,2026,18,ELETRICA_BATERIAS,HIGH
MAT023,86,7,2026-05-04,2026-05-10,2026,19,ELETRICA_BATERIAS,HIGH
MAT023,87,19,2026-05-11,2026-05-17,2026,20,ELETRICA_BATERIAS,HIGH
MAT023,88,23,2026-05-18,2026-05-24,2026,21,ELETRICA_BATERIAS,HIGH
MAT023,89,6,2026-05-25,2026-05-31,2026,22,ELETRICA_BATERIAS,HIGH
MAT023,90,11,2026-06-01,2026-06-07,2026,23,ELETRICA_BATERIAS,HIGH
MAT023,91,14,2026-06-08,2026-06-14,2026,24,ELETRICA_BATERIAS,HIGH
MAT023,92,0,2026-06-15,2026-06-21,2026,25,ELETRICA_BATERIAS,HIGH
MAT023,93,0,2026-06-22,2026-06-28,2026,26,ELETRICA_BATERIAS,HIGH
MAT023,94,14,2026-06-29,2026-07-05,2026,27,ELETRICA_BATERIAS,HIGH
MAT023,95,0,2026-07-06,2026-07-12,2026,28,ELETRICA_BATERIAS,HIGH
MAT023,96,0,2026-07-13,2026-07-19,2026,29,ELETRICA_BATERIAS,HIGH
MAT023,97,6,2026-07-20,2026-07-26,2026,30,ELETRICA_BATERIAS,HIGH
MAT023,98,21,2026-07-27,2026-08-02,2026,31,ELETRICA_BATERIAS,HIGH
MAT023,99,0,2026-08-03,2026-08-09,2026,32,ELETRICA_BATERIAS,HIGH
MAT023,100,10,2026-08-10,2026-08-16,2026,33,ELETRICA_BATERIAS,HIGH
MAT023,101,0,2026-08-17,2026-08-23,2026,34,ELETRICA_BATERIAS,HIGH
MAT023,102,8,2026-08-24,2026-08-30,2026,35,ELETRICA_BATERIAS,HIGH
MAT023,103,0,2026-08-31,2026-09-06,2026,36,ELETRICA_BATERIAS,HIGH
MAT023,104,18,2026-09-07,2026-09-13,2026,37,ELETRICA_BATERIAS,HIGH
MAT024,1,47,2024-09-16,2024-09-22,2024,38,ELETRICA_BATERIAS,LOW
MAT024,2,53,2024-09-23,2024-09-29,2024,39,ELETRICA_BATERIAS,LOW
MAT024,3,43,2024-09-30,2024-10-06,2024,40,ELETRICA_BATERIAS,LOW
MAT024,4,34,2024-10-07,2024-10-13,2024,41,ELETRICA_BATERIAS,LOW
MAT024,5,44,2024-10-14,2024-10-20,2024,42,ELETRICA_BATERIAS,LOW
MAT024,6,69,2024-10-21,2024-10-27,2024,43,ELETRICA_BATERIAS,LOW
MAT024,7,39,2024-10-28,2024-11-03,2024,44,ELETRICA_BATERIAS,LOW
MAT024,8,43,2024-11-04,2024-11-10,2024,45,ELETRICA_BATERIAS,LOW
MAT024,9,49,2024-11-11,2024-11-17,2024,46,ELETRICA_BATERIAS,LOW
MAT024,10,48,2024-11-18,2024-11-24,2024,47,ELETRICA_BATERIAS,LOW
MAT024,11,35,2024-11-25,2024-12-01,2024,48,ELETRICA_BATERIAS,LOW
MAT024,12,65,2024-12-02,2024-12-08,2024,49,ELETRICA_BATERIAS,LOW
MAT024,13,55,2024-12-09,2024-12-15,2024,50,ELETRICA_BATERIAS,LOW
MAT024,14,59,2024-12-16,2024-12-22,2024,51,ELETRICA_BATERIAS,LOW
MAT024,15,51,2024-12-23,2024-12-29,2024,52,ELETRICA_BATERIAS,LOW
MAT024,16,34,2024-12-30,2025-01-05,2025,1,ELETRICA_BATERIAS,LOW
MAT024,17,42,2025-01-06,2025-01-12,2025,2,ELETRICA_BATERIAS,LOW
MAT024,18,41,2025-01-13,2025-01-19,2025,3,ELETRICA_BATERIAS,LOW
MAT024,19,55,2025-01-20,2025-01-26,2025,4,ELETRICA_BATERIAS,LOW
MAT024,20,53,2025-01-27,2025-02-02,2025,5,ELETRICA_BATERIAS,LOW
MAT024,21,54,2025-02-03,2025-02-09,2025,6,ELETRICA_BATERIAS,LOW
MAT024,22,41,2025-02-10,2025-02-16,2025,7,ELETRICA_BATERIAS,LOW
MAT024,23,46,2025-02-17,2025-02-23,2025,8,ELETRICA_BATERIAS,LOW
MAT024,24,50,2025-02-24,2025-03-02,2025,9,ELETRICA_BATERIAS,LOW
MAT024,25,52,2025-03-03,2025-03-09,2025,10,ELETRICA_BATERIAS,LOW
MAT024,26,52,2025-03-10,2025-03-16,2025,11,ELETRICA_BATERIAS,LOW
MAT024,27,41,2025-03-17,2025-03-23,2025,12,ELETRICA_BATERIAS,LOW
MAT024,28,46,2025-03-24,2025-03-30,2025,13,ELETRICA_BATERIAS,LOW
MAT024,29,39,2025-03-31,2025-04-06,2025,14,ELETRICA_BATERIAS,LOW
MAT024,30,48,2025-04-07,2025-04-13,2025,15,ELETRICA_BATERIAS,LOW
MAT024,31,51,2025-04-14,2025-04-20,2025,16,ELETRICA_BATERIAS,LOW
MAT024,32,36,2025-04-21,2025-04-27,2025,17,ELETRICA_BATERIAS,LOW
MAT024,33,51,2025-04-28,2025-05-04,2025,18,ELETRICA_BATERIAS,LOW
MAT024,34,61,2025-05-05,2025-05-11,2025,19,ELETRICA_BATERIAS,LOW
MAT024,35,55,2025-05-12,2025-05-18,2025,20,ELETRICA_BATERIAS,LOW
MAT024,36,60,2025-05-19,2025-05-25,2025,21,ELETRICA_BATERIAS,LOW
MAT024,37,56,2025-05-26,2025-06-01,2025,22,ELETRICA_BATERIAS,LOW
MAT024,38,46,2025-06-02,2025-06-08,2025,23,ELETRICA_BATERIAS,LOW
MAT024,39,40,2025-06-09,2025-06-15,2025,24,ELETRICA_BATERIAS,LOW
MAT024,40,48,2025-06-16,2025-06-22,2025,25,ELETRICA_BATERIAS,LOW
MAT024,41,51,2025-06-23,2025-06-29,2025,26,ELETRICA_BATERIAS,LOW
MAT024,42,49,2025-06-30,2025-07-06,2025,27,ELETRICA_BATERIAS,LOW
MAT024,43,46,2025-07-07,2025-07-13,2025,28,ELETRICA_BATERIAS,LOW
MAT024,44,37,2025-07-14,2025-07-20,2025,29,ELETRICA_BATERIAS,LOW
MAT024,45,55,2025-07-21,2025-07-27,2025,30,ELETRICA_BATERIAS,LOW
MAT024,46,38,2025-07-28,2025-08-03,2025,31,ELETRICA_BATERIAS,LOW
MAT024,47,42,2025-08-04,2025-08-10,2025,32,ELETRICA_BATERIAS,LOW
MAT024,48,54,2025-08-11,2025-08-17,2025,33,ELETRICA_BATERIAS,LOW
MAT024,49,54,2025-08-18,2025-08-24,2025,34,ELETRICA_BATERIAS,LOW
MAT024,50,55,2025-08-25,2025-08-31,2025,35,ELETRICA_BATERIAS,LOW
MAT024,51,47,2025-09-01,2025-09-07,2025,36,ELETRICA_BATERIAS,LOW
MAT024,52,39,2025-09-08,2025-09-14,2025,37,ELETRICA_BATERIAS,LOW
MAT024,53,61,2025-09-15,2025-09-21,2025,38,ELETRICA_BATERIAS,LOW
MAT024,54,49,2025-09-22,2025-09-28,2025,39,ELETRICA_BATERIAS,LOW
MAT024,55,63,2025-09-29,2025-10-05,2025,40,ELETRICA_BATERIAS,LOW
MAT024,56,33,2025-10-06,2025-10-12,2025,41,ELETRICA_BATERIAS,LOW
MAT024,57,52,2025-10-13,2025-10-19,2025,42,ELETRICA_BATERIAS,LOW
MAT024,58,52,2025-10-20,2025-10-26,2025,43,ELETRICA_BATERIAS,LOW
MAT024,59,43,2025-10-27,2025-11-02,2025,44,ELETRICA_BATERIAS,LOW
MAT024,60,68,2025-11-03,2025-11-09,2025,45,ELETRICA_BATERIAS,LOW
MAT024,61,57,2025-11-10,2025-11-16,2025,46,ELETRICA_BATERIAS,LOW
MAT024,62,45,2025-11-17,2025-11-23,2025,47,ELETRICA_BATERIAS,LOW
MAT024,63,45,2025-11-24,2025-11-30,2025,48,ELETRICA_BATERIAS,LOW
MAT024,64,58,2025-12-01,2025-12-07,2025,49,ELETRICA_BATERIAS,LOW
MAT024,65,45,2025-12-08,2025-12-14,2025,50,ELETRICA_BATERIAS,LOW
MAT024,66,32,2025-12-15,2025-12-21,2025,51,ELETRICA_BATERIAS,LOW
MAT024,67,48,2025-12-22,2025-12-28,2025,52,ELETRICA_BATERIAS,LOW
MAT024,68,63,2025-12-29,2026-01-04,2026,1,ELETRICA_BATERIAS,LOW
MAT024,69,61,2026-01-05,2026-01-11,2026,2,ELETRICA_BATERIAS,LOW
MAT024,70,47,2026-01-12,2026-01-18,2026,3,ELETRICA_BATERIAS,LOW
MAT024,71,46,2026-01-19,2026-01-25,2026,4,ELETRICA_BATERIAS,LOW
MAT024,72,45,2026-01-26,2026-02-01,2026,5,ELETRICA_BATERIAS,LOW
MAT024,73,51,2026-02-02,2026-02-08,2026,6,ELETRICA_BATERIAS,LOW
MAT024,74,35,2026-02-09,2026-02-15,2026,7,ELETRICA_BATERIAS,LOW
MAT024,75,56,2026-02-16,2026-02-22,2026,8,ELETRICA_BATERIAS,LOW
MAT024,76,55,2026-02-23,2026-03-01,2026,9,ELETRICA_BATERIAS,LOW
MAT024,77,59,2026-03-02,2026-03-08,2026,10,ELETRICA_BATERIAS,LOW
MAT024,78,60,2026-03-09,2026-03-15,2026,11,ELETRICA_BATERIAS,LOW
MAT024,79,50,2026-03-16,2026-03-22,2026,12,ELETRICA_BATERIAS,LOW
MAT024,80,51,2026-03-23,2026-03-29,2026,13,ELETRICA_BATERIAS,LOW
MAT024,81,48,2026-03-30,2026-04-05,2026,14,ELETRICA_BATERIAS,LOW
MAT024,82,56,2026-04-06,2026-04-12,2026,15,ELETRICA_BATERIAS,LOW
MAT024,83,41,2026-04-13,2026-04-19,2026,16,ELETRICA_BATERIAS,LOW
MAT024,84,52,2026-04-20,2026-04-26,2026,17,ELETRICA_BATERIAS,LOW
MAT024,85,62,2026-04-27,2026-05-03,2026,18,ELETRICA_BATERIAS,LOW
MAT024,86,59,2026-05-04,2026-05-10,2026,19,ELETRICA_BATERIAS,LOW
MAT024,87,40,2026-05-11,2026-05-17,2026,20,ELETRICA_BATERIAS,LOW
MAT024,88,44,2026-05-18,2026-05-24,2026,21,ELETRICA_BATERIAS,LOW
MAT024,89,51,2026-05-25,2026-05-31,2026,22,ELETRICA_BATERIAS,LOW
MAT024,90,56,2026-06-01,2026-06-07,2026,23,ELETRICA_BATERIAS,LOW
MAT024,91,50,2026-06-08,2026-06-14,2026,24,ELETRICA_BATERIAS,LOW
MAT024,92,52,2026-06-15,2026-06-21,2026,25,ELETRICA_BATERIAS,LOW
MAT024,93,51,2026-06-22,2026-06-28,2026,26,ELETRICA_BATERIAS,LOW
MAT024,94,50,2026-06-29,2026-07-05,2026,27,ELETRICA_BATERIAS,LOW
MAT024,95,50,2026-07-06,2026-07-12,2026,28,ELETRICA_BATERIAS,LOW
MAT024,96,50,2026-07-13,2026-07-19,2026,29,ELETRICA_BATERIAS,LOW
MAT024,97,43,2026-07-20,2026-07-26,2026,30,ELETRICA_BATERIAS,LOW
MAT024,98,54,2026-07-27,2026-08-02,2026,31,ELETRICA_BATERIAS,LOW
MAT024,99,47,2026-08-03,2026-08-09,2026,32,ELETRICA_BATERIAS,LOW
MAT024,100,57,2026-08-10,2026-08-16,2026,33,ELETRICA_BATERIAS,LOW
MAT024,101,43,2026-08-17,2026-08-23,2026,34,ELETRICA_BATERIAS,LOW
MAT024,102,50,2026-08-24,2026-08-30,2026,35,ELETRICA_BATERIAS,LOW
MAT024,103,47,2026-08-31,2026-09-06,2026,36,ELETRICA_BATERIAS,LOW
MAT024,104,44,2026-09-07,2026-09-13,2026,37,ELETRICA_BATERIAS,LOW
MAT025,1,36,2024-09-16,2024-09-22,2024,38,EPI_CONSUMIVEIS,MEDIUM
MAT025,2,60,2024-09-23,2024-09-29,2024,39,EPI_CONSUMIVEIS,MEDIUM
MAT025,3,56,2024-09-30,2024-10-06,2024,40,EPI_CONSUMIVEIS,MEDIUM
MAT025,4,81,2024-10-07,2024-10-13,2024,41,EPI_CONSUMIVEIS,MEDIUM
MAT025,5,63,2024-10-14,2024-10-20,2024,42,EPI_CONSUMIVEIS,MEDIUM
MAT025,6,51,2024-10-21,2024-10-27,2024,43,EPI_CONSUMIVEIS,MEDIUM
MAT025,7,79,2024-10-28,2024-11-03,2024,44,EPI_CONSUMIVEIS,MEDIUM
MAT025,8,56,2024-11-04,2024-11-10,2024,45,EPI_CONSUMIVEIS,MEDIUM
MAT025,9,54,2024-11-11,2024-11-17,2024,46,EPI_CONSUMIVEIS,MEDIUM
MAT025,10,81,2024-11-18,2024-11-24,2024,47,EPI_CONSUMIVEIS,MEDIUM
MAT025,11,64,2024-11-25,2024-12-01,2024,48,EPI_CONSUMIVEIS,MEDIUM
MAT025,12,78,2024-12-02,2024-12-08,2024,49,EPI_CONSUMIVEIS,MEDIUM
MAT025,13,60,2024-12-09,2024-12-15,2024,50,EPI_CONSUMIVEIS,MEDIUM
MAT025,14,59,2024-12-16,2024-12-22,2024,51,EPI_CONSUMIVEIS,MEDIUM
MAT025,15,61,2024-12-23,2024-12-29,2024,52,EPI_CONSUMIVEIS,MEDIUM
MAT025,16,69,2024-12-30,2025-01-05,2025,1,EPI_CONSUMIVEIS,MEDIUM
MAT025,17,55,2025-01-06,2025-01-12,2025,2,EPI_CONSUMIVEIS,MEDIUM
MAT025,18,57,2025-01-13,2025-01-19,2025,3,EPI_CONSUMIVEIS,MEDIUM
MAT025,19,71,2025-01-20,2025-01-26,2025,4,EPI_CONSUMIVEIS,MEDIUM
MAT025,20,75,2025-01-27,2025-02-02,2025,5,EPI_CONSUMIVEIS,MEDIUM
MAT025,21,71,2025-02-03,2025-02-09,2025,6,EPI_CONSUMIVEIS,MEDIUM
MAT025,22,64,2025-02-10,2025-02-16,2025,7,EPI_CONSUMIVEIS,MEDIUM
MAT025,23,44,2025-02-17,2025-02-23,2025,8,EPI_CONSUMIVEIS,MEDIUM
MAT025,24,72,2025-02-24,2025-03-02,2025,9,EPI_CONSUMIVEIS,MEDIUM
MAT025,25,72,2025-03-03,2025-03-09,2025,10,EPI_CONSUMIVEIS,MEDIUM
MAT025,26,80,2025-03-10,2025-03-16,2025,11,EPI_CONSUMIVEIS,MEDIUM
MAT025,27,74,2025-03-17,2025-03-23,2025,12,EPI_CONSUMIVEIS,MEDIUM
MAT025,28,70,2025-03-24,2025-03-30,2025,13,EPI_CONSUMIVEIS,MEDIUM
MAT025,29,68,2025-03-31,2025-04-06,2025,14,EPI_CONSUMIVEIS,MEDIUM
MAT025,30,27,2025-04-07,2025-04-13,2025,15,EPI_CONSUMIVEIS,MEDIUM
MAT025,31,88,2025-04-14,2025-04-20,2025,16,EPI_CONSUMIVEIS,MEDIUM
MAT025,32,59,2025-04-21,2025-04-27,2025,17,EPI_CONSUMIVEIS,MEDIUM
MAT025,33,70,2025-04-28,2025-05-04,2025,18,EPI_CONSUMIVEIS,MEDIUM
MAT025,34,62,2025-05-05,2025-05-11,2025,19,EPI_CONSUMIVEIS,MEDIUM
MAT025,35,74,2025-05-12,2025-05-18,2025,20,EPI_CONSUMIVEIS,MEDIUM
MAT025,36,92,2025-05-19,2025-05-25,2025,21,EPI_CONSUMIVEIS,MEDIUM
MAT025,37,65,2025-05-26,2025-06-01,2025,22,EPI_CONSUMIVEIS,MEDIUM
MAT025,38,62,2025-06-02,2025-06-08,2025,23,EPI_CONSUMIVEIS,MEDIUM
MAT025,39,84,2025-06-09,2025-06-15,2025,24,EPI_CONSUMIVEIS,MEDIUM
MAT025,40,52,2025-06-16,2025-06-22,2025,25,EPI_CONSUMIVEIS,MEDIUM
MAT025,41,72,2025-06-23,2025-06-29,2025,26,EPI_CONSUMIVEIS,MEDIUM
MAT025,42,70,2025-06-30,2025-07-06,2025,27,EPI_CONSUMIVEIS,MEDIUM
MAT025,43,61,2025-07-07,2025-07-13,2025,28,EPI_CONSUMIVEIS,MEDIUM
MAT025,44,57,2025-07-14,2025-07-20,2025,29,EPI_CONSUMIVEIS,MEDIUM
MAT025,45,68,2025-07-21,2025-07-27,2025,30,EPI_CONSUMIVEIS,MEDIUM
MAT025,46,71,2025-07-28,2025-08-03,2025,31,EPI_CONSUMIVEIS,MEDIUM
MAT025,47,65,2025-08-04,2025-08-10,2025,32,EPI_CONSUMIVEIS,MEDIUM
MAT025,48,65,2025-08-11,2025-08-17,2025,33,EPI_CONSUMIVEIS,MEDIUM
MAT025,49,57,2025-08-18,2025-08-24,2025,34,EPI_CONSUMIVEIS,MEDIUM
MAT025,50,43,2025-08-25,2025-08-31,2025,35,EPI_CONSUMIVEIS,MEDIUM
MAT025,51,62,2025-09-01,2025-09-07,2025,36,EPI_CONSUMIVEIS,MEDIUM
MAT025,52,64,2025-09-08,2025-09-14,2025,37,EPI_CONSUMIVEIS,MEDIUM
MAT025,53,68,2025-09-15,2025-09-21,2025,38,EPI_CONSUMIVEIS,MEDIUM
MAT025,54,68,2025-09-22,2025-09-28,2025,39,EPI_CONSUMIVEIS,MEDIUM
MAT025,55,54,2025-09-29,2025-10-05,2025,40,EPI_CONSUMIVEIS,MEDIUM
MAT025,56,50,2025-10-06,2025-10-12,2025,41,EPI_CONSUMIVEIS,MEDIUM
MAT025,57,69,2025-10-13,2025-10-19,2025,42,EPI_CONSUMIVEIS,MEDIUM
MAT025,58,58,2025-10-20,2025-10-26,2025,43,EPI_CONSUMIVEIS,MEDIUM
MAT025,59,55,2025-10-27,2025-11-02,2025,44,EPI_CONSUMIVEIS,MEDIUM
MAT025,60,52,2025-11-03,2025-11-09,2025,45,EPI_CONSUMIVEIS,MEDIUM
MAT025,61,59,2025-11-10,2025-11-16,2025,46,EPI_CONSUMIVEIS,MEDIUM
MAT025,62,58,2025-11-17,2025-11-23,2025,47,EPI_CONSUMIVEIS,MEDIUM
MAT025,63,56,2025-11-24,2025-11-30,2025,48,EPI_CONSUMIVEIS,MEDIUM
MAT025,64,46,2025-12-01,2025-12-07,2025,49,EPI_CONSUMIVEIS,MEDIUM
MAT025,65,39,2025-12-08,2025-12-14,2025,50,EPI_CONSUMIVEIS,MEDIUM
MAT025,66,65,2025-12-15,2025-12-21,2025,51,EPI_CONSUMIVEIS,MEDIUM
MAT025,67,66,2025-12-22,2025-12-28,2025,52,EPI_CONSUMIVEIS,MEDIUM
MAT025,68,78,2025-12-29,2026-01-04,2026,1,EPI_CONSUMIVEIS,MEDIUM
MAT025,69,84,2026-01-05,2026-01-11,2026,2,EPI_CONSUMIVEIS,MEDIUM
MAT025,70,83,2026-01-12,2026-01-18,2026,3,EPI_CONSUMIVEIS,MEDIUM
MAT025,71,74,2026-01-19,2026-01-25,2026,4,EPI_CONSUMIVEIS,MEDIUM
MAT025,72,65,2026-01-26,2026-02-01,2026,5,EPI_CONSUMIVEIS,MEDIUM
MAT025,73,70,2026-02-02,2026-02-08,2026,6,EPI_CONSUMIVEIS,MEDIUM
MAT025,74,58,2026-02-09,2026-02-15,2026,7,EPI_CONSUMIVEIS,MEDIUM
MAT025,75,76,2026-02-16,2026-02-22,2026,8,EPI_CONSUMIVEIS,MEDIUM
MAT025,76,76,2026-02-23,2026-03-01,2026,9,EPI_CONSUMIVEIS,MEDIUM
MAT025,77,70,2026-03-02,2026-03-08,2026,10,EPI_CONSUMIVEIS,MEDIUM
MAT025,78,70,2026-03-09,2026-03-15,2026,11,EPI_CONSUMIVEIS,MEDIUM
MAT025,79,80,2026-03-16,2026-03-22,2026,12,EPI_CONSUMIVEIS,MEDIUM
MAT025,80,91,2026-03-23,2026-03-29,2026,13,EPI_CONSUMIVEIS,MEDIUM
MAT025,81,70,2026-03-30,2026-04-05,2026,14,EPI_CONSUMIVEIS,MEDIUM
MAT025,82,90,2026-04-06,2026-04-12,2026,15,EPI_CONSUMIVEIS,MEDIUM
MAT025,83,64,2026-04-13,2026-04-19,2026,16,EPI_CONSUMIVEIS,MEDIUM
MAT025,84,80,2026-04-20,2026-04-26,2026,17,EPI_CONSUMIVEIS,MEDIUM
MAT025,85,80,2026-04-27,2026-05-03,2026,18,EPI_CONSUMIVEIS,MEDIUM
MAT025,86,70,2026-05-04,2026-05-10,2026,19,EPI_CONSUMIVEIS,MEDIUM
MAT025,87,67,2026-05-11,2026-05-17,2026,20,EPI_CONSUMIVEIS,MEDIUM
MAT025,88,56,2026-05-18,2026-05-24,2026,21,EPI_CONSUMIVEIS,MEDIUM
MAT025,89,47,2026-05-25,2026-05-31,2026,22,EPI_CONSUMIVEIS,MEDIUM
MAT025,90,66,2026-06-01,2026-06-07,2026,23,EPI_CONSUMIVEIS,MEDIUM
MAT025,91,84,2026-06-08,2026-06-14,2026,24,EPI_CONSUMIVEIS,MEDIUM
MAT025,92,67,2026-06-15,2026-06-21,2026,25,EPI_CONSUMIVEIS,MEDIUM
MAT025,93,47,2026-06-22,2026-06-28,2026,26,EPI_CONSUMIVEIS,MEDIUM
MAT025,94,57,2026-06-29,2026-07-05,2026,27,EPI_CONSUMIVEIS,MEDIUM
MAT025,95,75,2026-07-06,2026-07-12,2026,28,EPI_CONSUMIVEIS,MEDIUM
MAT025,96,77,2026-07-13,2026-07-19,2026,29,EPI_CONSUMIVEIS,MEDIUM
MAT025,97,65,2026-07-20,2026-07-26,2026,30,EPI_CONSUMIVEIS,MEDIUM
MAT025,98,44,2026-07-27,2026-08-02,2026,31,EPI_CONSUMIVEIS,MEDIUM
MAT025,99,68,2026-08-03,2026-08-09,2026,32,EPI_CONSUMIVEIS,MEDIUM
MAT025,100,54,2026-08-10,2026-08-16,2026,33,EPI_CONSUMIVEIS,MEDIUM
MAT025,101,78,2026-08-17,2026-08-23,2026,34,EPI_CONSUMIVEIS,MEDIUM
MAT025,102,51,2026-08-24,2026-08-30,2026,35,EPI_CONSUMIVEIS,MEDIUM
MAT025,103,37,2026-08-31,2026-09-06,2026,36,EPI_CONSUMIVEIS,MEDIUM
MAT025,104,42,2026-09-07,2026-09-13,2026,37,EPI_CONSUMIVEIS,MEDIUM
MAT026,1,6,2024-09-16,2024-09-22,2024,38,EPI_CONSUMIVEIS,LOW
MAT026,2,13,2024-09-23,2024-09-29,2024,39,EPI_CONSUMIVEIS,LOW
MAT026,3,14,2024-09-30,2024-10-06,2024,40,EPI_CONSUMIVEIS,LOW
MAT026,4,14,2024-10-07,2024-10-13,2024,41,EPI_CONSUMIVEIS,LOW
MAT026,5,11,2024-10-14,2024-10-20,2024,42,EPI_CONSUMIVEIS,LOW
MAT026,6,10,2024-10-21,2024-10-27,2024,43,EPI_CONSUMIVEIS,LOW
MAT026,7,8,2024-10-28,2024-11-03,2024,44,EPI_CONSUMIVEIS,LOW
MAT026,8,10,2024-11-04,2024-11-10,2024,45,EPI_CONSUMIVEIS,LOW
MAT026,9,12,2024-11-11,2024-11-17,2024,46,EPI_CONSUMIVEIS,LOW
MAT026,10,4,2024-11-18,2024-11-24,2024,47,EPI_CONSUMIVEIS,LOW
MAT026,11,8,2024-11-25,2024-12-01,2024,48,EPI_CONSUMIVEIS,LOW
MAT026,12,5,2024-12-02,2024-12-08,2024,49,EPI_CONSUMIVEIS,LOW
MAT026,13,11,2024-12-09,2024-12-15,2024,50,EPI_CONSUMIVEIS,LOW
MAT026,14,10,2024-12-16,2024-12-22,2024,51,EPI_CONSUMIVEIS,LOW
MAT026,15,6,2024-12-23,2024-12-29,2024,52,EPI_CONSUMIVEIS,LOW
MAT026,16,5,2024-12-30,2025-01-05,2025,1,EPI_CONSUMIVEIS,LOW
MAT026,17,13,2025-01-06,2025-01-12,2025,2,EPI_CONSUMIVEIS,LOW
MAT026,18,12,2025-01-13,2025-01-19,2025,3,EPI_CONSUMIVEIS,LOW
MAT026,19,8,2025-01-20,2025-01-26,2025,4,EPI_CONSUMIVEIS,LOW
MAT026,20,6,2025-01-27,2025-02-02,2025,5,EPI_CONSUMIVEIS,LOW
MAT026,21,7,2025-02-03,2025-02-09,2025,6,EPI_CONSUMIVEIS,LOW
MAT026,22,12,2025-02-10,2025-02-16,2025,7,EPI_CONSUMIVEIS,LOW
MAT026,23,4,2025-02-17,2025-02-23,2025,8,EPI_CONSUMIVEIS,LOW
MAT026,24,2,2025-02-24,2025-03-02,2025,9,EPI_CONSUMIVEIS,LOW
MAT026,25,8,2025-03-03,2025-03-09,2025,10,EPI_CONSUMIVEIS,LOW
MAT026,26,8,2025-03-10,2025-03-16,2025,11,EPI_CONSUMIVEIS,LOW
MAT026,27,4,2025-03-17,2025-03-23,2025,12,EPI_CONSUMIVEIS,LOW
MAT026,28,7,2025-03-24,2025-03-30,2025,13,EPI_CONSUMIVEIS,LOW
MAT026,29,4,2025-03-31,2025-04-06,2025,14,EPI_CONSUMIVEIS,LOW
MAT026,30,5,2025-04-07,2025-04-13,2025,15,EPI_CONSUMIVEIS,LOW
MAT026,31,6,2025-04-14,2025-04-20,2025,16,EPI_CONSUMIVEIS,LOW
MAT026,32,2,2025-04-21,2025-04-27,2025,17,EPI_CONSUMIVEIS,LOW
MAT026,33,9,2025-04-28,2025-05-04,2025,18,EPI_CONSUMIVEIS,LOW
MAT026,34,2,2025-05-05,2025-05-11,2025,19,EPI_CONSUMIVEIS,LOW
MAT026,35,5,2025-05-12,2025-05-18,2025,20,EPI_CONSUMIVEIS,LOW
MAT026,36,0,2025-05-19,2025-05-25,2025,21,EPI_CONSUMIVEIS,LOW
MAT026,37,7,2025-05-26,2025-06-01,2025,22,EPI_CONSUMIVEIS,LOW
MAT026,38,3,2025-06-02,2025-06-08,2025,23,EPI_CONSUMIVEIS,LOW
MAT026,39,8,2025-06-09,2025-06-15,2025,24,EPI_CONSUMIVEIS,LOW
MAT026,40,11,2025-06-16,2025-06-22,2025,25,EPI_CONSUMIVEIS,LOW
MAT026,41,1,2025-06-23,2025-06-29,2025,26,EPI_CONSUMIVEIS,LOW
MAT026,42,12,2025-06-30,2025-07-06,2025,27,EPI_CONSUMIVEIS,LOW
MAT026,43,10,2025-07-07,2025-07-13,2025,28,EPI_CONSUMIVEIS,LOW
MAT026,44,7,2025-07-14,2025-07-20,2025,29,EPI_CONSUMIVEIS,LOW
MAT026,45,9,2025-07-21,2025-07-27,2025,30,EPI_CONSUMIVEIS,LOW
MAT026,46,11,2025-07-28,2025-08-03,2025,31,EPI_CONSUMIVEIS,LOW
MAT026,47,6,2025-08-04,2025-08-10,2025,32,EPI_CONSUMIVEIS,LOW
MAT026,48,8,2025-08-11,2025-08-17,2025,33,EPI_CONSUMIVEIS,LOW
MAT026,49,12,2025-08-18,2025-08-24,2025,34,EPI_CONSUMIVEIS,LOW
MAT026,50,5,2025-08-25,2025-08-31,2025,35,EPI_CONSUMIVEIS,LOW
MAT026,51,5,2025-09-01,2025-09-07,2025,36,EPI_CONSUMIVEIS,LOW
MAT026,52,10,2025-09-08,2025-09-14,2025,37,EPI_CONSUMIVEIS,LOW
MAT026,53,4,2025-09-15,2025-09-21,2025,38,EPI_CONSUMIVEIS,LOW
MAT026,54,9,2025-09-22,2025-09-28,2025,39,EPI_CONSUMIVEIS,LOW
MAT026,55,7,2025-09-29,2025-10-05,2025,40,EPI_CONSUMIVEIS,LOW
MAT026,56,10,2025-10-06,2025-10-12,2025,41,EPI_CONSUMIVEIS,LOW
MAT026,57,10,2025-10-13,2025-10-19,2025,42,EPI_CONSUMIVEIS,LOW
MAT026,58,12,2025-10-20,2025-10-26,2025,43,EPI_CONSUMIVEIS,LOW
MAT026,59,10,2025-10-27,2025-11-02,2025,44,EPI_CONSUMIVEIS,LOW
MAT026,60,10,2025-11-03,2025-11-09,2025,45,EPI_CONSUMIVEIS,LOW
MAT026,61,5,2025-11-10,2025-11-16,2025,46,EPI_CONSUMIVEIS,LOW
MAT026,62,6,2025-11-17,2025-11-23,2025,47,EPI_CONSUMIVEIS,LOW
MAT026,63,7,2025-11-24,2025-11-30,2025,48,EPI_CONSUMIVEIS,LOW
MAT026,64,6,2025-12-01,2025-12-07,2025,49,EPI_CONSUMIVEIS,LOW
MAT026,65,6,2025-12-08,2025-12-14,2025,50,EPI_CONSUMIVEIS,LOW
MAT026,66,3,2025-12-15,2025-12-21,2025,51,EPI_CONSUMIVEIS,LOW
MAT026,67,6,2025-12-22,2025-12-28,2025,52,EPI_CONSUMIVEIS,LOW
MAT026,68,6,2025-12-29,2026-01-04,2026,1,EPI_CONSUMIVEIS,LOW
MAT026,69,8,2026-01-05,2026-01-11,2026,2,EPI_CONSUMIVEIS,LOW
MAT026,70,5,2026-01-12,2026-01-18,2026,3,EPI_CONSUMIVEIS,LOW
MAT026,71,7,2026-01-19,2026-01-25,2026,4,EPI_CONSUMIVEIS,LOW
MAT026,72,9,2026-01-26,2026-02-01,2026,5,EPI_CONSUMIVEIS,LOW
MAT026,73,4,2026-02-02,2026-02-08,2026,6,EPI_CONSUMIVEIS,LOW
MAT026,74,8,2026-02-09,2026-02-15,2026,7,EPI_CONSUMIVEIS,LOW
MAT026,75,6,2026-02-16,2026-02-22,2026,8,EPI_CONSUMIVEIS,LOW
MAT026,76,6,2026-02-23,2026-03-01,2026,9,EPI_CONSUMIVEIS,LOW
MAT026,77,5,2026-03-02,2026-03-08,2026,10,EPI_CONSUMIVEIS,LOW
MAT026,78,5,2026-03-09,2026-03-15,2026,11,EPI_CONSUMIVEIS,LOW
MAT026,79,2,2026-03-16,2026-03-22,2026,12,EPI_CONSUMIVEIS,LOW
MAT026,80,9,2026-03-23,2026-03-29,2026,13,EPI_CONSUMIVEIS,LOW
MAT026,81,9,2026-03-30,2026-04-05,2026,14,EPI_CONSUMIVEIS,LOW
MAT026,82,7,2026-04-06,2026-04-12,2026,15,EPI_CONSUMIVEIS,LOW
MAT026,83,8,2026-04-13,2026-04-19,2026,16,EPI_CONSUMIVEIS,LOW
MAT026,84,5,2026-04-20,2026-04-26,2026,17,EPI_CONSUMIVEIS,LOW
MAT026,85,5,2026-04-27,2026-05-03,2026,18,EPI_CONSUMIVEIS,LOW
MAT026,86,8,2026-05-04,2026-05-10,2026,19,EPI_CONSUMIVEIS,LOW
MAT026,87,10,2026-05-11,2026-05-17,2026,20,EPI_CONSUMIVEIS,LOW
MAT026,88,7,2026-05-18,2026-05-24,2026,21,EPI_CONSUMIVEIS,LOW
MAT026,89,7,2026-05-25,2026-05-31,2026,22,EPI_CONSUMIVEIS,LOW
MAT026,90,9,2026-06-01,2026-06-07,2026,23,EPI_CONSUMIVEIS,LOW
MAT026,91,9,2026-06-08,2026-06-14,2026,24,EPI_CONSUMIVEIS,LOW
MAT026,92,5,2026-06-15,2026-06-21,2026,25,EPI_CONSUMIVEIS,LOW
MAT026,93,5,2026-06-22,2026-06-28,2026,26,EPI_CONSUMIVEIS,LOW
MAT026,94,7,2026-06-29,2026-07-05,2026,27,EPI_CONSUMIVEIS,LOW
MAT026,95,3,2026-07-06,2026-07-12,2026,28,EPI_CONSUMIVEIS,LOW
MAT026,96,4,2026-07-13,2026-07-19,2026,29,EPI_CONSUMIVEIS,LOW
MAT026,97,11,2026-07-20,2026-07-26,2026,30,EPI_CONSUMIVEIS,LOW
MAT026,98,4,2026-07-27,2026-08-02,2026,31,EPI_CONSUMIVEIS,LOW
MAT026,99,0,2026-08-03,2026-08-09,2026,32,EPI_CONSUMIVEIS,LOW
MAT026,100,6,2026-08-10,2026-08-16,2026,33,EPI_CONSUMIVEIS,LOW
MAT026,101,9,2026-08-17,2026-08-23,2026,34,EPI_CONSUMIVEIS,LOW
MAT026,102,10,2026-08-24,2026-08-30,2026,35,EPI_CONSUMIVEIS,LOW
MAT026,103,7,2026-08-31,2026-09-06,2026,36,EPI_CONSUMIVEIS,LOW
MAT026,104,4,2026-09-07,2026-09-13,2026,37,EPI_CONSUMIVEIS,LOW
MAT027,1,37,2024-09-16,2024-09-22,2024,38,EPI_CONSUMIVEIS,MEDIUM
MAT027,2,51,2024-09-23,2024-09-29,2024,39,EPI_CONSUMIVEIS,MEDIUM
MAT027,3,41,2024-09-30,2024-10-06,2024,40,EPI_CONSUMIVEIS,MEDIUM
MAT027,4,33,2024-10-07,2024-10-13,2024,41,EPI_CONSUMIVEIS,MEDIUM
MAT027,5,40,2024-10-14,2024-10-20,2024,42,EPI_CONSUMIVEIS,MEDIUM
MAT027,6,41,2024-10-21,2024-10-27,2024,43,EPI_CONSUMIVEIS,MEDIUM
MAT027,7,33,2024-10-28,2024-11-03,2024,44,EPI_CONSUMIVEIS,MEDIUM
MAT027,8,62,2024-11-04,2024-11-10,2024,45,EPI_CONSUMIVEIS,MEDIUM
MAT027,9,26,2024-11-11,2024-11-17,2024,46,EPI_CONSUMIVEIS,MEDIUM
MAT027,10,33,2024-11-18,2024-11-24,2024,47,EPI_CONSUMIVEIS,MEDIUM
MAT027,11,33,2024-11-25,2024-12-01,2024,48,EPI_CONSUMIVEIS,MEDIUM
MAT027,12,51,2024-12-02,2024-12-08,2024,49,EPI_CONSUMIVEIS,MEDIUM
MAT027,13,23,2024-12-09,2024-12-15,2024,50,EPI_CONSUMIVEIS,MEDIUM
MAT027,14,29,2024-12-16,2024-12-22,2024,51,EPI_CONSUMIVEIS,MEDIUM
MAT027,15,28,2024-12-23,2024-12-29,2024,52,EPI_CONSUMIVEIS,MEDIUM
MAT027,16,17,2024-12-30,2025-01-05,2025,1,EPI_CONSUMIVEIS,MEDIUM
MAT027,17,19,2025-01-06,2025-01-12,2025,2,EPI_CONSUMIVEIS,MEDIUM
MAT027,18,15,2025-01-13,2025-01-19,2025,3,EPI_CONSUMIVEIS,MEDIUM
MAT027,19,19,2025-01-20,2025-01-26,2025,4,EPI_CONSUMIVEIS,MEDIUM
MAT027,20,21,2025-01-27,2025-02-02,2025,5,EPI_CONSUMIVEIS,MEDIUM
MAT027,21,27,2025-02-03,2025-02-09,2025,6,EPI_CONSUMIVEIS,MEDIUM
MAT027,22,18,2025-02-10,2025-02-16,2025,7,EPI_CONSUMIVEIS,MEDIUM
MAT027,23,25,2025-02-17,2025-02-23,2025,8,EPI_CONSUMIVEIS,MEDIUM
MAT027,24,22,2025-02-24,2025-03-02,2025,9,EPI_CONSUMIVEIS,MEDIUM
MAT027,25,22,2025-03-03,2025-03-09,2025,10,EPI_CONSUMIVEIS,MEDIUM
MAT027,26,20,2025-03-10,2025-03-16,2025,11,EPI_CONSUMIVEIS,MEDIUM
MAT027,27,17,2025-03-17,2025-03-23,2025,12,EPI_CONSUMIVEIS,MEDIUM
MAT027,28,11,2025-03-24,2025-03-30,2025,13,EPI_CONSUMIVEIS,MEDIUM
MAT027,29,30,2025-03-31,2025-04-06,2025,14,EPI_CONSUMIVEIS,MEDIUM
MAT027,30,23,2025-04-07,2025-04-13,2025,15,EPI_CONSUMIVEIS,MEDIUM
MAT027,31,17,2025-04-14,2025-04-20,2025,16,EPI_CONSUMIVEIS,MEDIUM
MAT027,32,20,2025-04-21,2025-04-27,2025,17,EPI_CONSUMIVEIS,MEDIUM
MAT027,33,20,2025-04-28,2025-05-04,2025,18,EPI_CONSUMIVEIS,MEDIUM
MAT027,34,18,2025-05-05,2025-05-11,2025,19,EPI_CONSUMIVEIS,MEDIUM
MAT027,35,21,2025-05-12,2025-05-18,2025,20,EPI_CONSUMIVEIS,MEDIUM
MAT027,36,18,2025-05-19,2025-05-25,2025,21,EPI_CONSUMIVEIS,MEDIUM
MAT027,37,21,2025-05-26,2025-06-01,2025,22,EPI_CONSUMIVEIS,MEDIUM
MAT027,38,18,2025-06-02,2025-06-08,2025,23,EPI_CONSUMIVEIS,MEDIUM
MAT027,39,23,2025-06-09,2025-06-15,2025,24,EPI_CONSUMIVEIS,MEDIUM
MAT027,40,20,2025-06-16,2025-06-22,2025,25,EPI_CONSUMIVEIS,MEDIUM
MAT027,41,21,2025-06-23,2025-06-29,2025,26,EPI_CONSUMIVEIS,MEDIUM
MAT027,42,21,2025-06-30,2025-07-06,2025,27,EPI_CONSUMIVEIS,MEDIUM
MAT027,43,15,2025-07-07,2025-07-13,2025,28,EPI_CONSUMIVEIS,MEDIUM
MAT027,44,35,2025-07-14,2025-07-20,2025,29,EPI_CONSUMIVEIS,MEDIUM
MAT027,45,26,2025-07-21,2025-07-27,2025,30,EPI_CONSUMIVEIS,MEDIUM
MAT027,46,31,2025-07-28,2025-08-03,2025,31,EPI_CONSUMIVEIS,MEDIUM
MAT027,47,44,2025-08-04,2025-08-10,2025,32,EPI_CONSUMIVEIS,MEDIUM
MAT027,48,37,2025-08-11,2025-08-17,2025,33,EPI_CONSUMIVEIS,MEDIUM
MAT027,49,36,2025-08-18,2025-08-24,2025,34,EPI_CONSUMIVEIS,MEDIUM
MAT027,50,26,2025-08-25,2025-08-31,2025,35,EPI_CONSUMIVEIS,MEDIUM
MAT027,51,54,2025-09-01,2025-09-07,2025,36,EPI_CONSUMIVEIS,MEDIUM
MAT027,52,26,2025-09-08,2025-09-14,2025,37,EPI_CONSUMIVEIS,MEDIUM
MAT027,53,33,2025-09-15,2025-09-21,2025,38,EPI_CONSUMIVEIS,MEDIUM
MAT027,54,29,2025-09-22,2025-09-28,2025,39,EPI_CONSUMIVEIS,MEDIUM
MAT027,55,21,2025-09-29,2025-10-05,2025,40,EPI_CONSUMIVEIS,MEDIUM
MAT027,56,38,2025-10-06,2025-10-12,2025,41,EPI_CONSUMIVEIS,MEDIUM
MAT027,57,33,2025-10-13,2025-10-19,2025,42,EPI_CONSUMIVEIS,MEDIUM
MAT027,58,41,2025-10-20,2025-10-26,2025,43,EPI_CONSUMIVEIS,MEDIUM
MAT027,59,41,2025-10-27,2025-11-02,2025,44,EPI_CONSUMIVEIS,MEDIUM
MAT027,60,34,2025-11-03,2025-11-09,2025,45,EPI_CONSUMIVEIS,MEDIUM
MAT027,61,26,2025-11-10,2025-11-16,2025,46,EPI_CONSUMIVEIS,MEDIUM
MAT027,62,25,2025-11-17,2025-11-23,2025,47,EPI_CONSUMIVEIS,MEDIUM
MAT027,63,25,2025-11-24,2025-11-30,2025,48,EPI_CONSUMIVEIS,MEDIUM
MAT027,64,40,2025-12-01,2025-12-07,2025,49,EPI_CONSUMIVEIS,MEDIUM
MAT027,65,22,2025-12-08,2025-12-14,2025,50,EPI_CONSUMIVEIS,MEDIUM
MAT027,66,33,2025-12-15,2025-12-21,2025,51,EPI_CONSUMIVEIS,MEDIUM
MAT027,67,33,2025-12-22,2025-12-28,2025,52,EPI_CONSUMIVEIS,MEDIUM
MAT027,68,39,2025-12-29,2026-01-04,2026,1,EPI_CONSUMIVEIS,MEDIUM
MAT027,69,26,2026-01-05,2026-01-11,2026,2,EPI_CONSUMIVEIS,MEDIUM
MAT027,70,29,2026-01-12,2026-01-18,2026,3,EPI_CONSUMIVEIS,MEDIUM
MAT027,71,25,2026-01-19,2026-01-25,2026,4,EPI_CONSUMIVEIS,MEDIUM
MAT027,72,21,2026-01-26,2026-02-01,2026,5,EPI_CONSUMIVEIS,MEDIUM
MAT027,73,26,2026-02-02,2026-02-08,2026,6,EPI_CONSUMIVEIS,MEDIUM
MAT027,74,22,2026-02-09,2026-02-15,2026,7,EPI_CONSUMIVEIS,MEDIUM
MAT027,75,37,2026-02-16,2026-02-22,2026,8,EPI_CONSUMIVEIS,MEDIUM
MAT027,76,21,2026-02-23,2026-03-01,2026,9,EPI_CONSUMIVEIS,MEDIUM
MAT027,77,19,2026-03-02,2026-03-08,2026,10,EPI_CONSUMIVEIS,MEDIUM
MAT027,78,23,2026-03-09,2026-03-15,2026,11,EPI_CONSUMIVEIS,MEDIUM
MAT027,79,20,2026-03-16,2026-03-22,2026,12,EPI_CONSUMIVEIS,MEDIUM
MAT027,80,23,2026-03-23,2026-03-29,2026,13,EPI_CONSUMIVEIS,MEDIUM
MAT027,81,25,2026-03-30,2026-04-05,2026,14,EPI_CONSUMIVEIS,MEDIUM
MAT027,82,13,2026-04-06,2026-04-12,2026,15,EPI_CONSUMIVEIS,MEDIUM
MAT027,83,24,2026-04-13,2026-04-19,2026,16,EPI_CONSUMIVEIS,MEDIUM
MAT027,84,18,2026-04-20,2026-04-26,2026,17,EPI_CONSUMIVEIS,MEDIUM
MAT027,85,21,2026-04-27,2026-05-03,2026,18,EPI_CONSUMIVEIS,MEDIUM
MAT027,86,17,2026-05-04,2026-05-10,2026,19,EPI_CONSUMIVEIS,MEDIUM
MAT027,87,20,2026-05-11,2026-05-17,2026,20,EPI_CONSUMIVEIS,MEDIUM
MAT027,88,18,2026-05-18,2026-05-24,2026,21,EPI_CONSUMIVEIS,MEDIUM
MAT027,89,20,2026-05-25,2026-05-31,2026,22,EPI_CONSUMIVEIS,MEDIUM
MAT027,90,19,2026-06-01,2026-06-07,2026,23,EPI_CONSUMIVEIS,MEDIUM
MAT027,91,17,2026-06-08,2026-06-14,2026,24,EPI_CONSUMIVEIS,MEDIUM
MAT027,92,22,2026-06-15,2026-06-21,2026,25,EPI_CONSUMIVEIS,MEDIUM
MAT027,93,26,2026-06-22,2026-06-28,2026,26,EPI_CONSUMIVEIS,MEDIUM
MAT027,94,21,2026-06-29,2026-07-05,2026,27,EPI_CONSUMIVEIS,MEDIUM
MAT027,95,15,2026-07-06,2026-07-12,2026,28,EPI_CONSUMIVEIS,MEDIUM
MAT027,96,30,2026-07-13,2026-07-19,2026,29,EPI_CONSUMIVEIS,MEDIUM
MAT027,97,24,2026-07-20,2026-07-26,2026,30,EPI_CONSUMIVEIS,MEDIUM
MAT027,98,32,2026-07-27,2026-08-02,2026,31,EPI_CONSUMIVEIS,MEDIUM
MAT027,99,10,2026-08-03,2026-08-09,2026,32,EPI_CONSUMIVEIS,MEDIUM
MAT027,100,40,2026-08-10,2026-08-16,2026,33,EPI_CONSUMIVEIS,MEDIUM
MAT027,101,15,2026-08-17,2026-08-23,2026,34,EPI_CONSUMIVEIS,MEDIUM
MAT027,102,39,2026-08-24,2026-08-30,2026,35,EPI_CONSUMIVEIS,MEDIUM
MAT027,103,28,2026-08-31,2026-09-06,2026,36,EPI_CONSUMIVEIS,MEDIUM
MAT027,104,38,2026-09-07,2026-09-13,2026,37,EPI_CONSUMIVEIS,MEDIUM
MAT028,1,46,2024-09-16,2024-09-22,2024,38,EPI_CONSUMIVEIS,LOW
MAT028,2,40,2024-09-23,2024-09-29,2024,39,EPI_CONSUMIVEIS,LOW
MAT028,3,51,2024-09-30,2024-10-06,2024,40,EPI_CONSUMIVEIS,LOW
MAT028,4,50,2024-10-07,2024-10-13,2024,41,EPI_CONSUMIVEIS,LOW
MAT028,5,54,2024-10-14,2024-10-20,2024,42,EPI_CONSUMIVEIS,LOW
MAT028,6,46,2024-10-21,2024-10-27,2024,43,EPI_CONSUMIVEIS,LOW
MAT028,7,45,2024-10-28,2024-11-03,2024,44,EPI_CONSUMIVEIS,LOW
MAT028,8,55,2024-11-04,2024-11-10,2024,45,EPI_CONSUMIVEIS,LOW
MAT028,9,57,2024-11-11,2024-11-17,2024,46,EPI_CONSUMIVEIS,LOW
MAT028,10,57,2024-11-18,2024-11-24,2024,47,EPI_CONSUMIVEIS,LOW
MAT028,11,36,2024-11-25,2024-12-01,2024,48,EPI_CONSUMIVEIS,LOW
MAT028,12,54,2024-12-02,2024-12-08,2024,49,EPI_CONSUMIVEIS,LOW
MAT028,13,52,2024-12-09,2024-12-15,2024,50,EPI_CONSUMIVEIS,LOW
MAT028,14,35,2024-12-16,2024-12-22,2024,51,EPI_CONSUMIVEIS,LOW
MAT028,15,46,2024-12-23,2024-12-29,2024,52,EPI_CONSUMIVEIS,LOW
MAT028,16,52,2024-12-30,2025-01-05,2025,1,EPI_CONSUMIVEIS,LOW
MAT028,17,59,2025-01-06,2025-01-12,2025,2,EPI_CONSUMIVEIS,LOW
MAT028,18,57,2025-01-13,2025-01-19,2025,3,EPI_CONSUMIVEIS,LOW
MAT028,19,43,2025-01-20,2025-01-26,2025,4,EPI_CONSUMIVEIS,LOW
MAT028,20,38,2025-01-27,2025-02-02,2025,5,EPI_CONSUMIVEIS,LOW
MAT028,21,37,2025-02-03,2025-02-09,2025,6,EPI_CONSUMIVEIS,LOW
MAT028,22,30,2025-02-10,2025-02-16,2025,7,EPI_CONSUMIVEIS,LOW
MAT028,23,44,2025-02-17,2025-02-23,2025,8,EPI_CONSUMIVEIS,LOW
MAT028,24,42,2025-02-24,2025-03-02,2025,9,EPI_CONSUMIVEIS,LOW
MAT028,25,23,2025-03-03,2025-03-09,2025,10,EPI_CONSUMIVEIS,LOW
MAT028,26,47,2025-03-10,2025-03-16,2025,11,EPI_CONSUMIVEIS,LOW
MAT028,27,35,2025-03-17,2025-03-23,2025,12,EPI_CONSUMIVEIS,LOW
MAT028,28,45,2025-03-24,2025-03-30,2025,13,EPI_CONSUMIVEIS,LOW
MAT028,29,30,2025-03-31,2025-04-06,2025,14,EPI_CONSUMIVEIS,LOW
MAT028,30,38,2025-04-07,2025-04-13,2025,15,EPI_CONSUMIVEIS,LOW
MAT028,31,40,2025-04-14,2025-04-20,2025,16,EPI_CONSUMIVEIS,LOW
MAT028,32,47,2025-04-21,2025-04-27,2025,17,EPI_CONSUMIVEIS,LOW
MAT028,33,45,2025-04-28,2025-05-04,2025,18,EPI_CONSUMIVEIS,LOW
MAT028,34,26,2025-05-05,2025-05-11,2025,19,EPI_CONSUMIVEIS,LOW
MAT028,35,36,2025-05-12,2025-05-18,2025,20,EPI_CONSUMIVEIS,LOW
MAT028,36,42,2025-05-19,2025-05-25,2025,21,EPI_CONSUMIVEIS,LOW
MAT028,37,34,2025-05-26,2025-06-01,2025,22,EPI_CONSUMIVEIS,LOW
MAT028,38,36,2025-06-02,2025-06-08,2025,23,EPI_CONSUMIVEIS,LOW
MAT028,39,51,2025-06-09,2025-06-15,2025,24,EPI_CONSUMIVEIS,LOW
MAT028,40,44,2025-06-16,2025-06-22,2025,25,EPI_CONSUMIVEIS,LOW
MAT028,41,42,2025-06-23,2025-06-29,2025,26,EPI_CONSUMIVEIS,LOW
MAT028,42,39,2025-06-30,2025-07-06,2025,27,EPI_CONSUMIVEIS,LOW
MAT028,43,47,2025-07-07,2025-07-13,2025,28,EPI_CONSUMIVEIS,LOW
MAT028,44,40,2025-07-14,2025-07-20,2025,29,EPI_CONSUMIVEIS,LOW
MAT028,45,28,2025-07-21,2025-07-27,2025,30,EPI_CONSUMIVEIS,LOW
MAT028,46,52,2025-07-28,2025-08-03,2025,31,EPI_CONSUMIVEIS,LOW
MAT028,47,38,2025-08-04,2025-08-10,2025,32,EPI_CONSUMIVEIS,LOW
MAT028,48,33,2025-08-11,2025-08-17,2025,33,EPI_CONSUMIVEIS,LOW
MAT028,49,44,2025-08-18,2025-08-24,2025,34,EPI_CONSUMIVEIS,LOW
MAT028,50,43,2025-08-25,2025-08-31,2025,35,EPI_CONSUMIVEIS,LOW
MAT028,51,40,2025-09-01,2025-09-07,2025,36,EPI_CONSUMIVEIS,LOW
MAT028,52,59,2025-09-08,2025-09-14,2025,37,EPI_CONSUMIVEIS,LOW
MAT028,53,52,2025-09-15,2025-09-21,2025,38,EPI_CONSUMIVEIS,LOW
MAT028,54,38,2025-09-22,2025-09-28,2025,39,EPI_CONSUMIVEIS,LOW
MAT028,55,50,2025-09-29,2025-10-05,2025,40,EPI_CONSUMIVEIS,LOW
MAT028,56,38,2025-10-06,2025-10-12,2025,41,EPI_CONSUMIVEIS,LOW
MAT028,57,53,2025-10-13,2025-10-19,2025,42,EPI_CONSUMIVEIS,LOW
MAT028,58,43,2025-10-20,2025-10-26,2025,43,EPI_CONSUMIVEIS,LOW
MAT028,59,42,2025-10-27,2025-11-02,2025,44,EPI_CONSUMIVEIS,LOW
MAT028,60,47,2025-11-03,2025-11-09,2025,45,EPI_CONSUMIVEIS,LOW
MAT028,61,53,2025-11-10,2025-11-16,2025,46,EPI_CONSUMIVEIS,LOW
MAT028,62,45,2025-11-17,2025-11-23,2025,47,EPI_CONSUMIVEIS,LOW
MAT028,63,30,2025-11-24,2025-11-30,2025,48,EPI_CONSUMIVEIS,LOW
MAT028,64,41,2025-12-01,2025-12-07,2025,49,EPI_CONSUMIVEIS,LOW
MAT028,65,37,2025-12-08,2025-12-14,2025,50,EPI_CONSUMIVEIS,LOW
MAT028,66,42,2025-12-15,2025-12-21,2025,51,EPI_CONSUMIVEIS,LOW
MAT028,67,45,2025-12-22,2025-12-28,2025,52,EPI_CONSUMIVEIS,LOW
MAT028,68,27,2025-12-29,2026-01-04,2026,1,EPI_CONSUMIVEIS,LOW
MAT028,69,44,2026-01-05,2026-01-11,2026,2,EPI_CONSUMIVEIS,LOW
MAT028,70,39,2026-01-12,2026-01-18,2026,3,EPI_CONSUMIVEIS,LOW
MAT028,71,41,2026-01-19,2026-01-25,2026,4,EPI_CONSUMIVEIS,LOW
MAT028,72,39,2026-01-26,2026-02-01,2026,5,EPI_CONSUMIVEIS,LOW
MAT028,73,33,2026-02-02,2026-02-08,2026,6,EPI_CONSUMIVEIS,LOW
MAT028,74,37,2026-02-09,2026-02-15,2026,7,EPI_CONSUMIVEIS,LOW
MAT028,75,40,2026-02-16,2026-02-22,2026,8,EPI_CONSUMIVEIS,LOW
MAT028,76,33,2026-02-23,2026-03-01,2026,9,EPI_CONSUMIVEIS,LOW
MAT028,77,54,2026-03-02,2026-03-08,2026,10,EPI_CONSUMIVEIS,LOW
MAT028,78,26,2026-03-09,2026-03-15,2026,11,EPI_CONSUMIVEIS,LOW
MAT028,79,33,2026-03-16,2026-03-22,2026,12,EPI_CONSUMIVEIS,LOW
MAT028,80,32,2026-03-23,2026-03-29,2026,13,EPI_CONSUMIVEIS,LOW
MAT028,81,32,2026-03-30,2026-04-05,2026,14,EPI_CONSUMIVEIS,LOW
MAT028,82,38,2026-04-06,2026-04-12,2026,15,EPI_CONSUMIVEIS,LOW
MAT028,83,33,2026-04-13,2026-04-19,2026,16,EPI_CONSUMIVEIS,LOW
MAT028,84,32,2026-04-20,2026-04-26,2026,17,EPI_CONSUMIVEIS,LOW
MAT028,85,31,2026-04-27,2026-05-03,2026,18,EPI_CONSUMIVEIS,LOW
MAT028,86,35,2026-05-04,2026-05-10,2026,19,EPI_CONSUMIVEIS,LOW
MAT028,87,37,2026-05-11,2026-05-17,2026,20,EPI_CONSUMIVEIS,LOW
MAT028,88,22,2026-05-18,2026-05-24,2026,21,EPI_CONSUMIVEIS,LOW
MAT028,89,29,2026-05-25,2026-05-31,2026,22,EPI_CONSUMIVEIS,LOW
MAT028,90,40,2026-06-01,2026-06-07,2026,23,EPI_CONSUMIVEIS,LOW
MAT028,91,29,2026-06-08,2026-06-14,2026,24,EPI_CONSUMIVEIS,LOW
MAT028,92,37,2026-06-15,2026-06-21,2026,25,EPI_CONSUMIVEIS,LOW
MAT028,93,38,2026-06-22,2026-06-28,2026,26,EPI_CONSUMIVEIS,LOW
MAT028,94,29,2026-06-29,2026-07-05,2026,27,EPI_CONSUMIVEIS,LOW
MAT028,95,38,2026-07-06,2026-07-12,2026,28,EPI_CONSUMIVEIS,LOW
MAT028,96,37,2026-07-13,2026-07-19,2026,29,EPI_CONSUMIVEIS,LOW
MAT028,97,36,2026-07-20,2026-07-26,2026,30,EPI_CONSUMIVEIS,LOW
MAT028,98,48,2026-07-27,2026-08-02,2026,31,EPI_CONSUMIVEIS,LOW
MAT028,99,45,2026-08-03,2026-08-09,2026,32,EPI_CONSUMIVEIS,LOW
MAT028,100,57,2026-08-10,2026-08-16,2026,33,EPI_CONSUMIVEIS,LOW
MAT028,101,37,2026-08-17,2026-08-23,2026,34,EPI_CONSUMIVEIS,LOW
MAT028,102,34,2026-08-24,2026-08-30,2026,35,EPI_CONSUMIVEIS,LOW
MAT028,103,27,2026-08-31,2026-09-06,2026,36,EPI_CONSUMIVEIS,LOW
MAT028,104,52,2026-09-07,2026-09-13,2026,37,EPI_CONSUMIVEIS,LOW
MAT029,1,15,2024-09-16,2024-09-22,2024,38,EPI_CONSUMIVEIS,HIGH
MAT029,2,12,2024-09-23,2024-09-29,2024,39,EPI_CONSUMIVEIS,HIGH
MAT029,3,13,2024-09-30,2024-10-06,2024,40,EPI_CONSUMIVEIS,HIGH
MAT029,4,12,2024-10-07,2024-10-13,2024,41,EPI_CONSUMIVEIS,HIGH
MAT029,5,13,2024-10-14,2024-10-20,2024,42,EPI_CONSUMIVEIS,HIGH
MAT029,6,12,2024-10-21,2024-10-27,2024,43,EPI_CONSUMIVEIS,HIGH
MAT029,7,10,2024-10-28,2024-11-03,2024,44,EPI_CONSUMIVEIS,HIGH
MAT029,8,13,2024-11-04,2024-11-10,2024,45,EPI_CONSUMIVEIS,HIGH
MAT029,9,11,2024-11-11,2024-11-17,2024,46,EPI_CONSUMIVEIS,HIGH
MAT029,10,16,2024-11-18,2024-11-24,2024,47,EPI_CONSUMIVEIS,HIGH
MAT029,11,15,2024-11-25,2024-12-01,2024,48,EPI_CONSUMIVEIS,HIGH
MAT029,12,10,2024-12-02,2024-12-08,2024,49,EPI_CONSUMIVEIS,HIGH
MAT029,13,12,2024-12-09,2024-12-15,2024,50,EPI_CONSUMIVEIS,HIGH
MAT029,14,16,2024-12-16,2024-12-22,2024,51,EPI_CONSUMIVEIS,HIGH
MAT029,15,12,2024-12-23,2024-12-29,2024,52,EPI_CONSUMIVEIS,HIGH
MAT029,16,12,2024-12-30,2025-01-05,2025,1,EPI_CONSUMIVEIS,HIGH
MAT029,17,13,2025-01-06,2025-01-12,2025,2,EPI_CONSUMIVEIS,HIGH
MAT029,18,10,2025-01-13,2025-01-19,2025,3,EPI_CONSUMIVEIS,HIGH
MAT029,19,10,2025-01-20,2025-01-26,2025,4,EPI_CONSUMIVEIS,HIGH
MAT029,20,16,2025-01-27,2025-02-02,2025,5,EPI_CONSUMIVEIS,HIGH
MAT029,21,17,2025-02-03,2025-02-09,2025,6,EPI_CONSUMIVEIS,HIGH
MAT029,22,11,2025-02-10,2025-02-16,2025,7,EPI_CONSUMIVEIS,HIGH
MAT029,23,13,2025-02-17,2025-02-23,2025,8,EPI_CONSUMIVEIS,HIGH
MAT029,24,12,2025-02-24,2025-03-02,2025,9,EPI_CONSUMIVEIS,HIGH
MAT029,25,8,2025-03-03,2025-03-09,2025,10,EPI_CONSUMIVEIS,HIGH
MAT029,26,16,2025-03-10,2025-03-16,2025,11,EPI_CONSUMIVEIS,HIGH
MAT029,27,7,2025-03-17,2025-03-23,2025,12,EPI_CONSUMIVEIS,HIGH
MAT029,28,12,2025-03-24,2025-03-30,2025,13,EPI_CONSUMIVEIS,HIGH
MAT029,29,14,2025-03-31,2025-04-06,2025,14,EPI_CONSUMIVEIS,HIGH
MAT029,30,12,2025-04-07,2025-04-13,2025,15,EPI_CONSUMIVEIS,HIGH
MAT029,31,11,2025-04-14,2025-04-20,2025,16,EPI_CONSUMIVEIS,HIGH
MAT029,32,12,2025-04-21,2025-04-27,2025,17,EPI_CONSUMIVEIS,HIGH
MAT029,33,15,2025-04-28,2025-05-04,2025,18,EPI_CONSUMIVEIS,HIGH
MAT029,34,15,2025-05-05,2025-05-11,2025,19,EPI_CONSUMIVEIS,HIGH
MAT029,35,8,2025-05-12,2025-05-18,2025,20,EPI_CONSUMIVEIS,HIGH
MAT029,36,13,2025-05-19,2025-05-25,2025,21,EPI_CONSUMIVEIS,HIGH
MAT029,37,15,2025-05-26,2025-06-01,2025,22,EPI_CONSUMIVEIS,HIGH
MAT029,38,8,2025-06-02,2025-06-08,2025,23,EPI_CONSUMIVEIS,HIGH
MAT029,39,13,2025-06-09,2025-06-15,2025,24,EPI_CONSUMIVEIS,HIGH
MAT029,40,9,2025-06-16,2025-06-22,2025,25,EPI_CONSUMIVEIS,HIGH
MAT029,41,10,2025-06-23,2025-06-29,2025,26,EPI_CONSUMIVEIS,HIGH
MAT029,42,14,2025-06-30,2025-07-06,2025,27,EPI_CONSUMIVEIS,HIGH
MAT029,43,14,2025-07-07,2025-07-13,2025,28,EPI_CONSUMIVEIS,HIGH
MAT029,44,10,2025-07-14,2025-07-20,2025,29,EPI_CONSUMIVEIS,HIGH
MAT029,45,15,2025-07-21,2025-07-27,2025,30,EPI_CONSUMIVEIS,HIGH
MAT029,46,14,2025-07-28,2025-08-03,2025,31,EPI_CONSUMIVEIS,HIGH
MAT029,47,19,2025-08-04,2025-08-10,2025,32,EPI_CONSUMIVEIS,HIGH
MAT029,48,8,2025-08-11,2025-08-17,2025,33,EPI_CONSUMIVEIS,HIGH
MAT029,49,13,2025-08-18,2025-08-24,2025,34,EPI_CONSUMIVEIS,HIGH
MAT029,50,13,2025-08-25,2025-08-31,2025,35,EPI_CONSUMIVEIS,HIGH
MAT029,51,14,2025-09-01,2025-09-07,2025,36,EPI_CONSUMIVEIS,HIGH
MAT029,52,16,2025-09-08,2025-09-14,2025,37,EPI_CONSUMIVEIS,HIGH
MAT029,53,10,2025-09-15,2025-09-21,2025,38,EPI_CONSUMIVEIS,HIGH
MAT029,54,14,2025-09-22,2025-09-28,2025,39,EPI_CONSUMIVEIS,HIGH
MAT029,55,15,2025-09-29,2025-10-05,2025,40,EPI_CONSUMIVEIS,HIGH
MAT029,56,12,2025-10-06,2025-10-12,2025,41,EPI_CONSUMIVEIS,HIGH
MAT029,57,16,2025-10-13,2025-10-19,2025,42,EPI_CONSUMIVEIS,HIGH
MAT029,58,10,2025-10-20,2025-10-26,2025,43,EPI_CONSUMIVEIS,HIGH
MAT029,59,16,2025-10-27,2025-11-02,2025,44,EPI_CONSUMIVEIS,HIGH
MAT029,60,9,2025-11-03,2025-11-09,2025,45,EPI_CONSUMIVEIS,HIGH
MAT029,61,15,2025-11-10,2025-11-16,2025,46,EPI_CONSUMIVEIS,HIGH
MAT029,62,7,2025-11-17,2025-11-23,2025,47,EPI_CONSUMIVEIS,HIGH
MAT029,63,14,2025-11-24,2025-11-30,2025,48,EPI_CONSUMIVEIS,HIGH
MAT029,64,14,2025-12-01,2025-12-07,2025,49,EPI_CONSUMIVEIS,HIGH
MAT029,65,21,2025-12-08,2025-12-14,2025,50,EPI_CONSUMIVEIS,HIGH
MAT029,66,11,2025-12-15,2025-12-21,2025,51,EPI_CONSUMIVEIS,HIGH
MAT029,67,16,2025-12-22,2025-12-28,2025,52,EPI_CONSUMIVEIS,HIGH
MAT029,68,13,2025-12-29,2026-01-04,2026,1,EPI_CONSUMIVEIS,HIGH
MAT029,69,7,2026-01-05,2026-01-11,2026,2,EPI_CONSUMIVEIS,HIGH
MAT029,70,11,2026-01-12,2026-01-18,2026,3,EPI_CONSUMIVEIS,HIGH
MAT029,71,13,2026-01-19,2026-01-25,2026,4,EPI_CONSUMIVEIS,HIGH
MAT029,72,13,2026-01-26,2026-02-01,2026,5,EPI_CONSUMIVEIS,HIGH
MAT029,73,6,2026-02-02,2026-02-08,2026,6,EPI_CONSUMIVEIS,HIGH
MAT029,74,14,2026-02-09,2026-02-15,2026,7,EPI_CONSUMIVEIS,HIGH
MAT029,75,16,2026-02-16,2026-02-22,2026,8,EPI_CONSUMIVEIS,HIGH
MAT029,76,9,2026-02-23,2026-03-01,2026,9,EPI_CONSUMIVEIS,HIGH
MAT029,77,13,2026-03-02,2026-03-08,2026,10,EPI_CONSUMIVEIS,HIGH
MAT029,78,22,2026-03-09,2026-03-15,2026,11,EPI_CONSUMIVEIS,HIGH
MAT029,79,15,2026-03-16,2026-03-22,2026,12,EPI_CONSUMIVEIS,HIGH
MAT029,80,10,2026-03-23,2026-03-29,2026,13,EPI_CONSUMIVEIS,HIGH
MAT029,81,11,2026-03-30,2026-04-05,2026,14,EPI_CONSUMIVEIS,HIGH
MAT029,82,10,2026-04-06,2026-04-12,2026,15,EPI_CONSUMIVEIS,HIGH
MAT029,83,9,2026-04-13,2026-04-19,2026,16,EPI_CONSUMIVEIS,HIGH
MAT029,84,14,2026-04-20,2026-04-26,2026,17,EPI_CONSUMIVEIS,HIGH
MAT029,85,13,2026-04-27,2026-05-03,2026,18,EPI_CONSUMIVEIS,HIGH
MAT029,86,10,2026-05-04,2026-05-10,2026,19,EPI_CONSUMIVEIS,HIGH
MAT029,87,14,2026-05-11,2026-05-17,2026,20,EPI_CONSUMIVEIS,HIGH
MAT029,88,9,2026-05-18,2026-05-24,2026,21,EPI_CONSUMIVEIS,HIGH
MAT029,89,13,2026-05-25,2026-05-31,2026,22,EPI_CONSUMIVEIS,HIGH
MAT029,90,10,2026-06-01,2026-06-07,2026,23,EPI_CONSUMIVEIS,HIGH
MAT029,91,11,2026-06-08,2026-06-14,2026,24,EPI_CONSUMIVEIS,HIGH
MAT029,92,17,2026-06-15,2026-06-21,2026,25,EPI_CONSUMIVEIS,HIGH
MAT029,93,13,2026-06-22,2026-06-28,2026,26,EPI_CONSUMIVEIS,HIGH
MAT029,94,11,2026-06-29,2026-07-05,2026,27,EPI_CONSUMIVEIS,HIGH
MAT029,95,14,2026-07-06,2026-07-12,2026,28,EPI_CONSUMIVEIS,HIGH
MAT029,96,11,2026-07-13,2026-07-19,2026,29,EPI_CONSUMIVEIS,HIGH
MAT029,97,14,2026-07-20,2026-07-26,2026,30,EPI_CONSUMIVEIS,HIGH
MAT029,98,14,2026-07-27,2026-08-02,2026,31,EPI_CONSUMIVEIS,HIGH
MAT029,99,12,2026-08-03,2026-08-09,2026,32,EPI_CONSUMIVEIS,HIGH
MAT029,100,12,2026-08-10,2026-08-16,2026,33,EPI_CONSUMIVEIS,HIGH
MAT029,101,11,2026-08-17,2026-08-23,2026,34,EPI_CONSUMIVEIS,HIGH
MAT029,102,12,2026-08-24,2026-08-30,2026,35,EPI_CONSUMIVEIS,HIGH
MAT029,103,12,2026-08-31,2026-09-06,2026,36,EPI_CONSUMIVEIS,HIGH
MAT029,104,15,2026-09-07,2026-09-13,2026,37,EPI_CONSUMIVEIS,HIGH
MAT030,1,7,2024-09-16,2024-09-22,2024,38,EPI_CONSUMIVEIS,HIGH
MAT030,2,6,2024-09-23,2024-09-29,2024,39,EPI_CONSUMIVEIS,HIGH
MAT030,3,5,2024-09-30,2024-10-06,2024,40,EPI_CONSUMIVEIS,HIGH
MAT030,4,8,2024-10-07,2024-10-13,2024,41,EPI_CONSUMIVEIS,HIGH
MAT030,5,5,2024-10-14,2024-10-20,2024,42,EPI_CONSUMIVEIS,HIGH
MAT030,6,4,2024-10-21,2024-10-27,2024,43,EPI_CONSUMIVEIS,HIGH
MAT030,7,5,2024-10-28,2024-11-03,2024,44,EPI_CONSUMIVEIS,HIGH
MAT030,8,5,2024-11-04,2024-11-10,2024,45,EPI_CONSUMIVEIS,HIGH
MAT030,9,8,2024-11-11,2024-11-17,2024,46,EPI_CONSUMIVEIS,HIGH
MAT030,10,5,2024-11-18,2024-11-24,2024,47,EPI_CONSUMIVEIS,HIGH
MAT030,11,7,2024-11-25,2024-12-01,2024,48,EPI_CONSUMIVEIS,HIGH
MAT030,12,3,2024-12-02,2024-12-08,2024,49,EPI_CONSUMIVEIS,HIGH
MAT030,13,5,2024-12-09,2024-12-15,2024,50,EPI_CONSUMIVEIS,HIGH
MAT030,14,5,2024-12-16,2024-12-22,2024,51,EPI_CONSUMIVEIS,HIGH
MAT030,15,4,2024-12-23,2024-12-29,2024,52,EPI_CONSUMIVEIS,HIGH
MAT030,16,5,2024-12-30,2025-01-05,2025,1,EPI_CONSUMIVEIS,HIGH
MAT030,17,3,2025-01-06,2025-01-12,2025,2,EPI_CONSUMIVEIS,HIGH
MAT030,18,3,2025-01-13,2025-01-19,2025,3,EPI_CONSUMIVEIS,HIGH
MAT030,19,5,2025-01-20,2025-01-26,2025,4,EPI_CONSUMIVEIS,HIGH
MAT030,20,2,2025-01-27,2025-02-02,2025,5,EPI_CONSUMIVEIS,HIGH
MAT030,21,4,2025-02-03,2025-02-09,2025,6,EPI_CONSUMIVEIS,HIGH
MAT030,22,5,2025-02-10,2025-02-16,2025,7,EPI_CONSUMIVEIS,HIGH
MAT030,23,8,2025-02-17,2025-02-23,2025,8,EPI_CONSUMIVEIS,HIGH
MAT030,24,5,2025-02-24,2025-03-02,2025,9,EPI_CONSUMIVEIS,HIGH
MAT030,25,5,2025-03-03,2025-03-09,2025,10,EPI_CONSUMIVEIS,HIGH
MAT030,26,4,2025-03-10,2025-03-16,2025,11,EPI_CONSUMIVEIS,HIGH
MAT030,27,4,2025-03-17,2025-03-23,2025,12,EPI_CONSUMIVEIS,HIGH
MAT030,28,7,2025-03-24,2025-03-30,2025,13,EPI_CONSUMIVEIS,HIGH
MAT030,29,4,2025-03-31,2025-04-06,2025,14,EPI_CONSUMIVEIS,HIGH
MAT030,30,4,2025-04-07,2025-04-13,2025,15,EPI_CONSUMIVEIS,HIGH
MAT030,31,5,2025-04-14,2025-04-20,2025,16,EPI_CONSUMIVEIS,HIGH
MAT030,32,7,2025-04-21,2025-04-27,2025,17,EPI_CONSUMIVEIS,HIGH
MAT030,33,6,2025-04-28,2025-05-04,2025,18,EPI_CONSUMIVEIS,HIGH
MAT030,34,6,2025-05-05,2025-05-11,2025,19,EPI_CONSUMIVEIS,HIGH
MAT030,35,3,2025-05-12,2025-05-18,2025,20,EPI_CONSUMIVEIS,HIGH
MAT030,36,4,2025-05-19,2025-05-25,2025,21,EPI_CONSUMIVEIS,HIGH
MAT030,37,8,2025-05-26,2025-06-01,2025,22,EPI_CONSUMIVEIS,HIGH
MAT030,38,4,2025-06-02,2025-06-08,2025,23,EPI_CONSUMIVEIS,HIGH
MAT030,39,7,2025-06-09,2025-06-15,2025,24,EPI_CONSUMIVEIS,HIGH
MAT030,40,2,2025-06-16,2025-06-22,2025,25,EPI_CONSUMIVEIS,HIGH
MAT030,41,5,2025-06-23,2025-06-29,2025,26,EPI_CONSUMIVEIS,HIGH
MAT030,42,4,2025-06-30,2025-07-06,2025,27,EPI_CONSUMIVEIS,HIGH
MAT030,43,3,2025-07-07,2025-07-13,2025,28,EPI_CONSUMIVEIS,HIGH
MAT030,44,4,2025-07-14,2025-07-20,2025,29,EPI_CONSUMIVEIS,HIGH
MAT030,45,7,2025-07-21,2025-07-27,2025,30,EPI_CONSUMIVEIS,HIGH
MAT030,46,4,2025-07-28,2025-08-03,2025,31,EPI_CONSUMIVEIS,HIGH
MAT030,47,3,2025-08-04,2025-08-10,2025,32,EPI_CONSUMIVEIS,HIGH
MAT030,48,2,2025-08-11,2025-08-17,2025,33,EPI_CONSUMIVEIS,HIGH
MAT030,49,4,2025-08-18,2025-08-24,2025,34,EPI_CONSUMIVEIS,HIGH
MAT030,50,7,2025-08-25,2025-08-31,2025,35,EPI_CONSUMIVEIS,HIGH
MAT030,51,6,2025-09-01,2025-09-07,2025,36,EPI_CONSUMIVEIS,HIGH
MAT030,52,6,2025-09-08,2025-09-14,2025,37,EPI_CONSUMIVEIS,HIGH
MAT030,53,8,2025-09-15,2025-09-21,2025,38,EPI_CONSUMIVEIS,HIGH
MAT030,54,6,2025-09-22,2025-09-28,2025,39,EPI_CONSUMIVEIS,HIGH
MAT030,55,6,2025-09-29,2025-10-05,2025,40,EPI_CONSUMIVEIS,HIGH
MAT030,56,6,2025-10-06,2025-10-12,2025,41,EPI_CONSUMIVEIS,HIGH
MAT030,57,4,2025-10-13,2025-10-19,2025,42,EPI_CONSUMIVEIS,HIGH
MAT030,58,7,2025-10-20,2025-10-26,2025,43,EPI_CONSUMIVEIS,HIGH
MAT030,59,4,2025-10-27,2025-11-02,2025,44,EPI_CONSUMIVEIS,HIGH
MAT030,60,5,2025-11-03,2025-11-09,2025,45,EPI_CONSUMIVEIS,HIGH
MAT030,61,6,2025-11-10,2025-11-16,2025,46,EPI_CONSUMIVEIS,HIGH
MAT030,62,6,2025-11-17,2025-11-23,2025,47,EPI_CONSUMIVEIS,HIGH
MAT030,63,9,2025-11-24,2025-11-30,2025,48,EPI_CONSUMIVEIS,HIGH
MAT030,64,5,2025-12-01,2025-12-07,2025,49,EPI_CONSUMIVEIS,HIGH
MAT030,65,6,2025-12-08,2025-12-14,2025,50,EPI_CONSUMIVEIS,HIGH
MAT030,66,8,2025-12-15,2025-12-21,2025,51,EPI_CONSUMIVEIS,HIGH
MAT030,67,6,2025-12-22,2025-12-28,2025,52,EPI_CONSUMIVEIS,HIGH
MAT030,68,2,2025-12-29,2026-01-04,2026,1,EPI_CONSUMIVEIS,HIGH
MAT030,69,6,2026-01-05,2026-01-11,2026,2,EPI_CONSUMIVEIS,HIGH
MAT030,70,6,2026-01-12,2026-01-18,2026,3,EPI_CONSUMIVEIS,HIGH
MAT030,71,3,2026-01-19,2026-01-25,2026,4,EPI_CONSUMIVEIS,HIGH
MAT030,72,6,2026-01-26,2026-02-01,2026,5,EPI_CONSUMIVEIS,HIGH
MAT030,73,7,2026-02-02,2026-02-08,2026,6,EPI_CONSUMIVEIS,HIGH
MAT030,74,1,2026-02-09,2026-02-15,2026,7,EPI_CONSUMIVEIS,HIGH
MAT030,75,8,2026-02-16,2026-02-22,2026,8,EPI_CONSUMIVEIS,HIGH
MAT030,76,6,2026-02-23,2026-03-01,2026,9,EPI_CONSUMIVEIS,HIGH
MAT030,77,5,2026-03-02,2026-03-08,2026,10,EPI_CONSUMIVEIS,HIGH
MAT030,78,7,2026-03-09,2026-03-15,2026,11,EPI_CONSUMIVEIS,HIGH
MAT030,79,3,2026-03-16,2026-03-22,2026,12,EPI_CONSUMIVEIS,HIGH
MAT030,80,3,2026-03-23,2026-03-29,2026,13,EPI_CONSUMIVEIS,HIGH
MAT030,81,6,2026-03-30,2026-04-05,2026,14,EPI_CONSUMIVEIS,HIGH
MAT030,82,7,2026-04-06,2026-04-12,2026,15,EPI_CONSUMIVEIS,HIGH
MAT030,83,6,2026-04-13,2026-04-19,2026,16,EPI_CONSUMIVEIS,HIGH
MAT030,84,4,2026-04-20,2026-04-26,2026,17,EPI_CONSUMIVEIS,HIGH
MAT030,85,5,2026-04-27,2026-05-03,2026,18,EPI_CONSUMIVEIS,HIGH
MAT030,86,4,2026-05-04,2026-05-10,2026,19,EPI_CONSUMIVEIS,HIGH
MAT030,87,5,2026-05-11,2026-05-17,2026,20,EPI_CONSUMIVEIS,HIGH
MAT030,88,6,2026-05-18,2026-05-24,2026,21,EPI_CONSUMIVEIS,HIGH
MAT030,89,6,2026-05-25,2026-05-31,2026,22,EPI_CONSUMIVEIS,HIGH
MAT030,90,8,2026-06-01,2026-06-07,2026,23,EPI_CONSUMIVEIS,HIGH
MAT030,91,6,2026-06-08,2026-06-14,2026,24,EPI_CONSUMIVEIS,HIGH
MAT030,92,2,2026-06-15,2026-06-21,2026,25,EPI_CONSUMIVEIS,HIGH
MAT030,93,8,2026-06-22,2026-06-28,2026,26,EPI_CONSUMIVEIS,HIGH
MAT030,94,6,2026-06-29,2026-07-05,2026,27,EPI_CONSUMIVEIS,HIGH
MAT030,95,7,2026-07-06,2026-07-12,2026,28,EPI_CONSUMIVEIS,HIGH
MAT030,96,5,2026-07-13,2026-07-19,2026,29,EPI_CONSUMIVEIS,HIGH
MAT030,97,7,2026-07-20,2026-07-26,2026,30,EPI_CONSUMIVEIS,HIGH
MAT030,98,5,2026-07-27,2026-08-02,2026,31,EPI_CONSUMIVEIS,HIGH
MAT030,99,5,2026-08-03,2026-08-09,2026,32,EPI_CONSUMIVEIS,HIGH
MAT030,100,3,2026-08-10,2026-08-16,2026,33,EPI_CONSUMIVEIS,HIGH
MAT030,101,5,2026-08-17,2026-08-23,2026,34,EPI_CONSUMIVEIS,HIGH
MAT030,102,8,2026-08-24,2026-08-30,2026,35,EPI_CONSUMIVEIS,HIGH
MAT030,103,3,2026-08-31,2026-09-06,2026,36,EPI_CONSUMIVEIS,HIGH
MAT030,104,6,2026-09-07,2026-09-13,2026,37,EPI_CONSUMIVEIS,HIGH
