transaction_id,consumption_date,product_id,quantity,work_center
1,2024-09-17,MAT001,4,SOLDAGEM
2,2024-09-17,MAT001,4,MECANICA
3,2024-09-18,MAT001,4,ELETRICA
4,2024-09-27,MAT001,4,FABRICACAO
5,2024-09-27,MAT001,3,MANUTENCAO
6,2024-10-04,MAT001,8,MECANICA
7,2024-09-30,MAT001,8,ELETRICA
8,2024-11-18,MAT001,4,MANUTENCAO
9,2024-11-20,MAT001,4,FABRICACAO
10,2024-11-18,MAT001,4,FABRICACAO
11,2024-11-26,MAT001,10,MECANICA
12,2024-11-26,MAT001,10,FABRICACAO
13,2024-12-05,MAT001,3,ELETRICA
14,2024-12-05,MAT001,3,ELETRICA
15,2024-12-11,MAT001,10,ELETRICA
16,2024-12-13,MAT001,10,FABRICACAO
17,2024-12-23,MAT001,6,MECANICA
18,2024-12-23,MAT001,6,SOLDAGEM
19,2025-02-19,MAT001,2,MANUTENCAO
20,2025-02-17,MAT001,2,FABRICACAO
21,2025-02-20,MAT001,2,MANUTENCAO
22,2025-03-27,MAT001,9,MANUTENCAO
23,2025-04-18,MAT001,6,ELETRICA
24,2025-04-17,MAT001,6,MECANICA
25,2025-04-15,MAT001,5,MECANICA
26,2025-04-25,MAT001,6,MANUTENCAO
27,2025-04-21,MAT001,5,ELETRICA
28,2025-05-01,MAT001,6,MANUTENCAO
29,2025-05-15,MAT001,9,ELETRICA
30,2025-05-12,MAT001,8,MECANICA
31,2025-05-23,MAT001,17,ELETRICA
32,2025-06-02,MAT001,5,FABRICACAO
33,2025-06-05,MAT001,5,ELETRICA
34,2025-06-20,MAT001,4,MECANICA
35,2025-06-19,MAT001,4,FABRICACAO
36,2025-07-30,MAT001,16,MANUTENCAO
37,2025-08-08,MAT001,14,SOLDAGEM
38,2025-08-11,MAT001,6,MANUTENCAO
39,2025-08-15,MAT001,6,MECANICA
40,2025-08-22,MAT001,5,SOLDAGEM
41,2025-09-10,MAT001,21,SOLDAGEM
42,2025-09-25,MAT001,3,MANUTENCAO
43,2025-09-22,MAT001,3,MANUTENCAO
44,2025-09-23,MAT001,2,MANUTENCAO
45,2025-10-23,MAT001,2,SOLDAGEM
46,2025-12-10,MAT001,21,FABRICACAO
47,2025-12-23,MAT001,9,MANUTENCAO
48,2025-12-23,MAT001,9,MECANICA
49,2025-12-24,MAT001,9,MECANICA
50,2025-12-29,MAT001,7,FABRICACAO
51,2026-01-02,MAT001,7,SOLDAGEM
52,2026-01-09,MAT001,1,MANUTENCAO
53,2026-02-19,MAT001,11,FABRICACAO
54,2026-02-17,MAT001,11,ELETRICA
55,2026-04-01,MAT001,9,SOLDAGEM
56,2026-04-01,MAT001,8,MANUTENCAO
57,2026-04-20,MAT001,2,SOLDAGEM
58,2026-04-23,MAT001,2,MECANICA
59,2026-04-20,MAT001,1,FABRICACAO
60,2026-05-07,MAT001,9,MECANICA
61,2026-05-04,MAT001,9,MECANICA
62,2026-05-20,MAT001,5,FABRICACAO
63,2026-05-18,MAT001,5,MECANICA
64,2026-05-18,MAT001,5,FABRICACAO
65,2026-06-19,MAT001,4,MECANICA
66,2026-06-15,MAT001,4,FABRICACAO
67,2026-06-17,MAT001,4,FABRICACAO
68,2026-06-26,MAT001,13,ELETRICA
69,2026-06-29,MAT001,5,FABRICACAO
70,2026-07-17,MAT001,4,ELETRICA
71,2026-07-16,MAT001,3,FABRICACAO
72,2026-07-16,MAT001,3,FABRICACAO
73,2026-07-23,MAT001,5,SOLDAGEM
74,2026-07-23,MAT001,5,FABRICACAO
75,2026-07-24,MAT001,5,SOLDAGEM
76,2026-09-01,MAT001,12,ELETRICA
77,2026-09-07,MAT001,6,SOLDAGEM
78,2026-09-08,MAT001,6,MANUTENCAO
79,2026-09-08,MAT001,5,MANUTENCAO
80,2024-09-18,MAT002,4,FABRICACAO
81,2024-09-17,MAT002,3,MANUTENCAO
82,2024-09-18,MAT002,3,FABRICACAO
83,2024-09-23,MAT002,13,MECANICA
84,2024-10-04,MAT002,5,ELETRICA
85,2024-10-03,MAT002,4,ELETRICA
86,2024-10-02,MAT002,4,ELETRICA
87,2024-10-09,MAT002,5,MECANICA
88,2024-10-08,MAT002,5,ELETRICA
89,2024-10-10,MAT002,4,MECANICA
90,2024-10-14,MAT002,9,FABRICACAO
91,2024-10-24,MAT002,3,FABRICACAO
92,2024-10-25,MAT002,3,MECANICA
93,2024-10-23,MAT002,3,ELETRICA
94,2024-10-29,MAT002,9,ELETRICA
95,2024-11-05,MAT002,3,MANUTENCAO
96,2024-11-06,MAT002,2,MECANICA
97,2024-11-08,MAT002,2,FABRICACAO
98,2024-11-13,MAT002,5,SOLDAGEM
99,2024-11-15,MAT002,5,SOLDAGEM
100,2024-11-13,MAT002,5,MANUTENCAO
101,2024-11-19,MAT002,6,FABRICACAO
102,2024-11-20,MAT002,5,ELETRICA
103,2024-11-19,MAT002,5,ELETRICA
104,2024-11-25,MAT002,15,MANUTENCAO
105,2024-12-03,MAT002,7,MANUTENCAO
106,2024-12-06,MAT002,7,MECANICA
107,2024-12-12,MAT002,4,MANUTENCAO
108,2024-12-13,MAT002,4,MECANICA
109,2024-12-17,MAT002,5,MANUTENCAO
110,2024-12-20,MAT002,5,SOLDAGEM
111,2024-12-16,MAT002,5,MECANICA
112,2024-12-23,MAT002,6,ELETRICA
113,2024-12-25,MAT002,5,SOLDAGEM
114,2025-01-02,MAT002,5,FABRICACAO
115,2025-01-02,MAT002,5,ELETRICA
116,2025-01-02,MAT002,4,MECANICA
117,2025-01-10,MAT002,5,FABRICACAO
118,2025-01-07,MAT002,4,MECANICA
119,2025-01-16,MAT002,4,FABRICACAO
120,2025-01-15,MAT002,4,SOLDAGEM
121,2025-01-13,MAT002,3,SOLDAGEM
122,2025-01-20,MAT002,4,MECANICA
123,2025-01-20,MAT002,4,MECANICA
124,2025-01-21,MAT002,4,FABRICACAO
125,2025-01-29,MAT002,5,ELETRICA
126,2025-01-30,MAT002,5,SOLDAGEM
127,2025-01-30,MAT002,5,FABRICACAO
128,2025-02-05,MAT002,12,MANUTENCAO
129,2025-02-13,MAT002,3,FABRICACAO
130,2025-02-10,MAT002,3,SOLDAGEM
131,2025-02-12,MAT002,2,ELETRICA
132,2025-02-17,MAT002,9,MANUTENCAO
133,2025-02-18,MAT002,9,MANUTENCAO
134,2025-02-26,MAT002,14,MANUTENCAO
135,2025-03-06,MAT002,4,ELETRICA
136,2025-03-04,MAT002,3,FABRICACAO
137,2025-03-05,MAT002,3,ELETRICA
138,2025-03-12,MAT002,4,FABRICACAO
139,2025-03-14,MAT002,4,SOLDAGEM
140,2025-03-11,MAT002,4,ELETRICA
141,2025-03-18,MAT002,4,ELETRICA
142,2025-03-21,MAT002,3,SOLDAGEM
143,2025-03-25,MAT002,2,FABRICACAO
144,2025-03-27,MAT002,2,MECANICA
145,2025-04-01,MAT002,4,SOLDAGEM
146,2025-04-01,MAT002,3,MANUTENCAO
147,2025-03-31,MAT002,3,SOLDAGEM
148,2025-04-07,MAT002,5,FABRICACAO
149,2025-04-08,MAT002,5,MECANICA
150,2025-04-09,MAT002,4,MECANICA
151,2025-04-16,MAT002,5,ELETRICA
152,2025-04-18,MAT002,5,FABRICACAO
153,2025-04-17,MAT002,5,SOLDAGEM
154,2025-04-22,MAT002,4,MECANICA
155,2025-04-23,MAT002,4,MANUTENCAO
156,2025-04-21,MAT002,3,FABRICACAO
157,2025-05-01,MAT002,9,SOLDAGEM
158,2025-05-02,MAT002,8,MECANICA
159,2025-05-05,MAT002,6,MANUTENCAO
160,2025-05-09,MAT002,6,ELETRICA
161,2025-05-12,MAT002,10,MANUTENCAO
162,2025-05-23,MAT002,9,FABRICACAO
163,2025-05-27,MAT002,4,MANUTENCAO
164,2025-05-26,MAT002,4,ELETRICA
165,2025-05-26,MAT002,4,MECANICA
166,2025-06-06,MAT002,8,MECANICA
167,2025-06-04,MAT002,8,SOLDAGEM
168,2025-06-10,MAT002,7,SOLDAGEM
169,2025-06-11,MAT002,7,MANUTENCAO
170,2025-06-18,MAT002,15,ELETRICA
171,2025-06-25,MAT002,12,SOLDAGEM
172,2025-07-02,MAT002,4,FABRICACAO
173,2025-07-02,MAT002,4,MECANICA
174,2025-07-08,MAT002,5,SOLDAGEM
175,2025-07-08,MAT002,4,FABRICACAO
176,2025-07-18,MAT002,8,MECANICA
177,2025-07-22,MAT002,6,SOLDAGEM
178,2025-07-25,MAT002,6,FABRICACAO
179,2025-07-21,MAT002,5,FABRICACAO
180,2025-07-28,MAT002,7,MANUTENCAO
181,2025-07-31,MAT002,7,MANUTENCAO
182,2025-08-08,MAT002,12,MANUTENCAO
183,2025-08-15,MAT002,15,MANUTENCAO
184,2025-08-21,MAT002,3,FABRICACAO
185,2025-08-19,MAT002,2,MANUTENCAO
186,2025-08-20,MAT002,2,SOLDAGEM
187,2025-08-27,MAT002,4,MANUTENCAO
188,2025-08-26,MAT002,3,ELETRICA
189,2025-09-01,MAT002,9,ELETRICA
190,2025-09-04,MAT002,9,ELETRICA
191,2025-09-09,MAT002,4,ELETRICA
192,2025-09-10,MAT002,4,FABRICACAO
193,2025-09-12,MAT002,4,MECANICA
194,2025-09-16,MAT002,18,MECANICA
195,2025-09-24,MAT002,5,MECANICA
196,2025-09-22,MAT002,5,MECANICA
197,2025-09-23,MAT002,5,SOLDAGEM
198,2025-09-30,MAT002,7,ELETRICA
199,2025-09-29,MAT002,7,ELETRICA
200,2025-10-07,MAT002,7,MANUTENCAO
201,2025-10-16,MAT002,6,ELETRICA
202,2025-10-16,MAT002,5,SOLDAGEM
203,2025-10-20,MAT002,6,ELETRICA
204,2025-10-20,MAT002,6,FABRICACAO
205,2025-10-21,MAT002,5,MANUTENCAO
206,2025-10-30,MAT002,5,MANUTENCAO
207,2025-10-27,MAT002,4,MECANICA
208,2025-10-29,MAT002,4,MANUTENCAO
209,2025-11-07,MAT002,4,MANUTENCAO
210,2025-11-05,MAT002,4,ELETRICA
211,2025-11-05,MAT002,4,FABRICACAO
212,2025-11-14,MAT002,6,MANUTENCAO
213,2025-11-14,MAT002,6,FABRICACAO
214,2025-11-17,MAT002,5,SOLDAGEM
215,2025-11-20,MAT002,4,MANUTENCAO
216,2025-11-25,MAT002,9,SOLDAGEM
217,2025-12-01,MAT002,4,MANUTENCAO
218,2025-12-01,MAT002,3,FABRICACAO
219,2025-12-12,MAT002,6,ELETRICA
220,2025-12-09,MAT002,5,MECANICA
221,2025-12-11,MAT002,5,MANUTENCAO
222,2025-12-18,MAT002,7,MECANICA
223,2025-12-17,MAT002,6,MECANICA
224,2025-12-25,MAT002,16,MECANICA
225,2026-01-02,MAT002,4,FABRICACAO
226,2026-01-02,MAT002,4,MANUTENCAO
227,2025-12-29,MAT002,3,MECANICA
228,2026-01-07,MAT002,7,ELETRICA
229,2026-01-05,MAT002,6,MECANICA
230,2026-01-12,MAT002,4,MECANICA
231,2026-01-14,MAT002,4,MANUTENCAO
232,2026-01-13,MAT002,3,ELETRICA
233,2026-01-19,MAT002,4,ELETRICA
234,2026-01-23,MAT002,4,ELETRICA
235,2026-01-23,MAT002,3,SOLDAGEM
236,2026-01-30,MAT002,6,MECANICA
237,2026-02-03,MAT002,7,FABRICACAO
238,2026-02-04,MAT002,6,MANUTENCAO
239,2026-02-11,MAT002,2,MECANICA
240,2026-02-13,MAT002,1,FABRICACAO
241,2026-02-11,MAT002,1,MANUTENCAO
242,2026-02-20,MAT002,4,ELETRICA
243,2026-02-19,MAT002,4,FABRICACAO
244,2026-02-16,MAT002,3,MANUTENCAO
245,2026-02-25,MAT002,18,MANUTENCAO
246,2026-03-03,MAT002,6,ELETRICA
247,2026-03-05,MAT002,6,ELETRICA
248,2026-03-06,MAT002,6,MECANICA
249,2026-03-10,MAT002,7,MECANICA
250,2026-03-11,MAT002,7,FABRICACAO
251,2026-03-19,MAT002,10,FABRICACAO
252,2026-03-23,MAT002,4,MANUTENCAO
253,2026-03-24,MAT002,4,SOLDAGEM
254,2026-03-24,MAT002,3,SOLDAGEM
255,2026-03-30,MAT002,12,SOLDAGEM
256,2026-04-06,MAT002,2,ELETRICA
257,2026-04-09,MAT002,2,SOLDAGEM
258,2026-04-06,MAT002,2,MANUTENCAO
259,2026-04-17,MAT002,6,SOLDAGEM
260,2026-04-14,MAT002,6,FABRICACAO
261,2026-04-22,MAT002,8,FABRICACAO
262,2026-04-28,MAT002,6,MANUTENCAO
263,2026-04-27,MAT002,5,MANUTENCAO
264,2026-05-05,MAT002,8,MECANICA
265,2026-05-07,MAT002,7,FABRICACAO
266,2026-05-12,MAT002,6,MANUTENCAO
267,2026-05-19,MAT002,12,ELETRICA
268,2026-05-29,MAT002,13,MECANICA
269,2026-06-03,MAT002,3,MANUTENCAO
270,2026-06-03,MAT002,3,MANUTENCAO
271,2026-06-05,MAT002,3,SOLDAGEM
272,2026-06-08,MAT002,6,ELETRICA
273,2026-06-12,MAT002,5,MECANICA
274,2026-06-17,MAT002,6,MANUTENCAO
275,2026-06-15,MAT002,5,SOLDAGEM
276,2026-06-26,MAT002,11,SOLDAGEM
277,2026-07-02,MAT002,5,SOLDAGEM
278,2026-07-03,MAT002,5,SOLDAGEM
279,2026-07-09,MAT002,14,MANUTENCAO
280,2026-07-16,MAT002,6,ELETRICA
281,2026-07-15,MAT002,6,MANUTENCAO
282,2026-07-14,MAT002,5,ELETRICA
283,2026-07-21,MAT002,4,MANUTENCAO
284,2026-07-24,MAT002,4,MECANICA
285,2026-07-27,MAT002,14,FABRICACAO
286,2026-08-06,MAT002,4,MANUTENCAO
287,2026-08-07,MAT002,3,FABRICACAO
288,2026-08-07,MAT002,3,MECANICA
289,2026-08-13,MAT002,7,SOLDAGEM
290,2026-08-11,MAT002,7,SOLDAGEM
291,2026-08-21,MAT002,11,MANUTENCAO
292,2026-08-25,MAT002,4,FABRICACAO
293,2026-08-25,MAT002,4,FABRICACAO
294,2026-08-26,MAT002,3,FABRICACAO
295,2026-09-02,MAT002,5,SOLDAGEM
296,2026-08-31,MAT002,5,SOLDAGEM
297,2026-08-31,MAT002,4,MANUTENCAO
298,2026-09-11,MAT002,6,ELETRICA
299,2026-09-07,MAT002,5,MANUTENCAO
300,2026-09-08,MAT002,5,FABRICACAO
301,2024-09-16,MAT003,2,SOLDAGEM
302,2024-09-23,MAT003,3,MANUTENCAO
303,2024-09-27,MAT003,2,MANUTENCAO
304,2024-09-30,MAT003,4,FABRICACAO
305,2024-10-09,MAT003,2,MECANICA
306,2024-10-07,MAT003,2,ELETRICA
307,2024-10-18,MAT003,2,MECANICA
308,2024-10-15,MAT003,1,FABRICACAO
309,2024-10-18,MAT003,1,MANUTENCAO
310,2024-10-22,MAT003,2,FABRICACAO
311,2024-10-21,MAT003,1,ELETRICA
312,2024-10-22,MAT003,1,MANUTENCAO
313,2024-10-28,MAT003,2,MECANICA
314,2024-10-31,MAT003,2,MECANICA
315,2024-11-01,MAT003,2,SOLDAGEM
316,2024-11-06,MAT003,2,SOLDAGEM
317,2024-11-07,MAT003,2,MECANICA
318,2024-11-11,MAT003,2,SOLDAGEM
319,2024-11-19,MAT003,3,FABRICACAO
320,2024-11-25,MAT003,2,MECANICA
321,2024-11-28,MAT003,2,FABRICACAO
322,2024-12-05,MAT003,2,SOLDAGEM
323,2024-12-04,MAT003,2,MECANICA
324,2024-12-12,MAT003,5,MECANICA
325,2024-12-19,MAT003,2,ELETRICA
326,2024-12-18,MAT003,2,SOLDAGEM
327,2024-12-26,MAT003,4,ELETRICA
328,2025-01-03,MAT003,2,FABRICACAO
329,2024-12-31,MAT003,1,ELETRICA
330,2025-01-02,MAT003,1,MECANICA
331,2025-01-08,MAT003,2,MECANICA
332,2025-01-09,MAT003,2,MANUTENCAO
333,2025-01-16,MAT003,5,SOLDAGEM
334,2025-01-22,MAT003,3,ELETRICA
335,2025-01-22,MAT003,2,MANUTENCAO
336,2025-01-30,MAT003,2,ELETRICA
337,2025-01-28,MAT003,1,FABRICACAO
338,2025-01-27,MAT003,1,MECANICA
339,2025-02-05,MAT003,1,FABRICACAO
340,2025-02-05,MAT003,1,SOLDAGEM
341,2025-02-03,MAT003,1,ELETRICA
342,2025-02-10,MAT003,4,MECANICA
343,2025-02-17,MAT003,5,ELETRICA
344,2025-02-24,MAT003,5,MECANICA
345,2025-03-06,MAT003,2,SOLDAGEM
346,2025-03-10,MAT003,2,MANUTENCAO
347,2025-03-17,MAT003,1,SOLDAGEM
348,2025-03-18,MAT003,1,SOLDAGEM
349,2025-03-20,MAT003,1,ELETRICA
350,2025-03-28,MAT003,2,FABRICACAO
351,2025-03-26,MAT003,1,MECANICA
352,2025-03-27,MAT003,1,ELETRICA
353,2025-04-03,MAT003,1,SOLDAGEM
354,2025-04-08,MAT003,4,MECANICA
355,2025-04-16,MAT003,2,MECANICA
356,2025-04-16,MAT003,1,MANUTENCAO
357,2025-04-16,MAT003,1,FABRICACAO
358,2025-04-24,MAT003,2,SOLDAGEM
359,2025-04-23,MAT003,1,MANUTENCAO
360,2025-04-25,MAT003,1,ELETRICA
361,2025-05-02,MAT003,2,ELETRICA
362,2025-05-07,MAT003,2,MECANICA
363,2025-05-09,MAT003,2,SOLDAGEM
364,2025-05-16,MAT003,2,ELETRICA
365,2025-05-16,MAT003,1,SOLDAGEM
366,2025-05-19,MAT003,2,MECANICA
367,2025-05-23,MAT003,1,MECANICA
368,2025-05-20,MAT003,1,MECANICA
369,2025-05-28,MAT003,4,MECANICA
370,2025-05-27,MAT003,3,MECANICA
371,2025-06-03,MAT003,2,SOLDAGEM
372,2025-06-04,MAT003,2,FABRICACAO
373,2025-06-10,MAT003,3,MECANICA
374,2025-06-18,MAT003,2,MANUTENCAO
375,2025-06-17,MAT003,2,MANUTENCAO
376,2025-06-16,MAT003,1,SOLDAGEM
377,2025-06-27,MAT003,4,SOLDAGEM
378,2025-07-03,MAT003,3,MANUTENCAO
379,2025-07-11,MAT003,2,SOLDAGEM
380,2025-07-07,MAT003,1,ELETRICA
381,2025-07-16,MAT003,5,MECANICA
382,2025-07-25,MAT003,3,MECANICA
383,2025-07-30,MAT003,3,MECANICA
384,2025-08-08,MAT003,2,SOLDAGEM
385,2025-08-07,MAT003,2,FABRICACAO
386,2025-08-11,MAT003,2,FABRICACAO
387,2025-08-20,MAT003,3,FABRICACAO
388,2025-08-28,MAT003,4,MECANICA
389,2025-09-01,MAT003,2,ELETRICA
390,2025-09-01,MAT003,1,FABRICACAO
391,2025-09-11,MAT003,2,MANUTENCAO
392,2025-09-12,MAT003,2,SOLDAGEM
393,2025-09-09,MAT003,2,SOLDAGEM
394,2025-09-16,MAT003,2,MANUTENCAO
395,2025-09-16,MAT003,2,MECANICA
396,2025-09-23,MAT003,2,MECANICA
397,2025-10-03,MAT003,2,ELETRICA
398,2025-10-07,MAT003,3,SOLDAGEM
399,2025-10-09,MAT003,2,MECANICA
400,2025-10-17,MAT003,2,SOLDAGEM
401,2025-10-22,MAT003,2,ELETRICA
402,2025-10-24,MAT003,1,MANUTENCAO
403,2025-10-21,MAT003,1,MANUTENCAO
404,2025-10-27,MAT003,4,FABRICACAO
405,2025-11-03,MAT003,4,FABRICACAO
406,2025-11-10,MAT003,3,SOLDAGEM
407,2025-11-18,MAT003,3,MANUTENCAO
408,2025-11-17,MAT003,3,MANUTENCAO
409,2025-11-25,MAT003,1,ELETRICA
410,2025-12-05,MAT003,2,MANUTENCAO
411,2025-12-01,MAT003,1,FABRICACAO
412,2025-12-10,MAT003,3,SOLDAGEM
413,2025-12-09,MAT003,2,MECANICA
414,2025-12-18,MAT003,2,MECANICA
415,2025-12-17,MAT003,1,SOLDAGEM
416,2025-12-23,MAT003,1,MECANICA
417,2026-01-02,MAT003,4,MANUTENCAO
418,2026-01-05,MAT003,2,MANUTENCAO
419,2026-01-05,MAT003,2,MANUTENCAO
420,2026-01-15,MAT003,2,ELETRICA
421,2026-01-16,MAT003,1,MANUTENCAO
422,2026-01-16,MAT003,1,MECANICA
423,2026-01-20,MAT003,2,MANUTENCAO
424,2026-01-23,MAT003,1,ELETRICA
425,2026-01-23,MAT003,1,ELETRICA
426,2026-01-30,MAT003,2,MECANICA
427,2026-02-06,MAT003,3,SOLDAGEM
428,2026-02-09,MAT003,2,FABRICACAO
429,2026-02-20,MAT003,2,SOLDAGEM
430,2026-02-19,MAT003,1,FABRICACAO
431,2026-02-27,MAT003,3,MECANICA
432,2026-03-05,MAT003,1,SOLDAGEM
433,2026-03-10,MAT003,2,MECANICA
434,2026-03-17,MAT003,2,FABRICACAO
435,2026-03-24,MAT003,2,MANUTENCAO
436,2026-03-25,MAT003,1,MANUTENCAO
437,2026-03-24,MAT003,1,FABRICACAO
438,2026-04-03,MAT003,2,MANUTENCAO
439,2026-03-31,MAT003,1,MANUTENCAO
440,2026-04-08,MAT003,2,ELETRICA
441,2026-04-13,MAT003,2,ELETRICA
442,2026-04-17,MAT003,1,MANUTENCAO
443,2026-04-15,MAT003,1,ELETRICA
444,2026-04-22,MAT003,2,MANUTENCAO
445,2026-04-21,MAT003,1,SOLDAGEM
446,2026-04-27,MAT003,3,SOLDAGEM
447,2026-04-30,MAT003,3,MANUTENCAO
448,2026-05-05,MAT003,2,FABRICACAO
449,2026-05-13,MAT003,3,MANUTENCAO
450,2026-05-22,MAT003,2,MANUTENCAO
451,2026-05-19,MAT003,1,SOLDAGEM
452,2026-05-26,MAT003,2,FABRICACAO
453,2026-06-05,MAT003,2,MECANICA
454,2026-06-03,MAT003,2,SOLDAGEM
455,2026-06-12,MAT003,3,MECANICA
456,2026-06-15,MAT003,2,MANUTENCAO
457,2026-06-22,MAT003,1,FABRICACAO
458,2026-07-03,MAT003,5,MECANICA
459,2026-07-08,MAT003,2,MANUTENCAO
460,2026-07-10,MAT003,2,FABRICACAO
461,2026-07-06,MAT003,1,SOLDAGEM
462,2026-07-15,MAT003,2,ELETRICA
463,2026-07-13,MAT003,2,FABRICACAO
464,2026-07-20,MAT003,2,ELETRICA
465,2026-07-24,MAT003,1,SOLDAGEM
466,2026-07-22,MAT003,1,FABRICACAO
467,2026-07-29,MAT003,1,ELETRICA
468,2026-08-06,MAT003,2,FABRICACAO
469,2026-08-05,MAT003,2,MANUTENCAO
470,2026-08-10,MAT003,4,ELETRICA
471,2026-08-17,MAT003,5,FABRICACAO
472,2026-08-26,MAT003,2,FABRICACAO
473,2026-08-26,MAT003,2,ELETRICA
474,2026-08-27,MAT003,2,SOLDAGEM
475,2026-09-04,MAT003,1,MECANICA
476,2026-09-08,MAT003,2,SOLDAGEM
477,2024-09-17,MAT004,5,FABRICACAO
478,2024-09-17,MAT004,5,MECANICA
479,2024-09-24,MAT004,3,ELETRICA
480,2024-09-24,MAT004,2,MANUTENCAO
481,2024-10-01,MAT004,6,MANUTENCAO
482,2024-10-02,MAT004,5,MECANICA
483,2024-10-08,MAT004,3,MECANICA
484,2024-10-09,MAT004,2,MECANICA
485,2024-10-10,MAT004,2,FABRICACAO
486,2024-10-18,MAT004,4,ELETRICA
487,2024-10-24,MAT004,8,ELETRICA
488,2024-11-01,MAT004,9,SOLDAGEM
489,2024-11-06,MAT004,3,ELETRICA
490,2024-11-04,MAT004,2,MECANICA
491,2024-11-04,MAT004,2,ELETRICA
492,2024-11-11,MAT004,3,MANUTENCAO
493,2024-11-12,MAT004,2,MECANICA
494,2024-11-11,MAT004,2,ELETRICA
495,2024-11-19,MAT004,2,FABRICACAO
496,2024-11-28,MAT004,3,ELETRICA
497,2024-11-26,MAT004,3,ELETRICA
498,2024-12-06,MAT004,4,FABRICACAO
499,2024-12-02,MAT004,3,SOLDAGEM
500,2024-12-05,MAT004,3,MANUTENCAO
501,2024-12-11,MAT004,5,SOLDAGEM
502,2024-12-16,MAT004,4,ELETRICA
503,2024-12-19,MAT004,4,ELETRICA
504,2024-12-25,MAT004,1,ELETRICA
505,2024-12-27,MAT004,1,FABRICACAO
506,2024-12-24,MAT004,1,MANUTENCAO
507,2025-01-01,MAT004,7,FABRICACAO
508,2025-01-10,MAT004,3,MECANICA
509,2025-01-09,MAT004,2,ELETRICA
510,2025-01-20,MAT004,3,MANUTENCAO
511,2025-01-24,MAT004,2,MECANICA
512,2025-01-28,MAT004,5,MECANICA
513,2025-02-03,MAT004,10,MANUTENCAO
514,2025-02-12,MAT004,4,FABRICACAO
515,2025-02-13,MAT004,3,FABRICACAO
516,2025-02-17,MAT004,5,SOLDAGEM
517,2025-02-24,MAT004,3,FABRICACAO
518,2025-03-07,MAT004,4,SOLDAGEM
519,2025-03-05,MAT004,4,MANUTENCAO
520,2025-03-11,MAT004,5,MANUTENCAO
521,2025-03-10,MAT004,4,FABRICACAO
522,2025-03-18,MAT004,3,ELETRICA
523,2025-03-19,MAT004,3,ELETRICA
524,2025-03-18,MAT004,2,MANUTENCAO
525,2025-03-28,MAT004,3,ELETRICA
526,2025-03-27,MAT004,3,SOLDAGEM
527,2025-03-26,MAT004,3,MANUTENCAO
528,2025-04-01,MAT004,5,FABRICACAO
529,2025-04-01,MAT004,4,ELETRICA
530,2025-04-07,MAT004,7,SOLDAGEM
531,2025-04-10,MAT004,7,FABRICACAO
532,2025-04-15,MAT004,7,MANUTENCAO
533,2025-04-25,MAT004,3,ELETRICA
534,2025-04-21,MAT004,3,SOLDAGEM
535,2025-04-21,MAT004,3,MANUTENCAO
536,2025-05-01,MAT004,3,FABRICACAO
537,2025-04-28,MAT004,3,ELETRICA
538,2025-05-02,MAT004,3,FABRICACAO
539,2025-05-07,MAT004,3,ELETRICA
540,2025-05-05,MAT004,2,MANUTENCAO
541,2025-05-09,MAT004,2,SOLDAGEM
542,2025-05-14,MAT004,7,SOLDAGEM
543,2025-05-19,MAT004,5,MECANICA
544,2025-05-28,MAT004,4,ELETRICA
545,2025-05-26,MAT004,4,ELETRICA
546,2025-05-29,MAT004,3,ELETRICA
547,2025-06-02,MAT004,2,ELETRICA
548,2025-06-05,MAT004,2,SOLDAGEM
549,2025-06-13,MAT004,5,ELETRICA
550,2025-06-10,MAT004,4,ELETRICA
551,2025-06-18,MAT004,4,FABRICACAO
552,2025-06-18,MAT004,4,ELETRICA
553,2025-06-17,MAT004,4,SOLDAGEM
554,2025-06-23,MAT004,4,MANUTENCAO
555,2025-06-26,MAT004,4,MANUTENCAO
556,2025-07-02,MAT004,3,MANUTENCAO
557,2025-07-04,MAT004,3,ELETRICA
558,2025-07-03,MAT004,3,MANUTENCAO
559,2025-07-11,MAT004,9,SOLDAGEM
560,2025-07-15,MAT004,5,SOLDAGEM
561,2025-07-16,MAT004,4,MECANICA
562,2025-07-18,MAT004,4,ELETRICA
563,2025-07-23,MAT004,4,MANUTENCAO
564,2025-07-22,MAT004,4,MANUTENCAO
565,2025-07-25,MAT004,3,MANUTENCAO
566,2025-07-30,MAT004,6,SOLDAGEM
567,2025-08-07,MAT004,3,MECANICA
568,2025-08-07,MAT004,3,SOLDAGEM
569,2025-08-06,MAT004,3,ELETRICA
570,2025-08-15,MAT004,7,MECANICA
571,2025-08-15,MAT004,6,MANUTENCAO
572,2025-08-20,MAT004,3,SOLDAGEM
573,2025-08-20,MAT004,2,FABRICACAO
574,2025-08-26,MAT004,4,SOLDAGEM
575,2025-08-28,MAT004,3,MANUTENCAO
576,2025-08-27,MAT004,3,FABRICACAO
577,2025-09-01,MAT004,11,MECANICA
578,2025-09-10,MAT004,5,ELETRICA
579,2025-09-19,MAT004,8,MANUTENCAO
580,2025-09-22,MAT004,2,ELETRICA
581,2025-09-22,MAT004,2,FABRICACAO
582,2025-09-24,MAT004,2,FABRICACAO
583,2025-10-03,MAT004,3,FABRICACAO
584,2025-09-30,MAT004,3,ELETRICA
585,2025-10-08,MAT004,2,ELETRICA
586,2025-10-08,MAT004,2,ELETRICA
587,2025-10-14,MAT004,3,SOLDAGEM
588,2025-10-20,MAT004,3,FABRICACAO
589,2025-10-24,MAT004,3,MANUTENCAO
590,2025-10-28,MAT004,3,FABRICACAO
591,2025-10-30,MAT004,2,MANUTENCAO
592,2025-11-06,MAT004,3,MECANICA
593,2025-11-06,MAT004,2,ELETRICA
594,2025-11-05,MAT004,2,FABRICACAO
595,2025-11-13,MAT004,6,MECANICA
596,2025-11-11,MAT004,5,SOLDAGEM
597,2025-11-20,MAT004,3,ELETRICA
598,2025-11-21,MAT004,2,MECANICA
599,2025-11-18,MAT004,2,FABRICACAO
600,2025-11-25,MAT004,4,FABRICACAO
601,2025-11-24,MAT004,4,MECANICA
602,2025-12-02,MAT004,2,FABRICACAO
603,2025-12-04,MAT004,1,SOLDAGEM
604,2025-12-09,MAT004,8,MECANICA
605,2025-12-16,MAT004,1,ELETRICA
606,2025-12-22,MAT004,3,MANUTENCAO
607,2025-12-26,MAT004,3,ELETRICA
608,2025-12-30,MAT004,9,SOLDAGEM
609,2026-01-09,MAT004,7,MECANICA
610,2026-01-16,MAT004,3,MANUTENCAO
611,2026-01-15,MAT004,3,SOLDAGEM
612,2026-01-15,MAT004,2,FABRICACAO
613,2026-01-20,MAT004,4,SOLDAGEM
614,2026-01-20,MAT004,3,SOLDAGEM
615,2026-01-30,MAT004,5,MECANICA
616,2026-02-04,MAT004,3,SOLDAGEM
617,2026-02-05,MAT004,3,FABRICACAO
618,2026-02-10,MAT004,3,FABRICACAO
619,2026-02-11,MAT004,3,ELETRICA
620,2026-02-10,MAT004,2,SOLDAGEM
621,2026-02-16,MAT004,10,SOLDAGEM
622,2026-02-26,MAT004,4,SOLDAGEM
623,2026-02-27,MAT004,4,MECANICA
624,2026-03-03,MAT004,12,SOLDAGEM
625,2026-03-12,MAT004,8,SOLDAGEM
626,2026-03-20,MAT004,2,SOLDAGEM
627,2026-03-27,MAT004,8,SOLDAGEM
628,2026-03-30,MAT004,4,ELETRICA
629,2026-04-02,MAT004,3,ELETRICA
630,2026-04-17,MAT004,3,FABRICACAO
631,2026-04-16,MAT004,2,SOLDAGEM
632,2026-04-15,MAT004,2,MECANICA
633,2026-04-22,MAT004,7,FABRICACAO
634,2026-04-29,MAT004,5,FABRICACAO
635,2026-04-29,MAT004,5,MECANICA
636,2026-05-08,MAT004,3,MANUTENCAO
637,2026-05-07,MAT004,2,SOLDAGEM
638,2026-05-15,MAT004,10,MECANICA
639,2026-05-18,MAT004,4,ELETRICA
640,2026-05-18,MAT004,4,SOLDAGEM
641,2026-05-18,MAT004,4,FABRICACAO
642,2026-05-28,MAT004,3,MECANICA
643,2026-05-29,MAT004,3,FABRICACAO
644,2026-05-26,MAT004,2,ELETRICA
645,2026-06-02,MAT004,5,MANUTENCAO
646,2026-06-02,MAT004,5,MANUTENCAO
647,2026-06-12,MAT004,3,MECANICA
648,2026-06-10,MAT004,3,MANUTENCAO
649,2026-06-18,MAT004,2,MANUTENCAO
650,2026-06-18,MAT004,2,MANUTENCAO
651,2026-06-16,MAT004,2,ELETRICA
652,2026-06-26,MAT004,3,MECANICA
653,2026-06-22,MAT004,3,SOLDAGEM
654,2026-06-25,MAT004,2,ELETRICA
655,2026-07-03,MAT004,2,SOLDAGEM
656,2026-06-30,MAT004,2,ELETRICA
657,2026-07-01,MAT004,1,SOLDAGEM
658,2026-07-08,MAT004,4,MECANICA
659,2026-07-07,MAT004,3,MECANICA
660,2026-07-09,MAT004,3,MECANICA
661,2026-07-16,MAT004,3,ELETRICA
662,2026-07-17,MAT004,3,SOLDAGEM
663,2026-07-16,MAT004,2,MANUTENCAO
664,2026-07-24,MAT004,6,ELETRICA
665,2026-07-20,MAT004,5,SOLDAGEM
666,2026-07-30,MAT004,7,ELETRICA
667,2026-08-04,MAT004,6,SOLDAGEM
668,2026-08-13,MAT004,1,SOLDAGEM
669,2026-08-19,MAT004,5,FABRICACAO
670,2026-08-28,MAT004,2,FABRICACAO
671,2026-08-27,MAT004,1,MECANICA
672,2026-08-27,MAT004,1,MANUTENCAO
673,2026-09-03,MAT004,3,FABRICACAO
674,2026-09-01,MAT004,3,ELETRICA
675,2026-08-31,MAT004,2,SOLDAGEM
676,2026-09-10,MAT004,4,ELETRICA
677,2024-09-16,MAT005,26,SOLDAGEM
678,2024-09-25,MAT005,9,SOLDAGEM
679,2024-09-24,MAT005,9,MANUTENCAO
680,2024-10-02,MAT005,7,ELETRICA
681,2024-10-03,MAT005,6,SOLDAGEM
682,2024-10-03,MAT005,6,SOLDAGEM
683,2024-10-07,MAT005,20,MANUTENCAO
684,2024-10-18,MAT005,8,SOLDAGEM
685,2024-10-16,MAT005,8,ELETRICA
686,2024-10-17,MAT005,7,SOLDAGEM
687,2024-10-21,MAT005,16,MECANICA
688,2024-10-28,MAT005,12,SOLDAGEM
689,2024-10-29,MAT005,12,ELETRICA
690,2024-11-08,MAT005,26,MANUTENCAO
691,2024-11-15,MAT005,23,ELETRICA
692,2024-11-21,MAT005,14,FABRICACAO
693,2024-11-25,MAT005,7,MECANICA
694,2024-11-25,MAT005,7,ELETRICA
695,2024-11-25,MAT005,7,MECANICA
696,2024-12-06,MAT005,26,MANUTENCAO
697,2024-12-09,MAT005,7,ELETRICA
698,2024-12-09,MAT005,6,MECANICA
699,2024-12-16,MAT005,10,ELETRICA
700,2024-12-17,MAT005,9,SOLDAGEM
701,2024-12-25,MAT005,11,FABRICACAO
702,2024-12-27,MAT005,10,SOLDAGEM
703,2025-01-03,MAT005,6,MECANICA
704,2024-12-31,MAT005,6,MECANICA
705,2025-01-02,MAT005,6,SOLDAGEM
706,2025-01-09,MAT005,7,MANUTENCAO
707,2025-01-07,MAT005,7,MECANICA
708,2025-01-08,MAT005,6,ELETRICA
709,2025-01-17,MAT005,9,MANUTENCAO
710,2025-01-17,MAT005,8,SOLDAGEM
711,2025-01-14,MAT005,8,SOLDAGEM
712,2025-01-20,MAT005,16,ELETRICA
713,2025-01-21,MAT005,15,MANUTENCAO
714,2025-01-31,MAT005,12,MANUTENCAO
715,2025-01-28,MAT005,11,FABRICACAO
716,2025-02-06,MAT005,7,ELETRICA
717,2025-02-05,MAT005,7,ELETRICA
718,2025-02-06,MAT005,7,SOLDAGEM
719,2025-02-11,MAT005,21,SOLDAGEM
720,2025-02-21,MAT005,12,ELETRICA
721,2025-02-21,MAT005,12,MANUTENCAO
722,2025-02-27,MAT005,5,SOLDAGEM
723,2025-02-26,MAT005,5,MECANICA
724,2025-02-26,MAT005,4,FABRICACAO
725,2025-03-07,MAT005,26,ELETRICA
726,2025-03-11,MAT005,8,FABRICACAO
727,2025-03-14,MAT005,8,ELETRICA
728,2025-03-10,MAT005,7,SOLDAGEM
729,2025-03-19,MAT005,7,ELETRICA
730,2025-03-18,MAT005,7,MECANICA
731,2025-03-20,MAT005,7,ELETRICA
732,2025-03-26,MAT005,8,FABRICACAO
733,2025-03-27,MAT005,7,MECANICA
734,2025-04-02,MAT005,13,MANUTENCAO
735,2025-04-10,MAT005,8,MANUTENCAO
736,2025-04-10,MAT005,8,SOLDAGEM
737,2025-04-14,MAT005,8,FABRICACAO
738,2025-04-14,MAT005,8,FABRICACAO
739,2025-04-14,MAT005,8,MECANICA
740,2025-04-25,MAT005,28,ELETRICA
741,2025-05-02,MAT005,4,FABRICACAO
742,2025-04-28,MAT005,3,MANUTENCAO
743,2025-04-29,MAT005,3,ELETRICA
744,2025-05-09,MAT005,8,ELETRICA
745,2025-05-06,MAT005,8,ELETRICA
746,2025-05-05,MAT005,8,SOLDAGEM
747,2025-05-12,MAT005,29,MANUTENCAO
748,2025-05-23,MAT005,19,MANUTENCAO
749,2025-05-28,MAT005,24,ELETRICA
750,2025-06-05,MAT005,20,MANUTENCAO
751,2025-06-10,MAT005,12,MECANICA
752,2025-06-11,MAT005,11,FABRICACAO
753,2025-06-18,MAT005,8,MECANICA
754,2025-06-17,MAT005,7,MANUTENCAO
755,2025-06-25,MAT005,11,MECANICA
756,2025-06-26,MAT005,11,SOLDAGEM
757,2025-07-01,MAT005,7,MECANICA
758,2025-07-04,MAT005,7,MECANICA
759,2025-07-01,MAT005,7,ELETRICA
760,2025-07-11,MAT005,7,MANUTENCAO
761,2025-07-11,MAT005,6,MECANICA
762,2025-07-08,MAT005,6,SOLDAGEM
763,2025-07-17,MAT005,15,MECANICA
764,2025-07-18,MAT005,14,MANUTENCAO
765,2025-07-22,MAT005,20,SOLDAGEM
766,2025-07-31,MAT005,28,FABRICACAO
767,2025-08-08,MAT005,9,MANUTENCAO
768,2025-08-05,MAT005,9,MECANICA
769,2025-08-14,MAT005,10,MECANICA
770,2025-08-11,MAT005,9,MECANICA
771,2025-08-20,MAT005,12,MANUTENCAO
772,2025-08-22,MAT005,11,SOLDAGEM
773,2025-08-28,MAT005,7,MECANICA
774,2025-08-26,MAT005,6,ELETRICA
775,2025-08-29,MAT005,6,FABRICACAO
776,2025-09-05,MAT005,13,FABRICACAO
777,2025-09-03,MAT005,12,FABRICACAO
778,2025-09-12,MAT005,11,ELETRICA
779,2025-09-10,MAT005,10,ELETRICA
780,2025-09-10,MAT005,10,MECANICA
781,2025-09-15,MAT005,17,MANUTENCAO
782,2025-09-17,MAT005,16,FABRICACAO
783,2025-09-26,MAT005,5,SOLDAGEM
784,2025-09-24,MAT005,5,FABRICACAO
785,2025-10-01,MAT005,16,FABRICACAO
786,2025-10-01,MAT005,16,MANUTENCAO
787,2025-10-06,MAT005,31,FABRICACAO
788,2025-10-14,MAT005,27,MECANICA
789,2025-10-20,MAT005,5,SOLDAGEM
790,2025-10-22,MAT005,4,ELETRICA
791,2025-10-20,MAT005,4,MANUTENCAO
792,2025-10-29,MAT005,8,MECANICA
793,2025-10-27,MAT005,7,SOLDAGEM
794,2025-10-28,MAT005,7,MECANICA
795,2025-11-06,MAT005,23,MANUTENCAO
796,2025-11-14,MAT005,28,FABRICACAO
797,2025-11-21,MAT005,13,SOLDAGEM
798,2025-11-21,MAT005,13,ELETRICA
799,2025-11-25,MAT005,27,SOLDAGEM
800,2025-12-03,MAT005,14,MECANICA
801,2025-12-05,MAT005,13,MANUTENCAO
802,2025-12-09,MAT005,10,MECANICA
803,2025-12-11,MAT005,10,ELETRICA
804,2025-12-10,MAT005,9,ELETRICA
805,2025-12-17,MAT005,17,MECANICA
806,2025-12-19,MAT005,16,SOLDAGEM
807,2025-12-23,MAT005,31,ELETRICA
808,2026-01-02,MAT005,7,FABRICACAO
809,2026-01-01,MAT005,7,ELETRICA
810,2025-12-30,MAT005,6,MANUTENCAO
811,2026-01-05,MAT005,29,FABRICACAO
812,2026-01-15,MAT005,14,FABRICACAO
813,2026-01-14,MAT005,13,MECANICA
814,2026-01-21,MAT005,7,SOLDAGEM
815,2026-01-21,MAT005,7,MANUTENCAO
816,2026-01-21,MAT005,6,MANUTENCAO
817,2026-01-28,MAT005,6,MANUTENCAO
818,2026-01-27,MAT005,5,MANUTENCAO
819,2026-01-29,MAT005,5,ELETRICA
820,2026-02-06,MAT005,12,SOLDAGEM
821,2026-02-02,MAT005,12,MANUTENCAO
822,2026-02-10,MAT005,10,MECANICA
823,2026-02-09,MAT005,9,MANUTENCAO
824,2026-02-09,MAT005,9,ELETRICA
825,2026-02-16,MAT005,13,ELETRICA
826,2026-02-16,MAT005,12,MANUTENCAO
827,2026-02-25,MAT005,17,MECANICA
828,2026-03-04,MAT005,18,ELETRICA
829,2026-03-05,MAT005,18,ELETRICA
830,2026-03-09,MAT005,14,FABRICACAO
831,2026-03-13,MAT005,14,SOLDAGEM
832,2026-03-20,MAT005,14,SOLDAGEM
833,2026-03-20,MAT005,14,MECANICA
834,2026-03-25,MAT005,23,ELETRICA
835,2026-04-01,MAT005,5,SOLDAGEM
836,2026-04-03,MAT005,5,FABRICACAO
837,2026-04-02,MAT005,5,SOLDAGEM
838,2026-04-06,MAT005,6,MANUTENCAO
839,2026-04-07,MAT005,5,FABRICACAO
840,2026-04-09,MAT005,5,SOLDAGEM
841,2026-04-15,MAT005,14,MECANICA
842,2026-04-23,MAT005,10,FABRICACAO
843,2026-04-24,MAT005,10,SOLDAGEM
844,2026-05-01,MAT005,12,FABRICACAO
845,2026-04-30,MAT005,11,MECANICA
846,2026-04-30,MAT005,11,SOLDAGEM
847,2026-05-05,MAT005,9,FABRICACAO
848,2026-05-06,MAT005,9,MANUTENCAO
849,2026-05-06,MAT005,8,MANUTENCAO
850,2026-05-13,MAT005,20,ELETRICA
851,2026-05-22,MAT005,18,FABRICACAO
852,2026-05-18,MAT005,17,SOLDAGEM
853,2026-05-27,MAT005,7,MANUTENCAO
854,2026-05-29,MAT005,7,MECANICA
855,2026-05-28,MAT005,6,ELETRICA
856,2026-06-05,MAT005,31,MANUTENCAO
857,2026-06-08,MAT005,16,ELETRICA
858,2026-06-08,MAT005,16,MECANICA
859,2026-06-17,MAT005,4,MECANICA
860,2026-06-17,MAT005,3,FABRICACAO
861,2026-06-25,MAT005,18,MANUTENCAO
862,2026-07-03,MAT005,35,FABRICACAO
863,2026-07-08,MAT005,14,SOLDAGEM
864,2026-07-10,MAT005,14,ELETRICA
865,2026-07-14,MAT005,21,ELETRICA
866,2026-07-23,MAT005,16,FABRICACAO
867,2026-07-30,MAT005,11,MANUTENCAO
868,2026-07-28,MAT005,11,ELETRICA
869,2026-08-03,MAT005,10,ELETRICA
870,2026-08-06,MAT005,9,SOLDAGEM
871,2026-08-05,MAT005,9,MECANICA
872,2026-08-11,MAT005,20,MANUTENCAO
873,2026-08-19,MAT005,5,MANUTENCAO
874,2026-08-19,MAT005,4,MANUTENCAO
875,2026-08-20,MAT005,4,MECANICA
876,2026-08-24,MAT005,22,FABRICACAO
877,2026-08-31,MAT005,15,SOLDAGEM
878,2026-09-02,MAT005,14,SOLDAGEM
879,2026-09-09,MAT005,8,SOLDAGEM
880,2026-09-11,MAT005,8,MANUTENCAO
881,2026-09-09,MAT005,8,ELETRICA
882,2024-09-17,MAT006,3,ELETRICA
883,2024-09-19,MAT006,2,FABRICACAO
884,2024-09-17,MAT006,2,MANUTENCAO
885,2024-09-30,MAT006,5,SOLDAGEM
886,2024-10-02,MAT006,5,MECANICA
887,2024-10-09,MAT006,4,MANUTENCAO
888,2024-10-10,MAT006,3,MECANICA
889,2024-10-23,MAT006,1,SOLDAGEM
890,2024-11-01,MAT006,4,MANUTENCAO
891,2024-10-29,MAT006,3,ELETRICA
892,2024-10-30,MAT006,3,SOLDAGEM
893,2024-11-14,MAT006,3,MANUTENCAO
894,2024-11-11,MAT006,3,MECANICA
895,2024-11-21,MAT006,4,SOLDAGEM
896,2024-11-21,MAT006,4,ELETRICA
897,2024-11-19,MAT006,3,MECANICA
898,2024-12-03,MAT006,7,FABRICACAO
899,2024-12-06,MAT006,6,FABRICACAO
900,2024-12-04,MAT006,6,MANUTENCAO
901,2024-12-20,MAT006,10,FABRICACAO
902,2024-12-31,MAT006,14,MANUTENCAO
903,2025-01-08,MAT006,7,MANUTENCAO
904,2025-01-06,MAT006,6,FABRICACAO
905,2025-01-08,MAT006,6,MANUTENCAO
906,2025-01-27,MAT006,2,SOLDAGEM
907,2025-01-29,MAT006,2,ELETRICA
908,2025-01-31,MAT006,1,SOLDAGEM
909,2025-02-10,MAT006,10,FABRICACAO
910,2025-03-05,MAT006,8,SOLDAGEM
911,2025-03-04,MAT006,7,MECANICA
912,2025-03-14,MAT006,9,MANUTENCAO
913,2025-03-26,MAT006,4,FABRICACAO
914,2025-03-26,MAT006,3,MANUTENCAO
915,2025-04-28,MAT006,3,MANUTENCAO
916,2025-04-30,MAT006,2,ELETRICA
917,2025-05-23,MAT006,6,MANUTENCAO
918,2025-05-22,MAT006,6,SOLDAGEM
919,2025-05-27,MAT006,6,SOLDAGEM
920,2025-05-26,MAT006,5,ELETRICA
921,2025-06-03,MAT006,7,SOLDAGEM
922,2025-06-03,MAT006,6,MANUTENCAO
923,2025-06-12,MAT006,14,FABRICACAO
924,2025-06-23,MAT006,3,MECANICA
925,2025-06-23,MAT006,3,MECANICA
926,2025-06-26,MAT006,3,ELETRICA
927,2025-07-03,MAT006,12,MECANICA
928,2025-07-22,MAT006,4,MECANICA
929,2025-07-21,MAT006,4,MANUTENCAO
930,2025-07-24,MAT006,3,MECANICA
931,2025-08-05,MAT006,2,ELETRICA
932,2025-08-06,MAT006,2,ELETRICA
933,2025-08-04,MAT006,1,MECANICA
934,2025-08-15,MAT006,5,FABRICACAO
935,2025-08-11,MAT006,5,ELETRICA
936,2025-08-27,MAT006,4,MANUTENCAO
937,2025-08-27,MAT006,4,FABRICACAO
938,2025-08-26,MAT006,4,SOLDAGEM
939,2025-09-04,MAT006,5,FABRICACAO
940,2025-09-03,MAT006,5,FABRICACAO
941,2025-09-12,MAT006,5,MANUTENCAO
942,2025-09-11,MAT006,4,FABRICACAO
943,2025-09-12,MAT006,4,FABRICACAO
944,2025-09-29,MAT006,5,ELETRICA
945,2025-10-03,MAT006,5,MANUTENCAO
946,2025-09-30,MAT006,4,FABRICACAO
947,2025-10-08,MAT006,3,MANUTENCAO
948,2025-10-10,MAT006,3,MANUTENCAO
949,2025-10-13,MAT006,10,MECANICA
950,2025-10-28,MAT006,11,MANUTENCAO
951,2025-11-05,MAT006,7,MANUTENCAO
952,2025-11-06,MAT006,6,MANUTENCAO
953,2025-11-14,MAT006,6,ELETRICA
954,2025-11-10,MAT006,5,ELETRICA
955,2025-11-10,MAT006,5,FABRICACAO
956,2025-11-18,MAT006,3,SOLDAGEM
957,2025-11-20,MAT006,2,FABRICACAO
958,2025-11-20,MAT006,2,FABRICACAO
959,2025-12-11,MAT006,14,MANUTENCAO
960,2025-12-18,MAT006,7,ELETRICA
961,2025-12-19,MAT006,6,MECANICA
962,2025-12-23,MAT006,4,ELETRICA
963,2025-12-23,MAT006,4,ELETRICA
964,2025-12-24,MAT006,4,FABRICACAO
965,2025-12-31,MAT006,7,SOLDAGEM
966,2026-01-06,MAT006,5,SOLDAGEM
967,2026-01-08,MAT006,5,SOLDAGEM
968,2026-01-06,MAT006,4,SOLDAGEM
969,2026-02-13,MAT006,9,MECANICA
970,2026-02-11,MAT006,9,ELETRICA
971,2026-02-18,MAT006,12,MANUTENCAO
972,2026-02-16,MAT006,11,MECANICA
973,2026-04-06,MAT006,6,MANUTENCAO
974,2026-04-10,MAT006,6,SOLDAGEM
975,2026-04-09,MAT006,5,MECANICA
976,2026-04-17,MAT006,5,MECANICA
977,2026-04-16,MAT006,4,MANUTENCAO
978,2026-05-07,MAT006,21,MANUTENCAO
979,2026-05-11,MAT006,2,ELETRICA
980,2026-05-14,MAT006,1,ELETRICA
981,2026-05-15,MAT006,1,SOLDAGEM
982,2026-05-22,MAT006,7,FABRICACAO
983,2026-05-18,MAT006,6,SOLDAGEM
984,2026-05-21,MAT006,6,FABRICACAO
985,2026-06-08,MAT006,9,MECANICA
986,2026-06-15,MAT006,9,MECANICA
987,2026-06-19,MAT006,9,FABRICACAO
988,2026-06-22,MAT006,4,MANUTENCAO
989,2026-06-24,MAT006,3,MECANICA
990,2026-06-22,MAT006,3,SOLDAGEM
991,2026-07-27,MAT006,13,MECANICA
992,2026-08-05,MAT006,8,MECANICA
993,2026-08-03,MAT006,7,SOLDAGEM
994,2026-09-01,MAT006,7,MANUTENCAO
995,2024-10-11,MAT007,4,ELETRICA
996,2024-10-07,MAT007,4,SOLDAGEM
997,2024-10-25,MAT007,3,FABRICACAO
998,2024-10-21,MAT007,3,SOLDAGEM
999,2024-11-05,MAT007,3,ELETRICA
1000,2024-11-05,MAT007,2,MANUTENCAO
1001,2024-11-04,MAT007,2,ELETRICA
1002,2024-11-13,MAT007,3,MECANICA
1003,2024-11-15,MAT007,3,ELETRICA
1004,2024-11-11,MAT007,2,SOLDAGEM
1005,2024-11-18,MAT007,5,SOLDAGEM
1006,2024-11-26,MAT007,4,MECANICA
1007,2024-11-25,MAT007,3,MANUTENCAO
1008,2024-11-29,MAT007,3,FABRICACAO
1009,2024-12-02,MAT007,2,SOLDAGEM
1010,2024-12-04,MAT007,2,MANUTENCAO
1011,2024-12-11,MAT007,2,MANUTENCAO
1012,2024-12-10,MAT007,1,FABRICACAO
1013,2024-12-12,MAT007,1,FABRICACAO
1014,2025-01-10,MAT007,3,FABRICACAO
1015,2025-01-09,MAT007,2,ELETRICA
1016,2025-01-21,MAT007,4,SOLDAGEM
1017,2025-01-24,MAT007,3,FABRICACAO
1018,2025-01-20,MAT007,3,MANUTENCAO
1019,2025-01-27,MAT007,7,MECANICA
1020,2025-04-10,MAT007,3,FABRICACAO
1021,2025-04-08,MAT007,2,FABRICACAO
1022,2025-04-11,MAT007,2,FABRICACAO
1023,2025-05-13,MAT007,3,ELETRICA
1024,2025-06-19,MAT007,2,FABRICACAO
1025,2025-06-20,MAT007,2,ELETRICA
1026,2025-06-30,MAT007,4,SOLDAGEM
1027,2025-06-30,MAT007,3,MANUTENCAO
1028,2025-07-01,MAT007,3,ELETRICA
1029,2025-07-11,MAT007,2,MANUTENCAO
1030,2025-07-08,MAT007,2,SOLDAGEM
1031,2025-07-07,MAT007,2,ELETRICA
1032,2025-07-24,MAT007,1,ELETRICA
1033,2025-07-25,MAT007,1,MANUTENCAO
1034,2025-07-23,MAT007,1,MANUTENCAO
1035,2025-08-21,MAT007,11,MECANICA
1036,2025-09-05,MAT007,2,MECANICA
1037,2025-09-05,MAT007,2,MANUTENCAO
1038,2025-09-16,MAT007,2,MANUTENCAO
1039,2025-09-18,MAT007,2,SOLDAGEM
1040,2025-09-22,MAT007,2,SOLDAGEM
1041,2025-09-29,MAT007,2,SOLDAGEM
1042,2025-10-01,MAT007,1,ELETRICA
1043,2025-11-28,MAT007,3,FABRICACAO
1044,2025-11-25,MAT007,2,FABRICACAO
1045,2025-12-02,MAT007,2,MANUTENCAO
1046,2025-12-03,MAT007,2,ELETRICA
1047,2025-12-02,MAT007,2,MANUTENCAO
1048,2025-12-12,MAT007,1,SOLDAGEM
1049,2025-12-10,MAT007,1,FABRICACAO
1050,2025-12-09,MAT007,1,FABRICACAO
1051,2025-12-31,MAT007,6,ELETRICA
1052,2026-01-28,MAT007,4,MECANICA
1053,2026-02-04,MAT007,4,MECANICA
1054,2026-02-05,MAT007,3,FABRICACAO
1055,2026-03-03,MAT007,4,MANUTENCAO
1056,2026-03-05,MAT007,3,FABRICACAO
1057,2026-03-06,MAT007,3,SOLDAGEM
1058,2026-05-07,MAT007,2,ELETRICA
1059,2026-05-05,MAT007,2,MECANICA
1060,2026-05-25,MAT007,4,FABRICACAO
1061,2026-05-26,MAT007,3,MANUTENCAO
1062,2026-06-19,MAT007,5,ELETRICA
1063,2026-06-17,MAT007,4,MANUTENCAO
1064,2026-06-22,MAT007,4,SOLDAGEM
1065,2026-06-25,MAT007,3,SOLDAGEM
1066,2026-07-24,MAT007,3,SOLDAGEM
1067,2024-09-20,MAT008,8,ELETRICA
1068,2024-09-25,MAT008,6,FABRICACAO
1069,2024-09-23,MAT008,6,MECANICA
1070,2024-10-03,MAT008,17,SOLDAGEM
1071,2024-10-08,MAT008,6,MANUTENCAO
1072,2024-10-09,MAT008,6,FABRICACAO
1073,2024-10-17,MAT008,4,MANUTENCAO
1074,2024-10-17,MAT008,3,FABRICACAO
1075,2024-10-15,MAT008,3,FABRICACAO
1076,2024-10-23,MAT008,7,SOLDAGEM
1077,2024-10-22,MAT008,6,FABRICACAO
1078,2024-10-29,MAT008,4,FABRICACAO
1079,2024-10-28,MAT008,4,FABRICACAO
1080,2024-11-07,MAT008,3,MANUTENCAO
1081,2024-11-05,MAT008,2,MECANICA
1082,2024-11-08,MAT008,2,FABRICACAO
1083,2024-11-11,MAT008,4,FABRICACAO
1084,2024-11-14,MAT008,3,SOLDAGEM
1085,2024-11-14,MAT008,3,MECANICA
1086,2024-11-21,MAT008,5,MANUTENCAO
1087,2024-11-19,MAT008,5,FABRICACAO
1088,2024-11-20,MAT008,4,MANUTENCAO
1089,2024-11-25,MAT008,3,ELETRICA
1090,2024-11-26,MAT008,3,ELETRICA
1091,2024-11-27,MAT008,3,ELETRICA
1092,2024-12-06,MAT008,4,FABRICACAO
1093,2024-12-02,MAT008,4,ELETRICA
1094,2024-12-03,MAT008,3,ELETRICA
1095,2024-12-12,MAT008,3,FABRICACAO
1096,2024-12-09,MAT008,2,SOLDAGEM
1097,2024-12-12,MAT008,2,ELETRICA
1098,2024-12-18,MAT008,5,FABRICACAO
1099,2024-12-24,MAT008,4,MANUTENCAO
1100,2024-12-25,MAT008,4,MECANICA
1101,2024-12-27,MAT008,4,ELETRICA
1102,2024-12-31,MAT008,5,ELETRICA
1103,2025-01-10,MAT008,11,SOLDAGEM
1104,2025-01-17,MAT008,4,FABRICACAO
1105,2025-01-13,MAT008,3,FABRICACAO
1106,2025-01-24,MAT008,3,ELETRICA
1107,2025-01-21,MAT008,3,SOLDAGEM
1108,2025-01-27,MAT008,3,SOLDAGEM
1109,2025-01-30,MAT008,2,ELETRICA
1110,2025-02-03,MAT008,3,SOLDAGEM
1111,2025-02-05,MAT008,2,ELETRICA
1112,2025-02-07,MAT008,2,MANUTENCAO
1113,2025-02-12,MAT008,5,MANUTENCAO
1114,2025-02-19,MAT008,3,FABRICACAO
1115,2025-02-20,MAT008,2,MANUTENCAO
1116,2025-02-27,MAT008,7,MANUTENCAO
1117,2025-03-05,MAT008,2,SOLDAGEM
1118,2025-03-11,MAT008,3,MECANICA
1119,2025-03-14,MAT008,3,SOLDAGEM
1120,2025-03-12,MAT008,3,MECANICA
1121,2025-03-17,MAT008,1,MECANICA
1122,2025-03-19,MAT008,1,ELETRICA
1123,2025-03-17,MAT008,1,ELETRICA
1124,2025-03-25,MAT008,2,FABRICACAO
1125,2025-04-02,MAT008,2,ELETRICA
1126,2025-04-02,MAT008,1,MECANICA
1127,2025-04-04,MAT008,1,ELETRICA
1128,2025-04-10,MAT008,5,FABRICACAO
1129,2025-04-09,MAT008,4,FABRICACAO
1130,2025-04-17,MAT008,3,MANUTENCAO
1131,2025-04-16,MAT008,2,SOLDAGEM
1132,2025-04-25,MAT008,5,FABRICACAO
1133,2025-04-23,MAT008,4,MANUTENCAO
1134,2025-05-02,MAT008,3,ELETRICA
1135,2025-04-29,MAT008,3,MANUTENCAO
1136,2025-04-29,MAT008,2,MECANICA
1137,2025-05-05,MAT008,8,SOLDAGEM
1138,2025-05-15,MAT008,2,MECANICA
1139,2025-05-14,MAT008,2,FABRICACAO
1140,2025-05-12,MAT008,1,SOLDAGEM
1141,2025-05-19,MAT008,5,MECANICA
1142,2025-05-19,MAT008,4,MANUTENCAO
1143,2025-05-27,MAT008,6,SOLDAGEM
1144,2025-05-29,MAT008,6,MECANICA
1145,2025-06-04,MAT008,3,FABRICACAO
1146,2025-06-06,MAT008,2,FABRICACAO
1147,2025-06-03,MAT008,2,FABRICACAO
1148,2025-06-11,MAT008,2,MECANICA
1149,2025-06-10,MAT008,2,ELETRICA
1150,2025-06-13,MAT008,1,ELETRICA
1151,2025-06-19,MAT008,4,ELETRICA
1152,2025-06-17,MAT008,4,FABRICACAO
1153,2025-06-24,MAT008,3,ELETRICA
1154,2025-06-23,MAT008,3,FABRICACAO
1155,2025-06-26,MAT008,3,MANUTENCAO
1156,2025-06-30,MAT008,6,SOLDAGEM
1157,2025-07-01,MAT008,6,MECANICA
1158,2025-07-10,MAT008,14,MANUTENCAO
1159,2025-07-14,MAT008,9,SOLDAGEM
1160,2025-07-23,MAT008,3,MANUTENCAO
1161,2025-07-23,MAT008,2,MANUTENCAO
1162,2025-07-23,MAT008,2,FABRICACAO
1163,2025-07-30,MAT008,4,SOLDAGEM
1164,2025-07-30,MAT008,4,MANUTENCAO
1165,2025-08-01,MAT008,3,MECANICA
1166,2025-08-07,MAT008,14,MANUTENCAO
1167,2025-08-15,MAT008,3,ELETRICA
1168,2025-08-14,MAT008,3,MANUTENCAO
1169,2025-08-13,MAT008,2,SOLDAGEM
1170,2025-08-20,MAT008,9,MECANICA
1171,2025-08-27,MAT008,6,FABRICACAO
1172,2025-08-27,MAT008,6,SOLDAGEM
1173,2025-08-29,MAT008,6,MECANICA
1174,2025-09-05,MAT008,4,MECANICA
1175,2025-09-03,MAT008,3,SOLDAGEM
1176,2025-09-03,MAT008,3,SOLDAGEM
1177,2025-09-11,MAT008,14,SOLDAGEM
1178,2025-09-18,MAT008,4,SOLDAGEM
1179,2025-09-18,MAT008,3,SOLDAGEM
1180,2025-09-23,MAT008,5,FABRICACAO
1181,2025-09-22,MAT008,4,MANUTENCAO
1182,2025-09-25,MAT008,4,MECANICA
1183,2025-09-30,MAT008,6,FABRICACAO
1184,2025-09-30,MAT008,5,ELETRICA
1185,2025-10-09,MAT008,9,SOLDAGEM
1186,2025-10-10,MAT008,8,FABRICACAO
1187,2025-10-13,MAT008,8,MECANICA
1188,2025-10-13,MAT008,7,FABRICACAO
1189,2025-10-22,MAT008,5,SOLDAGEM
1190,2025-10-21,MAT008,4,FABRICACAO
1191,2025-10-20,MAT008,4,FABRICACAO
1192,2025-10-31,MAT008,7,FABRICACAO
1193,2025-10-30,MAT008,7,FABRICACAO
1194,2025-11-03,MAT008,7,MECANICA
1195,2025-11-10,MAT008,2,MANUTENCAO
1196,2025-11-12,MAT008,1,SOLDAGEM
1197,2025-11-18,MAT008,3,MANUTENCAO
1198,2025-11-18,MAT008,3,MANUTENCAO
1199,2025-11-19,MAT008,2,SOLDAGEM
1200,2025-11-24,MAT008,5,MANUTENCAO
1201,2025-11-24,MAT008,4,MANUTENCAO
1202,2025-12-02,MAT008,11,FABRICACAO
1203,2025-12-10,MAT008,2,MANUTENCAO
1204,2025-12-10,MAT008,2,ELETRICA
1205,2025-12-15,MAT008,2,MANUTENCAO
1206,2025-12-15,MAT008,2,ELETRICA
1207,2025-12-19,MAT008,1,FABRICACAO
1208,2025-12-24,MAT008,2,ELETRICA
1209,2025-12-25,MAT008,1,MANUTENCAO
1210,2025-12-30,MAT008,5,ELETRICA
1211,2026-01-01,MAT008,5,FABRICACAO
1212,2026-01-07,MAT008,4,ELETRICA
1213,2026-01-06,MAT008,3,MANUTENCAO
1214,2026-01-13,MAT008,5,MECANICA
1215,2026-01-15,MAT008,5,SOLDAGEM
1216,2026-01-21,MAT008,3,ELETRICA
1217,2026-01-20,MAT008,3,FABRICACAO
1218,2026-01-22,MAT008,2,MECANICA
1219,2026-01-28,MAT008,3,MANUTENCAO
1220,2026-01-29,MAT008,2,MANUTENCAO
1221,2026-02-06,MAT008,3,SOLDAGEM
1222,2026-02-03,MAT008,3,ELETRICA
1223,2026-02-12,MAT008,7,MECANICA
1224,2026-02-20,MAT008,2,MANUTENCAO
1225,2026-02-16,MAT008,2,MECANICA
1226,2026-02-19,MAT008,2,MANUTENCAO
1227,2026-02-26,MAT008,3,FABRICACAO
1228,2026-03-03,MAT008,7,MECANICA
1229,2026-03-04,MAT008,6,FABRICACAO
1230,2026-03-11,MAT008,3,MECANICA
1231,2026-03-13,MAT008,2,ELETRICA
1232,2026-03-12,MAT008,2,MECANICA
1233,2026-03-19,MAT008,3,MANUTENCAO
1234,2026-03-20,MAT008,2,SOLDAGEM
1235,2026-03-27,MAT008,7,ELETRICA
1236,2026-04-03,MAT008,5,MANUTENCAO
1237,2026-04-08,MAT008,3,MANUTENCAO
1238,2026-04-07,MAT008,3,FABRICACAO
1239,2026-04-09,MAT008,2,MANUTENCAO
1240,2026-04-17,MAT008,3,MANUTENCAO
1241,2026-04-13,MAT008,2,MECANICA
1242,2026-04-13,MAT008,2,MANUTENCAO
1243,2026-04-22,MAT008,2,MANUTENCAO
1244,2026-04-21,MAT008,2,MECANICA
1245,2026-04-20,MAT008,2,FABRICACAO
1246,2026-04-30,MAT008,6,ELETRICA
1247,2026-05-06,MAT008,2,MANUTENCAO
1248,2026-05-05,MAT008,1,ELETRICA
1249,2026-05-06,MAT008,1,SOLDAGEM
1250,2026-05-11,MAT008,6,FABRICACAO
1251,2026-05-20,MAT008,11,MANUTENCAO
1252,2026-05-26,MAT008,5,ELETRICA
1253,2026-05-29,MAT008,4,FABRICACAO
1254,2026-06-04,MAT008,5,MECANICA
1255,2026-06-11,MAT008,5,ELETRICA
1256,2026-06-08,MAT008,5,MECANICA
1257,2026-06-12,MAT008,5,SOLDAGEM
1258,2026-06-18,MAT008,6,MANUTENCAO
1259,2026-06-15,MAT008,5,MECANICA
1260,2026-06-16,MAT008,5,FABRICACAO
1261,2026-06-26,MAT008,7,MANUTENCAO
1262,2026-07-02,MAT008,3,ELETRICA
1263,2026-07-03,MAT008,3,MANUTENCAO
1264,2026-07-10,MAT008,13,FABRICACAO
1265,2026-07-16,MAT008,2,MANUTENCAO
1266,2026-07-14,MAT008,2,ELETRICA
1267,2026-07-17,MAT008,2,MECANICA
1268,2026-07-23,MAT008,15,FABRICACAO
1269,2026-08-03,MAT008,4,SOLDAGEM
1270,2026-08-12,MAT008,3,MANUTENCAO
1271,2026-08-11,MAT008,3,MANUTENCAO
1272,2026-08-13,MAT008,2,MECANICA
1273,2026-08-21,MAT008,10,FABRICACAO
1274,2026-08-26,MAT008,6,SOLDAGEM
1275,2026-08-28,MAT008,6,MECANICA
1276,2026-08-27,MAT008,6,ELETRICA
1277,2026-09-01,MAT008,4,FABRICACAO
1278,2026-09-01,MAT008,3,SOLDAGEM
1279,2026-09-08,MAT008,1,FABRICACAO
1280,2024-09-16,MAT009,9,SOLDAGEM
1281,2024-09-18,MAT009,8,MANUTENCAO
1282,2024-09-27,MAT009,8,MANUTENCAO
1283,2024-09-26,MAT009,8,MECANICA
1284,2024-09-24,MAT009,7,FABRICACAO
1285,2024-10-01,MAT009,6,SOLDAGEM
1286,2024-10-01,MAT009,6,SOLDAGEM
1287,2024-09-30,MAT009,6,ELETRICA
1288,2024-10-10,MAT009,6,ELETRICA
1289,2024-10-07,MAT009,6,SOLDAGEM
1290,2024-10-07,MAT009,6,FABRICACAO
1291,2024-10-15,MAT009,11,ELETRICA
1292,2024-10-17,MAT009,10,MECANICA
1293,2024-10-24,MAT009,12,SOLDAGEM
1294,2024-10-25,MAT009,11,MANUTENCAO
1295,2024-10-31,MAT009,11,ELETRICA
1296,2024-10-31,MAT009,10,SOLDAGEM
1297,2024-11-04,MAT009,11,ELETRICA
1298,2024-11-07,MAT009,10,MANUTENCAO
1299,2024-11-15,MAT009,5,FABRICACAO
1300,2024-11-13,MAT009,5,MECANICA
1301,2024-11-11,MAT009,4,MANUTENCAO
1302,2024-11-19,MAT009,15,SOLDAGEM
1303,2024-11-20,MAT009,14,ELETRICA
1304,2024-11-25,MAT009,15,ELETRICA
1305,2024-11-26,MAT009,14,SOLDAGEM
1306,2024-12-04,MAT009,6,MECANICA
1307,2024-12-02,MAT009,6,MANUTENCAO
1308,2024-12-05,MAT009,6,MANUTENCAO
1309,2024-12-11,MAT009,10,ELETRICA
1310,2024-12-09,MAT009,9,ELETRICA
1311,2024-12-20,MAT009,31,MANUTENCAO
1312,2024-12-23,MAT009,6,MECANICA
1313,2024-12-23,MAT009,6,MECANICA
1314,2024-12-26,MAT009,6,SOLDAGEM
1315,2024-12-30,MAT009,24,SOLDAGEM
1316,2025-01-10,MAT009,9,MECANICA
1317,2025-01-08,MAT009,9,SOLDAGEM
1318,2025-01-15,MAT009,9,MECANICA
1319,2025-01-15,MAT009,9,MECANICA
1320,2025-01-21,MAT009,4,ELETRICA
1321,2025-01-20,MAT009,3,FABRICACAO
1322,2025-01-24,MAT009,3,MANUTENCAO
1323,2025-01-28,MAT009,17,MECANICA
1324,2025-02-07,MAT009,18,ELETRICA
1325,2025-02-14,MAT009,14,MECANICA
1326,2025-02-17,MAT009,7,MECANICA
1327,2025-02-19,MAT009,7,SOLDAGEM
1328,2025-02-20,MAT009,7,MECANICA
1329,2025-02-28,MAT009,28,SOLDAGEM
1330,2025-03-04,MAT009,22,MECANICA
1331,2025-03-12,MAT009,22,FABRICACAO
1332,2025-03-20,MAT009,9,MECANICA
1333,2025-03-21,MAT009,9,SOLDAGEM
1334,2025-03-24,MAT009,11,ELETRICA
1335,2025-03-25,MAT009,10,ELETRICA
1336,2025-03-31,MAT009,33,MANUTENCAO
1337,2025-04-09,MAT009,19,SOLDAGEM
1338,2025-04-17,MAT009,22,ELETRICA
1339,2025-04-25,MAT009,23,FABRICACAO
1340,2025-04-29,MAT009,24,MECANICA
1341,2025-05-09,MAT009,14,FABRICACAO
1342,2025-05-05,MAT009,14,MANUTENCAO
1343,2025-05-12,MAT009,9,SOLDAGEM
1344,2025-05-14,MAT009,9,MANUTENCAO
1345,2025-05-14,MAT009,9,ELETRICA
1346,2025-05-23,MAT009,21,FABRICACAO
1347,2025-05-26,MAT009,9,MECANICA
1348,2025-05-26,MAT009,8,ELETRICA
1349,2025-06-02,MAT009,11,MANUTENCAO
1350,2025-06-04,MAT009,11,SOLDAGEM
1351,2025-06-10,MAT009,18,MANUTENCAO
1352,2025-06-11,MAT009,17,SOLDAGEM
1353,2025-06-16,MAT009,10,MECANICA
1354,2025-06-20,MAT009,10,FABRICACAO
1355,2025-06-17,MAT009,10,MECANICA
1356,2025-06-27,MAT009,8,MANUTENCAO
1357,2025-06-23,MAT009,7,MECANICA
1358,2025-06-23,MAT009,7,MECANICA
1359,2025-06-30,MAT009,24,MANUTENCAO
1360,2025-07-11,MAT009,42,MECANICA
1361,2025-07-17,MAT009,20,MANUTENCAO
1362,2025-07-17,MAT009,19,FABRICACAO
1363,2025-07-22,MAT009,8,MANUTENCAO
1364,2025-07-21,MAT009,7,ELETRICA
1365,2025-07-24,MAT009,7,SOLDAGEM
1366,2025-07-30,MAT009,29,MECANICA
1367,2025-08-08,MAT009,10,FABRICACAO
1368,2025-08-08,MAT009,10,MANUTENCAO
1369,2025-08-04,MAT009,10,MANUTENCAO
1370,2025-08-14,MAT009,13,MANUTENCAO
1371,2025-08-15,MAT009,13,MANUTENCAO
1372,2025-08-11,MAT009,12,FABRICACAO
1373,2025-08-21,MAT009,24,MANUTENCAO
1374,2025-08-28,MAT009,12,SOLDAGEM
1375,2025-08-28,MAT009,11,MECANICA
1376,2025-09-03,MAT009,17,MANUTENCAO
1377,2025-09-03,MAT009,17,MANUTENCAO
1378,2025-09-11,MAT009,17,SOLDAGEM
1379,2025-09-12,MAT009,16,ELETRICA
1380,2025-09-17,MAT009,11,ELETRICA
1381,2025-09-19,MAT009,10,FABRICACAO
1382,2025-09-15,MAT009,10,MANUTENCAO
1383,2025-09-22,MAT009,24,ELETRICA
1384,2025-09-29,MAT009,37,MECANICA
1385,2025-10-08,MAT009,11,MECANICA
1386,2025-10-06,MAT009,10,ELETRICA
1387,2025-10-09,MAT009,10,SOLDAGEM
1388,2025-10-17,MAT009,13,SOLDAGEM
1389,2025-10-13,MAT009,13,SOLDAGEM
1390,2025-10-24,MAT009,15,MANUTENCAO
1391,2025-10-23,MAT009,15,SOLDAGEM
1392,2025-10-30,MAT009,10,ELETRICA
1393,2025-10-31,MAT009,10,MECANICA
1394,2025-10-29,MAT009,9,MANUTENCAO
1395,2025-11-05,MAT009,13,MANUTENCAO
1396,2025-11-05,MAT009,13,SOLDAGEM
1397,2025-11-11,MAT009,25,MANUTENCAO
1398,2025-11-17,MAT009,22,FABRICACAO
1399,2025-11-25,MAT009,10,SOLDAGEM
1400,2025-11-27,MAT009,10,SOLDAGEM
1401,2025-11-27,MAT009,10,ELETRICA
1402,2025-12-05,MAT009,7,MECANICA
1403,2025-12-02,MAT009,7,MANUTENCAO
1404,2025-12-01,MAT009,6,ELETRICA
1405,2025-12-09,MAT009,15,ELETRICA
1406,2025-12-11,MAT009,15,ELETRICA
1407,2025-12-19,MAT009,31,FABRICACAO
1408,2025-12-26,MAT009,14,FABRICACAO
1409,2025-12-25,MAT009,13,MANUTENCAO
1410,2025-12-29,MAT009,19,ELETRICA
1411,2026-01-05,MAT009,30,MANUTENCAO
1412,2026-01-15,MAT009,17,SOLDAGEM
1413,2026-01-23,MAT009,24,SOLDAGEM
1414,2026-01-26,MAT009,9,ELETRICA
1415,2026-01-29,MAT009,8,SOLDAGEM
1416,2026-02-06,MAT009,9,ELETRICA
1417,2026-02-03,MAT009,9,FABRICACAO
1418,2026-02-02,MAT009,8,MECANICA
1419,2026-02-12,MAT009,17,FABRICACAO
1420,2026-02-13,MAT009,17,MANUTENCAO
1421,2026-02-16,MAT009,13,SOLDAGEM
1422,2026-02-20,MAT009,12,MANUTENCAO
1423,2026-02-23,MAT009,13,MANUTENCAO
1424,2026-02-24,MAT009,12,MANUTENCAO
1425,2026-03-06,MAT009,24,MECANICA
1426,2026-03-11,MAT009,28,MANUTENCAO
1427,2026-03-18,MAT009,36,SOLDAGEM
1428,2026-03-25,MAT009,7,FABRICACAO
1429,2026-03-25,MAT009,7,SOLDAGEM
1430,2026-03-25,MAT009,6,MANUTENCAO
1431,2026-04-03,MAT009,11,FABRICACAO
1432,2026-04-03,MAT009,10,FABRICACAO
1433,2026-03-30,MAT009,10,MANUTENCAO
1434,2026-04-07,MAT009,13,FABRICACAO
1435,2026-04-07,MAT009,13,ELETRICA
1436,2026-04-14,MAT009,7,MANUTENCAO
1437,2026-04-17,MAT009,7,MANUTENCAO
1438,2026-04-14,MAT009,7,MANUTENCAO
1439,2026-04-20,MAT009,43,MANUTENCAO
1440,2026-04-29,MAT009,10,FABRICACAO
1441,2026-04-30,MAT009,9,MECANICA
1442,2026-04-29,MAT009,9,SOLDAGEM
1443,2026-05-07,MAT009,40,ELETRICA
1444,2026-05-14,MAT009,26,SOLDAGEM
1445,2026-05-20,MAT009,12,MECANICA
1446,2026-05-21,MAT009,12,MANUTENCAO
1447,2026-05-22,MAT009,12,FABRICACAO
1448,2026-05-29,MAT009,21,FABRICACAO
1449,2026-05-25,MAT009,20,ELETRICA
1450,2026-06-02,MAT009,17,MANUTENCAO
1451,2026-06-05,MAT009,17,FABRICACAO
1452,2026-06-08,MAT009,38,SOLDAGEM
1453,2026-06-16,MAT009,49,SOLDAGEM
1454,2026-06-26,MAT009,18,SOLDAGEM
1455,2026-06-26,MAT009,18,FABRICACAO
1456,2026-07-03,MAT009,17,SOLDAGEM
1457,2026-06-29,MAT009,17,MANUTENCAO
1458,2026-06-29,MAT009,16,MECANICA
1459,2026-07-10,MAT009,17,MECANICA
1460,2026-07-06,MAT009,16,FABRICACAO
1461,2026-07-14,MAT009,33,ELETRICA
1462,2026-07-24,MAT009,19,MANUTENCAO
1463,2026-07-29,MAT009,44,SOLDAGEM
1464,2026-08-07,MAT009,16,FABRICACAO
1465,2026-08-05,MAT009,16,MECANICA
1466,2026-08-11,MAT009,11,MANUTENCAO
1467,2026-08-11,MAT009,10,SOLDAGEM
1468,2026-08-12,MAT009,10,ELETRICA
1469,2026-08-20,MAT009,23,SOLDAGEM
1470,2026-08-19,MAT009,22,MECANICA
1471,2026-08-24,MAT009,17,SOLDAGEM
1472,2026-08-26,MAT009,17,MANUTENCAO
1473,2026-09-04,MAT009,10,ELETRICA
1474,2026-08-31,MAT009,10,MANUTENCAO
1475,2026-09-01,MAT009,10,FABRICACAO
1476,2026-09-07,MAT009,16,MECANICA
1477,2026-09-11,MAT009,15,FABRICACAO
1478,2024-09-16,MAT010,19,SOLDAGEM
1479,2024-09-16,MAT010,18,ELETRICA
1480,2024-09-25,MAT010,17,FABRICACAO
1481,2024-09-24,MAT010,17,FABRICACAO
1482,2024-10-04,MAT010,9,ELETRICA
1483,2024-10-02,MAT010,9,FABRICACAO
1484,2024-09-30,MAT010,9,SOLDAGEM
1485,2024-10-10,MAT010,16,SOLDAGEM
1486,2024-10-11,MAT010,15,MECANICA
1487,2024-10-18,MAT010,25,ELETRICA
1488,2024-10-21,MAT010,12,MANUTENCAO
1489,2024-10-24,MAT010,12,FABRICACAO
1490,2024-10-24,MAT010,12,ELETRICA
1491,2024-10-30,MAT010,37,FABRICACAO
1492,2024-11-08,MAT010,34,ELETRICA
1493,2024-11-12,MAT010,10,SOLDAGEM
1494,2024-11-15,MAT010,9,FABRICACAO
1495,2024-11-14,MAT010,9,MANUTENCAO
1496,2024-11-18,MAT010,9,FABRICACAO
1497,2024-11-20,MAT010,9,FABRICACAO
1498,2024-11-18,MAT010,9,FABRICACAO
1499,2024-11-27,MAT010,22,MECANICA
1500,2024-12-02,MAT010,9,MANUTENCAO
1501,2024-12-06,MAT010,9,SOLDAGEM
1502,2024-12-06,MAT010,9,FABRICACAO
1503,2024-12-09,MAT010,14,FABRICACAO
1504,2024-12-10,MAT010,14,MANUTENCAO
1505,2024-12-16,MAT010,12,ELETRICA
1506,2024-12-20,MAT010,11,MECANICA
1507,2024-12-20,MAT010,11,FABRICACAO
1508,2024-12-23,MAT010,8,FABRICACAO
1509,2024-12-27,MAT010,8,ELETRICA
1510,2024-12-25,MAT010,8,SOLDAGEM
1511,2025-01-01,MAT010,39,ELETRICA
1512,2025-01-08,MAT010,31,MANUTENCAO
1513,2025-01-14,MAT010,13,MECANICA
1514,2025-01-24,MAT010,33,SOLDAGEM
1515,2025-01-28,MAT010,30,MANUTENCAO
1516,2025-02-04,MAT010,11,SOLDAGEM
1517,2025-02-07,MAT010,10,ELETRICA
1518,2025-02-03,MAT010,10,MECANICA
1519,2025-02-10,MAT010,13,MANUTENCAO
1520,2025-02-10,MAT010,13,MANUTENCAO
1521,2025-02-18,MAT010,10,ELETRICA
1522,2025-02-17,MAT010,9,ELETRICA
1523,2025-02-17,MAT010,9,MANUTENCAO
1524,2025-02-26,MAT010,32,FABRICACAO
1525,2025-03-04,MAT010,10,SOLDAGEM
1526,2025-03-06,MAT010,10,MECANICA
1527,2025-03-03,MAT010,9,MECANICA
1528,2025-03-11,MAT010,9,FABRICACAO
1529,2025-03-11,MAT010,9,MECANICA
1530,2025-03-19,MAT010,8,FABRICACAO
1531,2025-03-20,MAT010,8,FABRICACAO
1532,2025-03-19,MAT010,8,FABRICACAO
1533,2025-03-26,MAT010,8,ELETRICA
1534,2025-03-28,MAT010,8,FABRICACAO
1535,2025-03-28,MAT010,7,MANUTENCAO
1536,2025-04-01,MAT010,12,FABRICACAO
1537,2025-04-01,MAT010,12,MECANICA
1538,2025-03-31,MAT010,12,ELETRICA
1539,2025-04-10,MAT010,11,MANUTENCAO
1540,2025-04-10,MAT010,10,SOLDAGEM
1541,2025-04-17,MAT010,14,SOLDAGEM
1542,2025-04-17,MAT010,14,FABRICACAO
1543,2025-04-15,MAT010,14,FABRICACAO
1544,2025-04-25,MAT010,10,FABRICACAO
1545,2025-04-24,MAT010,10,SOLDAGEM
1546,2025-04-21,MAT010,10,FABRICACAO
1547,2025-05-01,MAT010,8,MECANICA
1548,2025-04-29,MAT010,7,SOLDAGEM
1549,2025-04-30,MAT010,7,ELETRICA
1550,2025-05-07,MAT010,11,SOLDAGEM
1551,2025-05-05,MAT010,10,MECANICA
1552,2025-05-08,MAT010,10,ELETRICA
1553,2025-05-15,MAT010,8,FABRICACAO
1554,2025-05-14,MAT010,8,ELETRICA
1555,2025-05-15,MAT010,7,MECANICA
1556,2025-05-23,MAT010,17,MECANICA
1557,2025-05-22,MAT010,17,MANUTENCAO
1558,2025-05-28,MAT010,14,ELETRICA
1559,2025-05-30,MAT010,13,MECANICA
1560,2025-05-30,MAT010,13,MECANICA
1561,2025-06-04,MAT010,34,ELETRICA
1562,2025-06-12,MAT010,10,ELETRICA
1563,2025-06-13,MAT010,9,MANUTENCAO
1564,2025-06-11,MAT010,9,SOLDAGEM
1565,2025-06-18,MAT010,10,MECANICA
1566,2025-06-16,MAT010,10,ELETRICA
1567,2025-06-16,MAT010,10,SOLDAGEM
1568,2025-06-25,MAT010,13,MANUTENCAO
1569,2025-06-27,MAT010,12,MANUTENCAO
1570,2025-06-23,MAT010,12,FABRICACAO
1571,2025-07-03,MAT010,18,SOLDAGEM
1572,2025-07-03,MAT010,17,MECANICA
1573,2025-07-11,MAT010,24,MANUTENCAO
1574,2025-07-18,MAT010,12,MECANICA
1575,2025-07-16,MAT010,11,FABRICACAO
1576,2025-07-21,MAT010,7,SOLDAGEM
1577,2025-07-24,MAT010,6,FABRICACAO
1578,2025-07-23,MAT010,6,FABRICACAO
1579,2025-07-28,MAT010,45,SOLDAGEM
1580,2025-08-07,MAT010,14,FABRICACAO
1581,2025-08-05,MAT010,13,SOLDAGEM
1582,2025-08-04,MAT010,13,FABRICACAO
1583,2025-08-14,MAT010,38,ELETRICA
1584,2025-08-20,MAT010,17,MECANICA
1585,2025-08-20,MAT010,17,FABRICACAO
1586,2025-08-27,MAT010,19,MANUTENCAO
1587,2025-08-29,MAT010,19,ELETRICA
1588,2025-09-02,MAT010,37,ELETRICA
1589,2025-09-10,MAT010,36,FABRICACAO
1590,2025-09-15,MAT010,11,MECANICA
1591,2025-09-19,MAT010,11,MANUTENCAO
1592,2025-09-16,MAT010,10,SOLDAGEM
1593,2025-09-23,MAT010,23,FABRICACAO
1594,2025-10-01,MAT010,21,SOLDAGEM
1595,2025-10-02,MAT010,20,MECANICA
1596,2025-10-09,MAT010,38,MECANICA
1597,2025-10-15,MAT010,10,MECANICA
1598,2025-10-14,MAT010,9,ELETRICA
1599,2025-10-17,MAT010,9,ELETRICA
1600,2025-10-22,MAT010,31,MECANICA
1601,2025-10-29,MAT010,11,ELETRICA
1602,2025-10-27,MAT010,11,SOLDAGEM
1603,2025-10-28,MAT010,11,ELETRICA
1604,2025-11-03,MAT010,19,FABRICACAO
1605,2025-11-11,MAT010,11,FABRICACAO
1606,2025-11-13,MAT010,11,SOLDAGEM
1607,2025-11-11,MAT010,11,MANUTENCAO
1608,2025-11-18,MAT010,10,FABRICACAO
1609,2025-11-21,MAT010,10,MECANICA
1610,2025-11-17,MAT010,10,FABRICACAO
1611,2025-11-27,MAT010,18,MANUTENCAO
1612,2025-12-04,MAT010,21,SOLDAGEM
1613,2025-12-02,MAT010,21,FABRICACAO
1614,2025-12-12,MAT010,15,MECANICA
1615,2025-12-10,MAT010,14,MECANICA
1616,2025-12-15,MAT010,20,ELETRICA
1617,2025-12-16,MAT010,20,SOLDAGEM
1618,2025-12-23,MAT010,13,SOLDAGEM
1619,2025-12-25,MAT010,12,FABRICACAO
1620,2025-12-22,MAT010,12,ELETRICA
1621,2025-12-31,MAT010,16,MECANICA
1622,2026-01-02,MAT010,15,SOLDAGEM
1623,2026-01-05,MAT010,10,MANUTENCAO
1624,2026-01-06,MAT010,9,MANUTENCAO
1625,2026-01-08,MAT010,9,ELETRICA
1626,2026-01-14,MAT010,8,FABRICACAO
1627,2026-01-14,MAT010,8,SOLDAGEM
1628,2026-01-12,MAT010,8,FABRICACAO
1629,2026-01-20,MAT010,6,ELETRICA
1630,2026-01-21,MAT010,6,FABRICACAO
1631,2026-01-22,MAT010,5,SOLDAGEM
1632,2026-01-30,MAT010,33,MECANICA
1633,2026-02-05,MAT010,35,MECANICA
1634,2026-02-10,MAT010,20,SOLDAGEM
1635,2026-02-19,MAT010,42,SOLDAGEM
1636,2026-02-24,MAT010,7,FABRICACAO
1637,2026-02-24,MAT010,7,MECANICA
1638,2026-02-24,MAT010,7,ELETRICA
1639,2026-03-06,MAT010,33,FABRICACAO
1640,2026-03-09,MAT010,15,SOLDAGEM
1641,2026-03-10,MAT010,15,ELETRICA
1642,2026-03-17,MAT010,11,MECANICA
1643,2026-03-17,MAT010,10,SOLDAGEM
1644,2026-03-17,MAT010,10,FABRICACAO
1645,2026-03-23,MAT010,23,ELETRICA
1646,2026-03-24,MAT010,22,MANUTENCAO
1647,2026-04-03,MAT010,23,MECANICA
1648,2026-04-02,MAT010,22,SOLDAGEM
1649,2026-04-09,MAT010,8,MECANICA
1650,2026-04-10,MAT010,8,SOLDAGEM
1651,2026-04-07,MAT010,8,ELETRICA
1652,2026-04-17,MAT010,17,MANUTENCAO
1653,2026-04-13,MAT010,16,MECANICA
1654,2026-04-22,MAT010,9,MECANICA
1655,2026-04-22,MAT010,9,MANUTENCAO
1656,2026-04-20,MAT010,9,MECANICA
1657,2026-04-28,MAT010,48,ELETRICA
1658,2026-05-05,MAT010,21,MECANICA
1659,2026-05-04,MAT010,20,SOLDAGEM
1660,2026-05-14,MAT010,21,FABRICACAO
1661,2026-05-12,MAT010,20,MECANICA
1662,2026-05-19,MAT010,35,FABRICACAO
1663,2026-05-25,MAT010,26,FABRICACAO
1664,2026-06-02,MAT010,31,FABRICACAO
1665,2026-06-10,MAT010,20,MANUTENCAO
1666,2026-06-08,MAT010,19,MANUTENCAO
1667,2026-06-18,MAT010,28,ELETRICA
1668,2026-06-25,MAT010,12,ELETRICA
1669,2026-06-22,MAT010,11,MECANICA
1670,2026-07-02,MAT010,23,ELETRICA
1671,2026-07-03,MAT010,22,ELETRICA
1672,2026-07-08,MAT010,12,ELETRICA
1673,2026-07-10,MAT010,12,ELETRICA
1674,2026-07-08,MAT010,11,FABRICACAO
1675,2026-07-15,MAT010,15,MECANICA
1676,2026-07-17,MAT010,14,MANUTENCAO
1677,2026-07-23,MAT010,20,MECANICA
1678,2026-07-24,MAT010,20,ELETRICA
1679,2026-07-30,MAT010,9,MANUTENCAO
1680,2026-07-30,MAT010,9,FABRICACAO
1681,2026-08-05,MAT010,10,FABRICACAO
1682,2026-08-06,MAT010,9,FABRICACAO
1683,2026-08-07,MAT010,9,MANUTENCAO
1684,2026-08-11,MAT010,40,FABRICACAO
1685,2026-08-20,MAT010,11,FABRICACAO
1686,2026-08-20,MAT010,11,SOLDAGEM
1687,2026-08-19,MAT010,10,MANUTENCAO
1688,2026-08-26,MAT010,11,MANUTENCAO
1689,2026-08-24,MAT010,11,MANUTENCAO
1690,2026-08-27,MAT010,10,SOLDAGEM
1691,2026-09-03,MAT010,30,SOLDAGEM
1692,2026-09-07,MAT010,9,MECANICA
1693,2026-09-09,MAT010,9,MECANICA
1694,2026-09-09,MAT010,9,MANUTENCAO
1695,2024-09-17,MAT011,14,SOLDAGEM
1696,2024-09-18,MAT011,14,SOLDAGEM
1697,2024-09-17,MAT011,14,SOLDAGEM
1698,2024-09-23,MAT011,56,MANUTENCAO
1699,2024-10-02,MAT011,13,MANUTENCAO
1700,2024-10-01,MAT011,13,SOLDAGEM
1701,2024-10-04,MAT011,12,MANUTENCAO
1702,2024-10-09,MAT011,15,SOLDAGEM
1703,2024-10-08,MAT011,15,SOLDAGEM
1704,2024-10-10,MAT011,14,SOLDAGEM
1705,2024-10-15,MAT011,23,ELETRICA
1706,2024-10-16,MAT011,22,MECANICA
1707,2024-10-24,MAT011,20,SOLDAGEM
1708,2024-10-23,MAT011,19,FABRICACAO
1709,2024-11-01,MAT011,19,MECANICA
1710,2024-10-28,MAT011,19,ELETRICA
1711,2024-10-31,MAT011,18,MANUTENCAO
1712,2024-11-08,MAT011,62,FABRICACAO
1713,2024-11-14,MAT011,49,ELETRICA
1714,2024-11-18,MAT011,20,ELETRICA
1715,2024-11-19,MAT011,20,MECANICA
1716,2024-11-28,MAT011,15,SOLDAGEM
1717,2024-11-25,MAT011,15,MANUTENCAO
1718,2024-11-29,MAT011,15,MANUTENCAO
1719,2024-12-05,MAT011,60,FABRICACAO
1720,2024-12-12,MAT011,30,FABRICACAO
1721,2024-12-09,MAT011,30,SOLDAGEM
1722,2024-12-17,MAT011,58,MANUTENCAO
1723,2024-12-24,MAT011,67,MANUTENCAO
1724,2025-01-02,MAT011,33,MECANICA
1725,2025-01-02,MAT011,33,MECANICA
1726,2025-01-10,MAT011,25,FABRICACAO
1727,2025-01-10,MAT011,25,MANUTENCAO
1728,2025-01-10,MAT011,24,FABRICACAO
1729,2025-01-15,MAT011,23,SOLDAGEM
1730,2025-01-14,MAT011,23,ELETRICA
1731,2025-01-15,MAT011,22,MANUTENCAO
1732,2025-01-24,MAT011,76,ELETRICA
1733,2025-01-30,MAT011,32,MANUTENCAO
1734,2025-01-29,MAT011,32,FABRICACAO
1735,2025-02-04,MAT011,91,FABRICACAO
1736,2025-02-11,MAT011,67,ELETRICA
1737,2025-02-20,MAT011,18,FABRICACAO
1738,2025-02-19,MAT011,17,MECANICA
1739,2025-02-20,MAT011,17,FABRICACAO
1740,2025-02-25,MAT011,54,MANUTENCAO
1741,2025-03-07,MAT011,48,MANUTENCAO
1742,2025-03-06,MAT011,48,MECANICA
1743,2025-03-13,MAT011,39,ELETRICA
1744,2025-03-13,MAT011,38,FABRICACAO
1745,2025-03-18,MAT011,39,MECANICA
1746,2025-03-20,MAT011,39,MECANICA
1747,2025-03-25,MAT011,55,FABRICACAO
1748,2025-04-04,MAT011,44,SOLDAGEM
1749,2025-04-04,MAT011,43,SOLDAGEM
1750,2025-04-08,MAT011,100,SOLDAGEM
1751,2025-04-17,MAT011,33,MECANICA
1752,2025-04-16,MAT011,32,MANUTENCAO
1753,2025-04-14,MAT011,32,FABRICACAO
1754,2025-04-24,MAT011,30,MANUTENCAO
1755,2025-04-22,MAT011,30,SOLDAGEM
1756,2025-04-25,MAT011,29,FABRICACAO
1757,2025-04-28,MAT011,90,SOLDAGEM
1758,2025-05-07,MAT011,18,MANUTENCAO
1759,2025-05-06,MAT011,18,ELETRICA
1760,2025-05-06,MAT011,18,MANUTENCAO
1761,2025-05-14,MAT011,109,ELETRICA
1762,2025-05-19,MAT011,76,MANUTENCAO
1763,2025-05-30,MAT011,25,FABRICACAO
1764,2025-05-27,MAT011,24,MECANICA
1765,2025-05-28,MAT011,24,ELETRICA
1766,2025-06-04,MAT011,30,SOLDAGEM
1767,2025-06-06,MAT011,30,SOLDAGEM
1768,2025-06-02,MAT011,29,FABRICACAO
1769,2025-06-13,MAT011,21,ELETRICA
1770,2025-06-11,MAT011,21,SOLDAGEM
1771,2025-06-11,MAT011,20,MANUTENCAO
1772,2025-06-18,MAT011,33,MECANICA
1773,2025-06-18,MAT011,32,ELETRICA
1774,2025-06-26,MAT011,13,SOLDAGEM
1775,2025-06-23,MAT011,13,FABRICACAO
1776,2025-06-27,MAT011,13,MANUTENCAO
1777,2025-06-30,MAT011,39,MECANICA
1778,2025-07-04,MAT011,38,MECANICA
1779,2025-07-07,MAT011,22,SOLDAGEM
1780,2025-07-09,MAT011,22,MECANICA
1781,2025-07-07,MAT011,22,ELETRICA
1782,2025-07-16,MAT011,34,MECANICA
1783,2025-07-18,MAT011,33,MANUTENCAO
1784,2025-07-25,MAT011,39,ELETRICA
1785,2025-07-22,MAT011,38,SOLDAGEM
1786,2025-07-29,MAT011,61,FABRICACAO
1787,2025-08-05,MAT011,36,MECANICA
1788,2025-08-07,MAT011,35,FABRICACAO
1789,2025-08-15,MAT011,16,MANUTENCAO
1790,2025-08-12,MAT011,16,SOLDAGEM
1791,2025-08-15,MAT011,15,MANUTENCAO
1792,2025-08-19,MAT011,73,FABRICACAO
1793,2025-08-25,MAT011,62,MANUTENCAO
1794,2025-09-04,MAT011,18,FABRICACAO
1795,2025-09-02,MAT011,18,FABRICACAO
1796,2025-09-04,MAT011,17,MANUTENCAO
1797,2025-09-09,MAT011,71,FABRICACAO
1798,2025-09-17,MAT011,26,FABRICACAO
1799,2025-09-18,MAT011,25,MANUTENCAO
1800,2025-09-22,MAT011,15,ELETRICA
1801,2025-09-22,MAT011,15,SOLDAGEM
1802,2025-09-25,MAT011,14,ELETRICA
1803,2025-09-30,MAT011,51,SOLDAGEM
1804,2025-10-10,MAT011,13,ELETRICA
1805,2025-10-07,MAT011,13,MANUTENCAO
1806,2025-10-08,MAT011,13,SOLDAGEM
1807,2025-10-16,MAT011,19,MECANICA
1808,2025-10-13,MAT011,19,MANUTENCAO
1809,2025-10-13,MAT011,18,FABRICACAO
1810,2025-10-24,MAT011,40,MECANICA
1811,2025-10-28,MAT011,52,SOLDAGEM
1812,2025-11-06,MAT011,50,ELETRICA
1813,2025-11-11,MAT011,40,MANUTENCAO
1814,2025-11-19,MAT011,55,MANUTENCAO
1815,2025-11-26,MAT011,40,MANUTENCAO
1816,2025-12-01,MAT011,17,FABRICACAO
1817,2025-12-01,MAT011,16,MECANICA
1818,2025-12-02,MAT011,16,ELETRICA
1819,2025-12-11,MAT011,56,FABRICACAO
1820,2025-12-15,MAT011,27,FABRICACAO
1821,2025-12-17,MAT011,26,MANUTENCAO
1822,2025-12-22,MAT011,22,SOLDAGEM
1823,2025-12-23,MAT011,22,MANUTENCAO
1824,2025-12-31,MAT011,68,MANUTENCAO
1825,2026-01-09,MAT011,28,ELETRICA
1826,2026-01-07,MAT011,28,FABRICACAO
1827,2026-01-08,MAT011,27,MANUTENCAO
1828,2026-01-13,MAT011,73,SOLDAGEM
1829,2026-01-23,MAT011,48,FABRICACAO
1830,2026-01-26,MAT011,49,MECANICA
1831,2026-02-06,MAT011,18,ELETRICA
1832,2026-02-04,MAT011,17,SOLDAGEM
1833,2026-02-03,MAT011,17,FABRICACAO
1834,2026-02-11,MAT011,56,MECANICA
1835,2026-02-17,MAT011,71,MECANICA
1836,2026-02-23,MAT011,27,MANUTENCAO
1837,2026-02-27,MAT011,27,FABRICACAO
1838,2026-02-23,MAT011,26,FABRICACAO
1839,2026-03-05,MAT011,44,SOLDAGEM
1840,2026-03-06,MAT011,43,FABRICACAO
1841,2026-03-12,MAT011,91,ELETRICA
1842,2026-03-18,MAT011,70,SOLDAGEM
1843,2026-03-26,MAT011,31,SOLDAGEM
1844,2026-03-27,MAT011,31,FABRICACAO
1845,2026-03-26,MAT011,31,MECANICA
1846,2026-04-02,MAT011,50,ELETRICA
1847,2026-03-31,MAT011,50,FABRICACAO
1848,2026-04-09,MAT011,35,SOLDAGEM
1849,2026-04-08,MAT011,35,ELETRICA
1850,2026-04-06,MAT011,35,MANUTENCAO
1851,2026-04-17,MAT011,47,ELETRICA
1852,2026-04-15,MAT011,47,SOLDAGEM
1853,2026-04-22,MAT011,35,FABRICACAO
1854,2026-04-23,MAT011,34,MECANICA
1855,2026-04-20,MAT011,34,MECANICA
1856,2026-04-29,MAT011,40,SOLDAGEM
1857,2026-04-30,MAT011,39,SOLDAGEM
1858,2026-04-28,MAT011,39,SOLDAGEM
1859,2026-05-07,MAT011,97,FABRICACAO
1860,2026-05-11,MAT011,32,FABRICACAO
1861,2026-05-13,MAT011,32,FABRICACAO
1862,2026-05-14,MAT011,32,ELETRICA
1863,2026-05-19,MAT011,100,SOLDAGEM
1864,2026-05-27,MAT011,26,ELETRICA
1865,2026-05-27,MAT011,25,ELETRICA
1866,2026-05-28,MAT011,25,MECANICA
1867,2026-06-03,MAT011,35,SOLDAGEM
1868,2026-06-01,MAT011,35,MANUTENCAO
1869,2026-06-11,MAT011,27,MECANICA
1870,2026-06-12,MAT011,27,ELETRICA
1871,2026-06-12,MAT011,26,MANUTENCAO
1872,2026-06-18,MAT011,40,MECANICA
1873,2026-06-17,MAT011,39,ELETRICA
1874,2026-06-26,MAT011,78,FABRICACAO
1875,2026-07-01,MAT011,34,MANUTENCAO
1876,2026-06-29,MAT011,33,ELETRICA
1877,2026-07-07,MAT011,28,SOLDAGEM
1878,2026-07-07,MAT011,27,MECANICA
1879,2026-07-15,MAT011,28,ELETRICA
1880,2026-07-17,MAT011,28,SOLDAGEM
1881,2026-07-20,MAT011,29,MANUTENCAO
1882,2026-07-23,MAT011,28,MANUTENCAO
1883,2026-07-30,MAT011,25,FABRICACAO
1884,2026-07-31,MAT011,25,FABRICACAO
1885,2026-07-27,MAT011,25,MANUTENCAO
1886,2026-08-04,MAT011,71,FABRICACAO
1887,2026-08-13,MAT011,42,FABRICACAO
1888,2026-08-14,MAT011,42,FABRICACAO
1889,2026-08-19,MAT011,63,FABRICACAO
1890,2026-08-28,MAT011,68,MECANICA
1891,2026-08-31,MAT011,61,MECANICA
1892,2026-09-09,MAT011,28,SOLDAGEM
1893,2026-09-08,MAT011,27,MECANICA
1894,2024-09-27,MAT012,4,FABRICACAO
1895,2024-09-24,MAT012,4,ELETRICA
1896,2024-09-27,MAT012,3,SOLDAGEM
1897,2024-12-17,MAT012,6,FABRICACAO
1898,2024-12-23,MAT012,4,MECANICA
1899,2024-12-26,MAT012,4,FABRICACAO
1900,2025-01-01,MAT012,5,SOLDAGEM
1901,2025-01-01,MAT012,4,FABRICACAO
1902,2025-01-08,MAT012,5,ELETRICA
1903,2025-01-06,MAT012,5,MANUTENCAO
1904,2025-01-15,MAT012,3,MECANICA
1905,2025-01-14,MAT012,2,FABRICACAO
1906,2025-04-11,MAT012,3,MANUTENCAO
1907,2025-04-07,MAT012,3,MANUTENCAO
1908,2025-04-11,MAT012,3,FABRICACAO
1909,2025-05-13,MAT012,2,MANUTENCAO
1910,2025-05-16,MAT012,2,ELETRICA
1911,2025-05-12,MAT012,1,MANUTENCAO
1912,2025-05-28,MAT012,5,FABRICACAO
1913,2025-05-29,MAT012,5,SOLDAGEM
1914,2025-06-11,MAT012,7,MANUTENCAO
1915,2025-06-09,MAT012,6,MANUTENCAO
1916,2025-06-24,MAT012,4,MANUTENCAO
1917,2025-06-26,MAT012,4,SOLDAGEM
1918,2025-06-25,MAT012,3,MANUTENCAO
1919,2025-07-09,MAT012,5,FABRICACAO
1920,2025-07-08,MAT012,5,MECANICA
1921,2025-07-11,MAT012,5,MECANICA
1922,2025-07-23,MAT012,6,SOLDAGEM
1923,2025-08-22,MAT012,12,SOLDAGEM
1924,2025-08-18,MAT012,11,ELETRICA
1925,2025-09-03,MAT012,8,FABRICACAO
1926,2025-09-08,MAT012,7,FABRICACAO
1927,2025-09-10,MAT012,7,FABRICACAO
1928,2025-09-12,MAT012,6,ELETRICA
1929,2025-10-29,MAT012,9,FABRICACAO
1930,2025-11-05,MAT012,1,MECANICA
1931,2025-11-21,MAT012,24,ELETRICA
1932,2025-11-26,MAT012,9,ELETRICA
1933,2025-12-01,MAT012,16,MANUTENCAO
1934,2026-01-13,MAT012,15,MANUTENCAO
1935,2026-03-17,MAT012,6,ELETRICA
1936,2026-03-18,MAT012,6,SOLDAGEM
1937,2026-03-16,MAT012,6,MANUTENCAO
1938,2026-04-14,MAT012,4,MANUTENCAO
1939,2026-04-17,MAT012,4,MANUTENCAO
1940,2026-04-16,MAT012,4,FABRICACAO
1941,2026-04-20,MAT012,10,MECANICA
1942,2026-05-22,MAT012,6,MANUTENCAO
1943,2026-05-21,MAT012,5,MECANICA
1944,2026-06-17,MAT012,6,ELETRICA
1945,2026-06-18,MAT012,5,ELETRICA
1946,2026-06-19,MAT012,5,ELETRICA
1947,2026-07-02,MAT012,3,FABRICACAO
1948,2026-06-29,MAT012,3,SOLDAGEM
1949,2026-07-03,MAT012,2,MANUTENCAO
1950,2026-07-08,MAT012,4,SOLDAGEM
1951,2026-07-06,MAT012,4,FABRICACAO
1952,2026-07-09,MAT012,3,MECANICA
1953,2026-07-17,MAT012,10,FABRICACAO
1954,2026-07-22,MAT012,10,MANUTENCAO
1955,2026-07-29,MAT012,6,MANUTENCAO
1956,2026-07-31,MAT012,6,MECANICA
1957,2026-07-27,MAT012,6,FABRICACAO
1958,2024-09-17,MAT013,13,MECANICA
1959,2024-09-18,MAT013,13,ELETRICA
1960,2024-09-25,MAT013,12,SOLDAGEM
1961,2024-09-24,MAT013,11,ELETRICA
1962,2024-10-01,MAT013,15,MECANICA
1963,2024-09-30,MAT013,14,MECANICA
1964,2024-10-10,MAT013,10,SOLDAGEM
1965,2024-10-11,MAT013,10,MECANICA
1966,2024-10-11,MAT013,9,FABRICACAO
1967,2024-10-14,MAT013,28,MECANICA
1968,2024-10-24,MAT013,16,MANUTENCAO
1969,2024-10-23,MAT013,15,MECANICA
1970,2024-10-30,MAT013,24,SOLDAGEM
1971,2024-10-29,MAT013,23,FABRICACAO
1972,2024-11-04,MAT013,27,SOLDAGEM
1973,2024-11-12,MAT013,8,ELETRICA
1974,2024-11-15,MAT013,8,ELETRICA
1975,2024-11-15,MAT013,8,MANUTENCAO
1976,2024-11-18,MAT013,20,FABRICACAO
1977,2024-11-22,MAT013,19,ELETRICA
1978,2024-11-26,MAT013,33,SOLDAGEM
1979,2024-12-03,MAT013,28,SOLDAGEM
1980,2024-12-13,MAT013,9,FABRICACAO
1981,2024-12-09,MAT013,9,ELETRICA
1982,2024-12-11,MAT013,9,MECANICA
1983,2024-12-17,MAT013,12,FABRICACAO
1984,2024-12-19,MAT013,11,MANUTENCAO
1985,2024-12-27,MAT013,11,MECANICA
1986,2024-12-26,MAT013,10,ELETRICA
1987,2024-12-31,MAT013,13,SOLDAGEM
1988,2025-01-02,MAT013,12,MANUTENCAO
1989,2025-01-06,MAT013,17,MECANICA
1990,2025-01-16,MAT013,11,FABRICACAO
1991,2025-01-14,MAT013,11,SOLDAGEM
1992,2025-01-14,MAT013,10,ELETRICA
1993,2025-01-20,MAT013,10,FABRICACAO
1994,2025-01-20,MAT013,10,SOLDAGEM
1995,2025-01-23,MAT013,9,ELETRICA
1996,2025-01-27,MAT013,11,ELETRICA
1997,2025-01-31,MAT013,11,SOLDAGEM
1998,2025-01-27,MAT013,11,MECANICA
1999,2025-02-05,MAT013,11,MANUTENCAO
2000,2025-02-06,MAT013,10,SOLDAGEM
2001,2025-02-05,MAT013,10,ELETRICA
2002,2025-02-12,MAT013,32,ELETRICA
2003,2025-02-20,MAT013,6,ELETRICA
2004,2025-02-20,MAT013,5,MECANICA
2005,2025-02-18,MAT013,5,SOLDAGEM
2006,2025-02-25,MAT013,10,MECANICA
2007,2025-02-24,MAT013,9,MANUTENCAO
2008,2025-02-27,MAT013,9,SOLDAGEM
2009,2025-03-05,MAT013,8,ELETRICA
2010,2025-03-07,MAT013,8,SOLDAGEM
2011,2025-03-07,MAT013,8,MECANICA
2012,2025-03-10,MAT013,27,SOLDAGEM
2013,2025-03-19,MAT013,19,SOLDAGEM
2014,2025-03-26,MAT013,10,MANUTENCAO
2015,2025-03-27,MAT013,9,FABRICACAO
2016,2025-03-27,MAT013,9,MECANICA
2017,2025-03-31,MAT013,18,FABRICACAO
2018,2025-04-11,MAT013,11,MANUTENCAO
2019,2025-04-08,MAT013,10,MECANICA
2020,2025-04-16,MAT013,12,MECANICA
2021,2025-04-16,MAT013,11,ELETRICA
2022,2025-04-18,MAT013,11,ELETRICA
2023,2025-04-22,MAT013,35,SOLDAGEM
2024,2025-04-29,MAT013,11,MECANICA
2025,2025-05-01,MAT013,10,ELETRICA
2026,2025-04-29,MAT013,10,MECANICA
2027,2025-05-09,MAT013,28,MECANICA
2028,2025-05-15,MAT013,17,MANUTENCAO
2029,2025-05-14,MAT013,17,MANUTENCAO
2030,2025-05-23,MAT013,7,SOLDAGEM
2031,2025-05-23,MAT013,7,FABRICACAO
2032,2025-05-22,MAT013,7,MECANICA
2033,2025-05-29,MAT013,9,ELETRICA
2034,2025-05-28,MAT013,8,FABRICACAO
2035,2025-06-02,MAT013,8,MECANICA
2036,2025-06-04,MAT013,7,ELETRICA
2037,2025-06-10,MAT013,27,ELETRICA
2038,2025-06-18,MAT013,23,ELETRICA
2039,2025-06-24,MAT013,17,FABRICACAO
2040,2025-07-01,MAT013,12,SOLDAGEM
2041,2025-07-08,MAT013,10,SOLDAGEM
2042,2025-07-07,MAT013,9,FABRICACAO
2043,2025-07-16,MAT013,9,MECANICA
2044,2025-07-15,MAT013,8,SOLDAGEM
2045,2025-07-14,MAT013,8,MECANICA
2046,2025-07-24,MAT013,12,SOLDAGEM
2047,2025-07-21,MAT013,12,SOLDAGEM
2048,2025-08-01,MAT013,14,SOLDAGEM
2049,2025-07-28,MAT013,14,SOLDAGEM
2050,2025-08-01,MAT013,13,ELETRICA
2051,2025-08-07,MAT013,14,ELETRICA
2052,2025-08-07,MAT013,13,SOLDAGEM
2053,2025-08-15,MAT013,21,FABRICACAO
2054,2025-08-22,MAT013,29,ELETRICA
2055,2025-08-27,MAT013,40,ELETRICA
2056,2025-09-05,MAT013,27,ELETRICA
2057,2025-09-10,MAT013,31,MANUTENCAO
2058,2025-09-18,MAT013,14,ELETRICA
2059,2025-09-19,MAT013,14,MECANICA
2060,2025-09-24,MAT013,9,MECANICA
2061,2025-09-22,MAT013,9,FABRICACAO
2062,2025-09-24,MAT013,9,ELETRICA
2063,2025-10-03,MAT013,26,ELETRICA
2064,2025-10-10,MAT013,35,MECANICA
2065,2025-10-14,MAT013,14,MANUTENCAO
2066,2025-10-17,MAT013,14,ELETRICA
2067,2025-10-24,MAT013,10,SOLDAGEM
2068,2025-10-20,MAT013,10,SOLDAGEM
2069,2025-10-31,MAT013,8,MECANICA
2070,2025-10-31,MAT013,8,SOLDAGEM
2071,2025-11-06,MAT013,11,SOLDAGEM
2072,2025-11-07,MAT013,11,ELETRICA
2073,2025-11-10,MAT013,6,MANUTENCAO
2074,2025-11-14,MAT013,6,MANUTENCAO
2075,2025-11-14,MAT013,5,FABRICACAO
2076,2025-11-20,MAT013,18,FABRICACAO
2077,2025-11-25,MAT013,14,FABRICACAO
2078,2025-11-24,MAT013,14,FABRICACAO
2079,2025-12-04,MAT013,10,FABRICACAO
2080,2025-12-02,MAT013,10,SOLDAGEM
2081,2025-12-11,MAT013,10,ELETRICA
2082,2025-12-12,MAT013,10,FABRICACAO
2083,2025-12-08,MAT013,10,MECANICA
2084,2025-12-19,MAT013,15,SOLDAGEM
2085,2025-12-17,MAT013,14,MANUTENCAO
2086,2025-12-23,MAT013,12,MANUTENCAO
2087,2025-12-24,MAT013,12,MECANICA
2088,2026-01-01,MAT013,23,MECANICA
2089,2026-01-06,MAT013,7,MANUTENCAO
2090,2026-01-08,MAT013,7,MANUTENCAO
2091,2026-01-05,MAT013,6,ELETRICA
2092,2026-01-12,MAT013,15,MANUTENCAO
2093,2026-01-19,MAT013,14,SOLDAGEM
2094,2026-01-20,MAT013,13,FABRICACAO
2095,2026-01-26,MAT013,10,SOLDAGEM
2096,2026-01-29,MAT013,10,SOLDAGEM
2097,2026-01-30,MAT013,9,FABRICACAO
2098,2026-02-06,MAT013,9,FABRICACAO
2099,2026-02-02,MAT013,9,MECANICA
2100,2026-02-12,MAT013,22,ELETRICA
2101,2026-02-16,MAT013,25,ELETRICA
2102,2026-02-24,MAT013,10,MECANICA
2103,2026-02-27,MAT013,10,ELETRICA
2104,2026-03-02,MAT013,35,FABRICACAO
2105,2026-03-12,MAT013,14,ELETRICA
2106,2026-03-13,MAT013,13,SOLDAGEM
2107,2026-03-17,MAT013,14,ELETRICA
2108,2026-03-16,MAT013,14,ELETRICA
2109,2026-03-26,MAT013,27,MANUTENCAO
2110,2026-03-30,MAT013,3,MECANICA
2111,2026-03-30,MAT013,3,MECANICA
2112,2026-04-10,MAT013,7,MANUTENCAO
2113,2026-04-07,MAT013,6,MECANICA
2114,2026-04-07,MAT013,6,MECANICA
2115,2026-04-15,MAT013,26,FABRICACAO
2116,2026-04-20,MAT013,9,FABRICACAO
2117,2026-04-23,MAT013,9,SOLDAGEM
2118,2026-04-22,MAT013,8,MECANICA
2119,2026-04-28,MAT013,14,SOLDAGEM
2120,2026-04-30,MAT013,14,FABRICACAO
2121,2026-05-05,MAT013,16,FABRICACAO
2122,2026-05-08,MAT013,15,MECANICA
2123,2026-05-13,MAT013,9,MECANICA
2124,2026-05-12,MAT013,9,ELETRICA
2125,2026-05-12,MAT013,9,SOLDAGEM
2126,2026-05-22,MAT013,29,MANUTENCAO
2127,2026-05-25,MAT013,13,MANUTENCAO
2128,2026-05-26,MAT013,12,FABRICACAO
2129,2026-06-02,MAT013,10,MECANICA
2130,2026-06-03,MAT013,9,ELETRICA
2131,2026-06-03,MAT013,9,FABRICACAO
2132,2026-06-09,MAT013,11,FABRICACAO
2133,2026-06-10,MAT013,10,MANUTENCAO
2134,2026-06-10,MAT013,10,SOLDAGEM
2135,2026-06-15,MAT013,27,FABRICACAO
2136,2026-06-25,MAT013,9,MECANICA
2137,2026-06-22,MAT013,8,MECANICA
2138,2026-06-23,MAT013,8,MECANICA
2139,2026-06-29,MAT013,8,MECANICA
2140,2026-07-02,MAT013,8,FABRICACAO
2141,2026-06-29,MAT013,8,SOLDAGEM
2142,2026-07-07,MAT013,20,MECANICA
2143,2026-07-14,MAT013,18,MECANICA
2144,2026-07-20,MAT013,27,SOLDAGEM
2145,2026-07-29,MAT013,24,SOLDAGEM
2146,2026-08-06,MAT013,17,SOLDAGEM
2147,2026-08-04,MAT013,17,FABRICACAO
2148,2026-08-12,MAT013,19,FABRICACAO
2149,2026-08-21,MAT013,7,ELETRICA
2150,2026-08-17,MAT013,6,ELETRICA
2151,2026-08-24,MAT013,25,SOLDAGEM
2152,2026-09-04,MAT013,2,SOLDAGEM
2153,2026-09-02,MAT013,2,FABRICACAO
2154,2026-09-02,MAT013,1,MECANICA
2155,2026-09-11,MAT013,7,ELETRICA
2156,2026-09-08,MAT013,7,FABRICACAO
2157,2026-09-11,MAT013,6,FABRICACAO
2158,2024-09-26,MAT014,2,MANUTENCAO
2159,2024-09-25,MAT014,2,MECANICA
2160,2024-10-07,MAT014,7,FABRICACAO
2161,2024-10-16,MAT014,3,FABRICACAO
2162,2024-10-14,MAT014,3,MECANICA
2163,2024-10-24,MAT014,8,ELETRICA
2164,2024-11-26,MAT014,3,ELETRICA
2165,2024-11-29,MAT014,3,FABRICACAO
2166,2024-11-26,MAT014,2,SOLDAGEM
2167,2024-12-18,MAT014,4,MANUTENCAO
2168,2025-01-02,MAT014,2,FABRICACAO
2169,2025-01-28,MAT014,8,MECANICA
2170,2025-02-12,MAT014,1,FABRICACAO
2171,2025-02-18,MAT014,4,FABRICACAO
2172,2025-02-21,MAT014,4,MANUTENCAO
2173,2025-03-21,MAT014,4,ELETRICA
2174,2025-03-17,MAT014,4,FABRICACAO
2175,2025-03-17,MAT014,3,ELETRICA
2176,2025-04-03,MAT014,5,FABRICACAO
2177,2025-04-07,MAT014,3,MANUTENCAO
2178,2025-04-10,MAT014,2,FABRICACAO
2179,2025-04-15,MAT014,5,MECANICA
2180,2025-04-21,MAT014,2,MANUTENCAO
2181,2025-04-25,MAT014,2,FABRICACAO
2182,2025-04-23,MAT014,1,MECANICA
2183,2025-05-02,MAT014,3,FABRICACAO
2184,2025-04-28,MAT014,2,ELETRICA
2185,2025-05-13,MAT014,4,SOLDAGEM
2186,2025-05-13,MAT014,4,SOLDAGEM
2187,2025-06-11,MAT014,5,MECANICA
2188,2025-06-10,MAT014,4,SOLDAGEM
2189,2025-06-18,MAT014,5,MECANICA
2190,2025-06-19,MAT014,5,SOLDAGEM
2191,2025-06-17,MAT014,4,MECANICA
2192,2025-06-23,MAT014,3,MECANICA
2193,2025-06-27,MAT014,3,SOLDAGEM
2194,2025-06-26,MAT014,3,ELETRICA
2195,2025-07-02,MAT014,6,FABRICACAO
2196,2025-07-01,MAT014,5,MECANICA
2197,2025-07-11,MAT014,2,FABRICACAO
2198,2025-07-10,MAT014,1,ELETRICA
2199,2025-07-10,MAT014,1,MECANICA
2200,2025-07-14,MAT014,4,ELETRICA
2201,2025-07-18,MAT014,3,MANUTENCAO
2202,2025-07-17,MAT014,3,ELETRICA
2203,2025-07-22,MAT014,3,MECANICA
2204,2025-07-23,MAT014,3,SOLDAGEM
2205,2025-08-25,MAT014,3,MECANICA
2206,2025-08-26,MAT014,2,FABRICACAO
2207,2025-09-05,MAT014,3,SOLDAGEM
2208,2025-09-04,MAT014,3,FABRICACAO
2209,2025-09-02,MAT014,3,MECANICA
2210,2025-10-02,MAT014,3,ELETRICA
2211,2025-10-02,MAT014,2,FABRICACAO
2212,2025-09-29,MAT014,2,SOLDAGEM
2213,2025-11-04,MAT014,4,MECANICA
2214,2025-11-06,MAT014,3,SOLDAGEM
2215,2025-11-07,MAT014,3,ELETRICA
2216,2025-11-14,MAT014,2,FABRICACAO
2217,2025-11-11,MAT014,2,MANUTENCAO
2218,2025-11-20,MAT014,5,MANUTENCAO
2219,2025-11-17,MAT014,4,FABRICACAO
2220,2025-11-25,MAT014,2,MANUTENCAO
2221,2025-12-01,MAT014,5,MECANICA
2222,2025-12-04,MAT014,4,FABRICACAO
2223,2025-12-11,MAT014,3,ELETRICA
2224,2025-12-12,MAT014,2,FABRICACAO
2225,2026-01-08,MAT014,2,MANUTENCAO
2226,2026-01-15,MAT014,4,FABRICACAO
2227,2026-01-12,MAT014,4,SOLDAGEM
2228,2026-01-20,MAT014,4,ELETRICA
2229,2026-01-20,MAT014,4,MECANICA
2230,2026-01-21,MAT014,4,SOLDAGEM
2231,2026-01-26,MAT014,1,ELETRICA
2232,2026-01-28,MAT014,1,ELETRICA
2233,2026-01-27,MAT014,1,FABRICACAO
2234,2026-02-13,MAT014,4,MANUTENCAO
2235,2026-02-12,MAT014,3,FABRICACAO
2236,2026-02-24,MAT014,11,MECANICA
2237,2026-03-13,MAT014,2,FABRICACAO
2238,2026-03-12,MAT014,2,FABRICACAO
2239,2026-04-15,MAT014,4,FABRICACAO
2240,2026-04-13,MAT014,3,MANUTENCAO
2241,2026-04-13,MAT014,3,ELETRICA
2242,2026-04-28,MAT014,1,ELETRICA
2243,2026-04-30,MAT014,1,MANUTENCAO
2244,2026-04-29,MAT014,1,ELETRICA
2245,2026-05-04,MAT014,7,MANUTENCAO
2246,2026-05-11,MAT014,7,ELETRICA
2247,2026-06-03,MAT014,5,MECANICA
2248,2026-06-01,MAT014,4,FABRICACAO
2249,2026-06-25,MAT014,3,MANUTENCAO
2250,2026-06-26,MAT014,3,SOLDAGEM
2251,2026-06-24,MAT014,2,MANUTENCAO
2252,2026-07-07,MAT014,6,SOLDAGEM
2253,2026-07-08,MAT014,5,SOLDAGEM
2254,2026-08-07,MAT014,6,MECANICA
2255,2026-08-21,MAT014,3,MANUTENCAO
2256,2026-08-19,MAT014,3,FABRICACAO
2257,2026-08-20,MAT014,2,ELETRICA
2258,2026-08-28,MAT014,2,FABRICACAO
2259,2026-08-24,MAT014,1,MECANICA
2260,2026-08-31,MAT014,2,ELETRICA
2261,2024-09-20,MAT015,9,ELETRICA
2262,2024-09-20,MAT015,9,SOLDAGEM
2263,2024-09-26,MAT015,10,MANUTENCAO
2264,2024-09-27,MAT015,10,MECANICA
2265,2024-10-02,MAT015,26,ELETRICA
2266,2024-10-09,MAT015,19,FABRICACAO
2267,2024-10-14,MAT015,8,FABRICACAO
2268,2024-10-17,MAT015,8,MECANICA
2269,2024-10-21,MAT015,5,MANUTENCAO
2270,2024-10-21,MAT015,5,ELETRICA
2271,2024-10-21,MAT015,5,MECANICA
2272,2024-10-28,MAT015,6,FABRICACAO
2273,2024-10-30,MAT015,5,MECANICA
2274,2024-10-31,MAT015,5,FABRICACAO
2275,2024-11-05,MAT015,17,FABRICACAO
2276,2024-11-11,MAT015,10,MECANICA
2277,2024-11-13,MAT015,10,MANUTENCAO
2278,2024-11-20,MAT015,20,ELETRICA
2279,2024-11-25,MAT015,7,MECANICA
2280,2024-11-26,MAT015,6,SOLDAGEM
2281,2024-11-27,MAT015,6,SOLDAGEM
2282,2024-12-04,MAT015,6,MANUTENCAO
2283,2024-12-03,MAT015,6,MANUTENCAO
2284,2024-12-06,MAT015,5,SOLDAGEM
2285,2024-12-12,MAT015,5,MANUTENCAO
2286,2024-12-11,MAT015,5,FABRICACAO
2287,2024-12-10,MAT015,5,MECANICA
2288,2024-12-17,MAT015,5,ELETRICA
2289,2024-12-16,MAT015,5,ELETRICA
2290,2024-12-19,MAT015,5,FABRICACAO
2291,2024-12-24,MAT015,6,MANUTENCAO
2292,2024-12-26,MAT015,5,MANUTENCAO
2293,2024-12-23,MAT015,5,ELETRICA
2294,2024-12-30,MAT015,10,MANUTENCAO
2295,2024-12-31,MAT015,10,MANUTENCAO
2296,2025-01-08,MAT015,10,SOLDAGEM
2297,2025-01-08,MAT015,10,MANUTENCAO
2298,2025-01-15,MAT015,9,ELETRICA
2299,2025-01-22,MAT015,5,MECANICA
2300,2025-01-23,MAT015,5,SOLDAGEM
2301,2025-01-23,MAT015,5,FABRICACAO
2302,2025-01-28,MAT015,10,MANUTENCAO
2303,2025-01-31,MAT015,10,SOLDAGEM
2304,2025-02-06,MAT015,4,MECANICA
2305,2025-02-07,MAT015,3,ELETRICA
2306,2025-02-03,MAT015,3,MECANICA
2307,2025-02-11,MAT015,18,MANUTENCAO
2308,2025-02-19,MAT015,13,ELETRICA
2309,2025-02-26,MAT015,6,SOLDAGEM
2310,2025-02-26,MAT015,6,MANUTENCAO
2311,2025-03-03,MAT015,5,MANUTENCAO
2312,2025-03-07,MAT015,4,SOLDAGEM
2313,2025-03-12,MAT015,11,ELETRICA
2314,2025-03-20,MAT015,2,SOLDAGEM
2315,2025-03-20,MAT015,2,MECANICA
2316,2025-03-17,MAT015,2,MANUTENCAO
2317,2025-03-24,MAT015,4,ELETRICA
2318,2025-03-27,MAT015,4,FABRICACAO
2319,2025-03-25,MAT015,3,SOLDAGEM
2320,2025-04-02,MAT015,11,ELETRICA
2321,2025-04-11,MAT015,14,MANUTENCAO
2322,2025-04-14,MAT015,4,MECANICA
2323,2025-04-14,MAT015,4,ELETRICA
2324,2025-04-21,MAT015,13,MANUTENCAO
2325,2025-04-30,MAT015,3,ELETRICA
2326,2025-04-29,MAT015,3,MANUTENCAO
2327,2025-05-02,MAT015,2,MECANICA
2328,2025-05-07,MAT015,4,FABRICACAO
2329,2025-05-06,MAT015,4,SOLDAGEM
2330,2025-05-08,MAT015,4,MANUTENCAO
2331,2025-05-12,MAT015,10,FABRICACAO
2332,2025-05-23,MAT015,8,MANUTENCAO
2333,2025-05-28,MAT015,5,MECANICA
2334,2025-05-28,MAT015,4,ELETRICA
2335,2025-06-03,MAT015,11,MANUTENCAO
2336,2025-06-13,MAT015,5,MANUTENCAO
2337,2025-06-13,MAT015,5,SOLDAGEM
2338,2025-06-11,MAT015,4,SOLDAGEM
2339,2025-06-18,MAT015,6,MECANICA
2340,2025-06-19,MAT015,5,MANUTENCAO
2341,2025-06-25,MAT015,6,MECANICA
2342,2025-06-25,MAT015,6,SOLDAGEM
2343,2025-06-23,MAT015,5,ELETRICA
2344,2025-07-04,MAT015,14,SOLDAGEM
2345,2025-07-10,MAT015,3,MANUTENCAO
2346,2025-07-09,MAT015,3,FABRICACAO
2347,2025-07-08,MAT015,2,FABRICACAO
2348,2025-07-14,MAT015,15,FABRICACAO
2349,2025-07-22,MAT015,7,MANUTENCAO
2350,2025-07-25,MAT015,7,FABRICACAO
2351,2025-08-01,MAT015,5,MECANICA
2352,2025-07-29,MAT015,5,FABRICACAO
2353,2025-08-01,MAT015,4,FABRICACAO
2354,2025-08-07,MAT015,6,SOLDAGEM
2355,2025-08-06,MAT015,5,FABRICACAO
2356,2025-08-04,MAT015,5,ELETRICA
2357,2025-08-12,MAT015,2,MANUTENCAO
2358,2025-08-14,MAT015,1,SOLDAGEM
2359,2025-08-15,MAT015,1,ELETRICA
2360,2025-08-20,MAT015,15,FABRICACAO
2361,2025-08-27,MAT015,5,ELETRICA
2362,2025-08-29,MAT015,5,ELETRICA
2363,2025-08-27,MAT015,5,SOLDAGEM
2364,2025-09-03,MAT015,6,ELETRICA
2365,2025-09-04,MAT015,5,MECANICA
2366,2025-09-01,MAT015,5,FABRICACAO
2367,2025-09-09,MAT015,6,SOLDAGEM
2368,2025-09-12,MAT015,6,ELETRICA
2369,2025-09-08,MAT015,6,SOLDAGEM
2370,2025-09-15,MAT015,4,MANUTENCAO
2371,2025-09-18,MAT015,3,MECANICA
2372,2025-09-17,MAT015,3,ELETRICA
2373,2025-09-25,MAT015,9,SOLDAGEM
2374,2025-10-03,MAT015,11,SOLDAGEM
2375,2025-10-02,MAT015,10,ELETRICA
2376,2025-10-07,MAT015,5,ELETRICA
2377,2025-10-09,MAT015,5,SOLDAGEM
2378,2025-10-07,MAT015,5,SOLDAGEM
2379,2025-10-15,MAT015,9,MANUTENCAO
2380,2025-10-16,MAT015,9,MECANICA
2381,2025-10-16,MAT015,8,FABRICACAO
2382,2025-10-21,MAT015,9,MECANICA
2383,2025-10-20,MAT015,8,ELETRICA
2384,2025-10-27,MAT015,7,ELETRICA
2385,2025-10-28,MAT015,6,SOLDAGEM
2386,2025-10-29,MAT015,6,ELETRICA
2387,2025-11-04,MAT015,20,MECANICA
2388,2025-11-11,MAT015,13,FABRICACAO
2389,2025-11-17,MAT015,18,FABRICACAO
2390,2025-11-24,MAT015,12,MECANICA
2391,2025-11-27,MAT015,11,ELETRICA
2392,2025-12-02,MAT015,5,MANUTENCAO
2393,2025-12-03,MAT015,5,MANUTENCAO
2394,2025-12-05,MAT015,4,MECANICA
2395,2025-12-10,MAT015,4,MANUTENCAO
2396,2025-12-09,MAT015,4,FABRICACAO
2397,2025-12-11,MAT015,4,SOLDAGEM
2398,2025-12-17,MAT015,4,MANUTENCAO
2399,2025-12-17,MAT015,4,SOLDAGEM
2400,2025-12-16,MAT015,4,MECANICA
2401,2025-12-25,MAT015,7,SOLDAGEM
2402,2025-12-26,MAT015,6,SOLDAGEM
2403,2025-12-23,MAT015,6,ELETRICA
2404,2026-01-01,MAT015,6,ELETRICA
2405,2026-01-01,MAT015,6,FABRICACAO
2406,2026-01-05,MAT015,9,MECANICA
2407,2026-01-08,MAT015,8,MECANICA
2408,2026-01-15,MAT015,6,SOLDAGEM
2409,2026-01-14,MAT015,5,ELETRICA
2410,2026-01-14,MAT015,5,MECANICA
2411,2026-01-22,MAT015,7,MECANICA
2412,2026-01-23,MAT015,6,SOLDAGEM
2413,2026-01-27,MAT015,3,FABRICACAO
2414,2026-01-29,MAT015,3,SOLDAGEM
2415,2026-01-27,MAT015,2,ELETRICA
2416,2026-02-02,MAT015,13,ELETRICA
2417,2026-02-11,MAT015,11,ELETRICA
2418,2026-02-18,MAT015,15,SOLDAGEM
2419,2026-02-23,MAT015,5,SOLDAGEM
2420,2026-02-25,MAT015,5,MANUTENCAO
2421,2026-02-25,MAT015,5,ELETRICA
2422,2026-03-04,MAT015,6,MANUTENCAO
2423,2026-03-05,MAT015,5,FABRICACAO
2424,2026-03-12,MAT015,4,MECANICA
2425,2026-03-09,MAT015,4,SOLDAGEM
2426,2026-03-11,MAT015,3,ELETRICA
2427,2026-03-19,MAT015,5,ELETRICA
2428,2026-03-19,MAT015,5,ELETRICA
2429,2026-03-16,MAT015,4,SOLDAGEM
2430,2026-03-26,MAT015,12,MANUTENCAO
2431,2026-04-01,MAT015,7,SOLDAGEM
2432,2026-04-03,MAT015,6,SOLDAGEM
2433,2026-04-10,MAT015,5,ELETRICA
2434,2026-04-06,MAT015,5,FABRICACAO
2435,2026-04-15,MAT015,6,SOLDAGEM
2436,2026-04-14,MAT015,6,SOLDAGEM
2437,2026-04-20,MAT015,9,MANUTENCAO
2438,2026-04-28,MAT015,9,MECANICA
2439,2026-05-04,MAT015,5,FABRICACAO
2440,2026-05-05,MAT015,4,MECANICA
2441,2026-05-11,MAT015,6,MECANICA
2442,2026-05-22,MAT015,13,SOLDAGEM
2443,2026-05-26,MAT015,4,FABRICACAO
2444,2026-05-25,MAT015,4,MECANICA
2445,2026-05-28,MAT015,3,SOLDAGEM
2446,2026-06-01,MAT015,6,ELETRICA
2447,2026-06-03,MAT015,6,MANUTENCAO
2448,2026-06-09,MAT015,6,ELETRICA
2449,2026-06-10,MAT015,6,MECANICA
2450,2026-06-11,MAT015,5,MANUTENCAO
2451,2026-06-15,MAT015,13,MECANICA
2452,2026-06-26,MAT015,9,MECANICA
2453,2026-06-29,MAT015,5,SOLDAGEM
2454,2026-06-29,MAT015,5,FABRICACAO
2455,2026-07-03,MAT015,5,MECANICA
2456,2026-07-09,MAT015,6,SOLDAGEM
2457,2026-07-06,MAT015,5,FABRICACAO
2458,2026-07-13,MAT015,3,ELETRICA
2459,2026-07-16,MAT015,3,MANUTENCAO
2460,2026-07-13,MAT015,3,MANUTENCAO
2461,2026-07-24,MAT015,16,MANUTENCAO
2462,2026-07-29,MAT015,3,SOLDAGEM
2463,2026-07-28,MAT015,2,ELETRICA
2464,2026-07-29,MAT015,2,SOLDAGEM
2465,2026-08-05,MAT015,6,MANUTENCAO
2466,2026-08-03,MAT015,5,MANUTENCAO
2467,2026-08-14,MAT015,11,MANUTENCAO
2468,2026-08-14,MAT015,10,ELETRICA
2469,2026-08-17,MAT015,16,MANUTENCAO
2470,2026-08-24,MAT015,8,MANUTENCAO
2471,2026-08-27,MAT015,8,MECANICA
2472,2026-08-31,MAT015,11,MECANICA
2473,2026-09-08,MAT015,6,ELETRICA
2474,2026-09-07,MAT015,5,MECANICA
2475,2026-09-09,MAT015,5,MANUTENCAO
2476,2024-09-16,MAT016,8,SOLDAGEM
2477,2024-09-19,MAT016,7,MECANICA
2478,2024-09-16,MAT016,7,MECANICA
2479,2024-09-27,MAT016,10,MECANICA
2480,2024-09-23,MAT016,10,MANUTENCAO
2481,2024-09-27,MAT016,9,SOLDAGEM
2482,2024-10-02,MAT016,12,MECANICA
2483,2024-10-04,MAT016,11,MECANICA
2484,2024-10-08,MAT016,21,SOLDAGEM
2485,2024-10-18,MAT016,11,SOLDAGEM
2486,2024-10-25,MAT016,7,MANUTENCAO
2487,2024-10-24,MAT016,7,FABRICACAO
2488,2024-10-24,MAT016,6,MECANICA
2489,2024-10-31,MAT016,7,ELETRICA
2490,2024-10-29,MAT016,6,ELETRICA
2491,2024-10-29,MAT016,6,FABRICACAO
2492,2024-11-08,MAT016,7,ELETRICA
2493,2024-11-05,MAT016,7,SOLDAGEM
2494,2024-11-05,MAT016,7,MANUTENCAO
2495,2024-11-11,MAT016,7,MECANICA
2496,2024-11-13,MAT016,7,MECANICA
2497,2024-11-11,MAT016,7,FABRICACAO
2498,2024-11-20,MAT016,10,FABRICACAO
2499,2024-11-22,MAT016,9,MECANICA
2500,2024-11-25,MAT016,14,MECANICA
2501,2024-11-27,MAT016,14,MANUTENCAO
2502,2024-12-03,MAT016,15,MANUTENCAO
2503,2024-12-03,MAT016,14,ELETRICA
2504,2024-12-09,MAT016,10,FABRICACAO
2505,2024-12-09,MAT016,10,MECANICA
2506,2024-12-17,MAT016,7,SOLDAGEM
2507,2024-12-17,MAT016,7,FABRICACAO
2508,2024-12-24,MAT016,17,ELETRICA
2509,2024-12-30,MAT016,8,MANUTENCAO
2510,2024-12-30,MAT016,8,ELETRICA
2511,2025-01-03,MAT016,7,ELETRICA
2512,2025-01-10,MAT016,6,ELETRICA
2513,2025-01-08,MAT016,6,ELETRICA
2514,2025-01-14,MAT016,7,MECANICA
2515,2025-01-15,MAT016,7,SOLDAGEM
2516,2025-01-21,MAT016,14,MECANICA
2517,2025-01-20,MAT016,13,MANUTENCAO
2518,2025-01-27,MAT016,8,FABRICACAO
2519,2025-01-29,MAT016,8,FABRICACAO
2520,2025-01-27,MAT016,8,FABRICACAO
2521,2025-02-07,MAT016,26,MECANICA
2522,2025-02-10,MAT016,12,FABRICACAO
2523,2025-02-14,MAT016,12,SOLDAGEM
2524,2025-02-18,MAT016,15,MECANICA
2525,2025-02-25,MAT016,20,ELETRICA
2526,2025-03-04,MAT016,13,SOLDAGEM
2527,2025-03-06,MAT016,12,SOLDAGEM
2528,2025-03-11,MAT016,26,SOLDAGEM
2529,2025-03-17,MAT016,13,ELETRICA
2530,2025-03-27,MAT016,9,MECANICA
2531,2025-03-28,MAT016,9,MANUTENCAO
2532,2025-03-27,MAT016,8,MANUTENCAO
2533,2025-03-31,MAT016,21,ELETRICA
2534,2025-04-08,MAT016,21,ELETRICA
2535,2025-04-14,MAT016,25,MANUTENCAO
2536,2025-04-22,MAT016,6,ELETRICA
2537,2025-04-24,MAT016,6,MECANICA
2538,2025-04-23,MAT016,5,MECANICA
2539,2025-04-29,MAT016,11,ELETRICA
2540,2025-05-01,MAT016,11,MECANICA
2541,2025-05-06,MAT016,6,FABRICACAO
2542,2025-05-05,MAT016,5,SOLDAGEM
2543,2025-05-07,MAT016,5,FABRICACAO
2544,2025-05-14,MAT016,14,MECANICA
2545,2025-05-15,MAT016,14,SOLDAGEM
2546,2025-05-23,MAT016,10,FABRICACAO
2547,2025-05-20,MAT016,10,MECANICA
2548,2025-05-28,MAT016,16,MANUTENCAO
2549,2025-06-06,MAT016,15,FABRICACAO
2550,2025-06-04,MAT016,14,MANUTENCAO
2551,2025-06-13,MAT016,10,FABRICACAO
2552,2025-06-11,MAT016,10,FABRICACAO
2553,2025-06-18,MAT016,12,FABRICACAO
2554,2025-06-18,MAT016,11,FABRICACAO
2555,2025-06-23,MAT016,12,FABRICACAO
2556,2025-06-26,MAT016,12,MECANICA
2557,2025-07-02,MAT016,18,MECANICA
2558,2025-07-09,MAT016,29,MANUTENCAO
2559,2025-07-18,MAT016,11,MANUTENCAO
2560,2025-07-17,MAT016,10,FABRICACAO
2561,2025-07-15,MAT016,10,SOLDAGEM
2562,2025-07-24,MAT016,20,ELETRICA
2563,2025-07-29,MAT016,18,MECANICA
2564,2025-08-04,MAT016,23,MECANICA
2565,2025-08-14,MAT016,25,MANUTENCAO
2566,2025-08-18,MAT016,19,ELETRICA
2567,2025-08-27,MAT016,17,SOLDAGEM
2568,2025-09-01,MAT016,8,MANUTENCAO
2569,2025-09-03,MAT016,8,MANUTENCAO
2570,2025-09-11,MAT016,12,MECANICA
2571,2025-09-08,MAT016,11,SOLDAGEM
2572,2025-09-15,MAT016,5,ELETRICA
2573,2025-09-17,MAT016,4,SOLDAGEM
2574,2025-09-15,MAT016,4,ELETRICA
2575,2025-09-25,MAT016,10,FABRICACAO
2576,2025-09-22,MAT016,10,SOLDAGEM
2577,2025-09-23,MAT016,9,SOLDAGEM
2578,2025-10-03,MAT016,8,MECANICA
2579,2025-10-02,MAT016,8,MANUTENCAO
2580,2025-09-29,MAT016,8,MECANICA
2581,2025-10-08,MAT016,8,MANUTENCAO
2582,2025-10-07,MAT016,8,FABRICACAO
2583,2025-10-06,MAT016,8,MANUTENCAO
2584,2025-10-16,MAT016,6,ELETRICA
2585,2025-10-14,MAT016,6,FABRICACAO
2586,2025-10-17,MAT016,5,SOLDAGEM
2587,2025-10-24,MAT016,8,MECANICA
2588,2025-10-22,MAT016,7,ELETRICA
2589,2025-10-29,MAT016,12,SOLDAGEM
2590,2025-10-29,MAT016,12,MECANICA
2591,2025-11-07,MAT016,8,FABRICACAO
2592,2025-11-04,MAT016,8,MECANICA
2593,2025-11-04,MAT016,8,SOLDAGEM
2594,2025-11-11,MAT016,15,ELETRICA
2595,2025-11-10,MAT016,15,MECANICA
2596,2025-11-21,MAT016,13,MANUTENCAO
2597,2025-11-20,MAT016,12,MANUTENCAO
2598,2025-11-27,MAT016,6,MANUTENCAO
2599,2025-11-28,MAT016,6,SOLDAGEM
2600,2025-11-26,MAT016,6,MANUTENCAO
2601,2025-12-03,MAT016,18,ELETRICA
2602,2025-12-08,MAT016,30,FABRICACAO
2603,2025-12-17,MAT016,5,MANUTENCAO
2604,2025-12-16,MAT016,5,ELETRICA
2605,2025-12-15,MAT016,4,MANUTENCAO
2606,2025-12-25,MAT016,5,MECANICA
2607,2025-12-24,MAT016,5,MANUTENCAO
2608,2025-12-24,MAT016,5,ELETRICA
2609,2026-01-01,MAT016,5,MANUTENCAO
2610,2026-01-01,MAT016,4,MECANICA
2611,2025-12-31,MAT016,4,MECANICA
2612,2026-01-09,MAT016,23,ELETRICA
2613,2026-01-14,MAT016,9,MANUTENCAO
2614,2026-01-14,MAT016,9,ELETRICA
2615,2026-01-13,MAT016,9,ELETRICA
2616,2026-01-19,MAT016,6,MECANICA
2617,2026-01-22,MAT016,5,SOLDAGEM
2618,2026-01-19,MAT016,5,SOLDAGEM
2619,2026-01-30,MAT016,20,ELETRICA
2620,2026-02-05,MAT016,7,ELETRICA
2621,2026-02-03,MAT016,7,FABRICACAO
2622,2026-02-06,MAT016,7,SOLDAGEM
2623,2026-02-11,MAT016,23,ELETRICA
2624,2026-02-20,MAT016,6,MECANICA
2625,2026-02-16,MAT016,6,FABRICACAO
2626,2026-02-20,MAT016,5,ELETRICA
2627,2026-02-23,MAT016,12,ELETRICA
2628,2026-02-23,MAT016,12,SOLDAGEM
2629,2026-03-05,MAT016,14,ELETRICA
2630,2026-03-10,MAT016,8,MECANICA
2631,2026-03-11,MAT016,7,MANUTENCAO
2632,2026-03-09,MAT016,7,MANUTENCAO
2633,2026-03-20,MAT016,9,MANUTENCAO
2634,2026-03-20,MAT016,9,SOLDAGEM
2635,2026-03-24,MAT016,21,MECANICA
2636,2026-03-30,MAT016,21,SOLDAGEM
2637,2026-04-09,MAT016,11,FABRICACAO
2638,2026-04-08,MAT016,11,SOLDAGEM
2639,2026-04-13,MAT016,7,SOLDAGEM
2640,2026-04-17,MAT016,6,SOLDAGEM
2641,2026-04-16,MAT016,6,SOLDAGEM
2642,2026-04-23,MAT016,4,FABRICACAO
2643,2026-04-24,MAT016,4,SOLDAGEM
2644,2026-04-24,MAT016,4,MECANICA
2645,2026-04-30,MAT016,10,ELETRICA
2646,2026-05-01,MAT016,10,MANUTENCAO
2647,2026-05-01,MAT016,9,ELETRICA
2648,2026-05-05,MAT016,23,SOLDAGEM
2649,2026-05-14,MAT016,8,MECANICA
2650,2026-05-13,MAT016,8,SOLDAGEM
2651,2026-05-14,MAT016,7,ELETRICA
2652,2026-05-22,MAT016,30,ELETRICA
2653,2026-05-29,MAT016,11,FABRICACAO
2654,2026-06-05,MAT016,13,ELETRICA
2655,2026-06-12,MAT016,8,ELETRICA
2656,2026-06-10,MAT016,8,MECANICA
2657,2026-06-12,MAT016,7,MANUTENCAO
2658,2026-06-15,MAT016,7,MANUTENCAO
2659,2026-06-19,MAT016,7,MECANICA
2660,2026-06-15,MAT016,6,MECANICA
2661,2026-06-26,MAT016,11,FABRICACAO
2662,2026-06-25,MAT016,11,FABRICACAO
2663,2026-07-02,MAT016,12,MECANICA
2664,2026-07-02,MAT016,11,MECANICA
2665,2026-07-08,MAT016,12,SOLDAGEM
2666,2026-07-09,MAT016,11,ELETRICA
2667,2026-07-14,MAT016,6,MANUTENCAO
2668,2026-07-14,MAT016,6,MECANICA
2669,2026-07-17,MAT016,6,FABRICACAO
2670,2026-07-23,MAT016,10,FABRICACAO
2671,2026-07-23,MAT016,9,FABRICACAO
2672,2026-07-28,MAT016,11,SOLDAGEM
2673,2026-07-29,MAT016,11,SOLDAGEM
2674,2026-08-05,MAT016,31,FABRICACAO
2675,2026-08-12,MAT016,6,MECANICA
2676,2026-08-10,MAT016,5,MANUTENCAO
2677,2026-08-12,MAT016,5,SOLDAGEM
2678,2026-08-20,MAT016,12,MECANICA
2679,2026-08-18,MAT016,12,SOLDAGEM
2680,2026-08-25,MAT016,10,MECANICA
2681,2026-08-28,MAT016,10,SOLDAGEM
2682,2026-09-03,MAT016,17,MECANICA
2683,2026-09-02,MAT016,16,SOLDAGEM
2684,2026-09-11,MAT016,11,FABRICACAO
2685,2024-09-16,MAT017,34,SOLDAGEM
2686,2024-09-26,MAT017,10,SOLDAGEM
2687,2024-09-26,MAT017,10,FABRICACAO
2688,2024-10-04,MAT017,29,MECANICA
2689,2024-10-10,MAT017,11,MANUTENCAO
2690,2024-10-11,MAT017,11,MECANICA
2691,2024-10-10,MAT017,10,ELETRICA
2692,2024-10-14,MAT017,16,ELETRICA
2693,2024-10-24,MAT017,23,ELETRICA
2694,2024-10-30,MAT017,15,FABRICACAO
2695,2024-10-30,MAT017,15,ELETRICA
2696,2024-11-06,MAT017,48,MANUTENCAO
2697,2024-11-14,MAT017,10,ELETRICA
2698,2024-11-14,MAT017,9,FABRICACAO
2699,2024-11-12,MAT017,9,SOLDAGEM
2700,2024-11-18,MAT017,4,MANUTENCAO
2701,2024-11-19,MAT017,4,MANUTENCAO
2702,2024-11-21,MAT017,4,MECANICA
2703,2024-11-25,MAT017,12,FABRICACAO
2704,2024-11-25,MAT017,12,MANUTENCAO
2705,2024-12-04,MAT017,15,MECANICA
2706,2024-12-12,MAT017,32,ELETRICA
2707,2024-12-17,MAT017,31,SOLDAGEM
2708,2024-12-27,MAT017,11,SOLDAGEM
2709,2024-12-25,MAT017,11,SOLDAGEM
2710,2024-12-23,MAT017,10,SOLDAGEM
2711,2025-01-02,MAT017,29,ELETRICA
2712,2025-01-10,MAT017,34,ELETRICA
2713,2025-01-15,MAT017,14,ELETRICA
2714,2025-01-15,MAT017,14,MANUTENCAO
2715,2025-01-20,MAT017,29,MANUTENCAO
2716,2025-01-31,MAT017,10,MANUTENCAO
2717,2025-01-28,MAT017,10,ELETRICA
2718,2025-01-29,MAT017,10,MANUTENCAO
2719,2025-02-06,MAT017,9,ELETRICA
2720,2025-02-05,MAT017,9,SOLDAGEM
2721,2025-02-07,MAT017,9,FABRICACAO
2722,2025-02-12,MAT017,17,SOLDAGEM
2723,2025-02-13,MAT017,17,MANUTENCAO
2724,2025-02-17,MAT017,17,FABRICACAO
2725,2025-02-19,MAT017,17,FABRICACAO
2726,2025-02-26,MAT017,28,FABRICACAO
2727,2025-03-06,MAT017,8,MECANICA
2728,2025-03-07,MAT017,8,SOLDAGEM
2729,2025-03-04,MAT017,7,FABRICACAO
2730,2025-03-10,MAT017,13,MECANICA
2731,2025-03-14,MAT017,13,SOLDAGEM
2732,2025-03-17,MAT017,10,FABRICACAO
2733,2025-03-21,MAT017,10,MECANICA
2734,2025-03-25,MAT017,9,MANUTENCAO
2735,2025-03-24,MAT017,9,ELETRICA
2736,2025-03-27,MAT017,9,SOLDAGEM
2737,2025-04-01,MAT017,15,MANUTENCAO
2738,2025-04-01,MAT017,14,SOLDAGEM
2739,2025-04-09,MAT017,11,SOLDAGEM
2740,2025-04-10,MAT017,10,MECANICA
2741,2025-04-17,MAT017,17,MECANICA
2742,2025-04-22,MAT017,12,ELETRICA
2743,2025-04-25,MAT017,12,MANUTENCAO
2744,2025-04-28,MAT017,25,FABRICACAO
2745,2025-05-08,MAT017,13,MECANICA
2746,2025-05-09,MAT017,13,SOLDAGEM
2747,2025-05-06,MAT017,13,FABRICACAO
2748,2025-05-12,MAT017,11,FABRICACAO
2749,2025-05-14,MAT017,11,SOLDAGEM
2750,2025-05-15,MAT017,10,ELETRICA
2751,2025-05-21,MAT017,15,MECANICA
2752,2025-05-20,MAT017,14,SOLDAGEM
2753,2025-05-26,MAT017,27,ELETRICA
2754,2025-06-06,MAT017,15,MECANICA
2755,2025-06-03,MAT017,15,SOLDAGEM
2756,2025-06-10,MAT017,24,SOLDAGEM
2757,2025-06-17,MAT017,14,SOLDAGEM
2758,2025-06-17,MAT017,14,MANUTENCAO
2759,2025-06-27,MAT017,13,MANUTENCAO
2760,2025-06-27,MAT017,12,MECANICA
2761,2025-07-01,MAT017,26,SOLDAGEM
2762,2025-07-10,MAT017,23,ELETRICA
2763,2025-07-15,MAT017,15,ELETRICA
2764,2025-07-17,MAT017,15,SOLDAGEM
2765,2025-07-22,MAT017,11,FABRICACAO
2766,2025-07-21,MAT017,11,FABRICACAO
2767,2025-07-22,MAT017,11,FABRICACAO
2768,2025-07-31,MAT017,12,MANUTENCAO
2769,2025-07-30,MAT017,11,MECANICA
2770,2025-07-31,MAT017,11,ELETRICA
2771,2025-08-06,MAT017,9,MANUTENCAO
2772,2025-08-05,MAT017,8,MECANICA
2773,2025-08-06,MAT017,8,ELETRICA
2774,2025-08-12,MAT017,12,ELETRICA
2775,2025-08-13,MAT017,11,FABRICACAO
2776,2025-08-11,MAT017,11,MANUTENCAO
2777,2025-08-18,MAT017,12,FABRICACAO
2778,2025-08-18,MAT017,11,MANUTENCAO
2779,2025-08-29,MAT017,13,ELETRICA
2780,2025-08-26,MAT017,12,MECANICA
2781,2025-09-04,MAT017,20,ELETRICA
2782,2025-09-04,MAT017,20,ELETRICA
2783,2025-09-10,MAT017,27,MANUTENCAO
2784,2025-09-15,MAT017,12,FABRICACAO
2785,2025-09-19,MAT017,11,FABRICACAO
2786,2025-09-18,MAT017,11,MECANICA
2787,2025-09-24,MAT017,12,ELETRICA
2788,2025-09-25,MAT017,11,MANUTENCAO
2789,2025-09-25,MAT017,11,ELETRICA
2790,2025-10-03,MAT017,32,MECANICA
2791,2025-10-08,MAT017,40,ELETRICA
2792,2025-10-14,MAT017,13,MANUTENCAO
2793,2025-10-15,MAT017,12,SOLDAGEM
2794,2025-10-24,MAT017,25,ELETRICA
2795,2025-10-31,MAT017,14,MANUTENCAO
2796,2025-10-28,MAT017,13,MECANICA
2797,2025-11-05,MAT017,29,FABRICACAO
2798,2025-11-13,MAT017,9,ELETRICA
2799,2025-11-14,MAT017,9,MECANICA
2800,2025-11-12,MAT017,9,FABRICACAO
2801,2025-11-19,MAT017,14,MANUTENCAO
2802,2025-11-18,MAT017,13,SOLDAGEM
2803,2025-11-26,MAT017,9,MANUTENCAO
2804,2025-11-26,MAT017,9,MANUTENCAO
2805,2025-11-28,MAT017,9,MECANICA
2806,2025-12-02,MAT017,28,MANUTENCAO
2807,2025-12-10,MAT017,13,SOLDAGEM
2808,2025-12-12,MAT017,12,MANUTENCAO
2809,2025-12-19,MAT017,9,FABRICACAO
2810,2025-12-16,MAT017,9,MANUTENCAO
2811,2025-12-19,MAT017,9,FABRICACAO
2812,2025-12-26,MAT017,13,SOLDAGEM
2813,2025-12-24,MAT017,13,MECANICA
2814,2025-12-23,MAT017,12,MANUTENCAO
2815,2025-12-30,MAT017,26,ELETRICA
2816,2026-01-05,MAT017,15,MANUTENCAO
2817,2026-01-05,MAT017,15,MANUTENCAO
2818,2026-01-15,MAT017,9,MECANICA
2819,2026-01-15,MAT017,8,SOLDAGEM
2820,2026-01-16,MAT017,8,MANUTENCAO
2821,2026-01-19,MAT017,19,MANUTENCAO
2822,2026-01-29,MAT017,31,MANUTENCAO
2823,2026-02-06,MAT017,6,FABRICACAO
2824,2026-02-04,MAT017,6,MANUTENCAO
2825,2026-02-03,MAT017,5,ELETRICA
2826,2026-02-12,MAT017,16,MANUTENCAO
2827,2026-02-09,MAT017,16,MANUTENCAO
2828,2026-02-19,MAT017,48,MANUTENCAO
2829,2026-02-23,MAT017,5,FABRICACAO
2830,2026-02-23,MAT017,5,MECANICA
2831,2026-02-24,MAT017,5,MANUTENCAO
2832,2026-03-02,MAT017,7,FABRICACAO
2833,2026-03-06,MAT017,7,SOLDAGEM
2834,2026-03-06,MAT017,6,MECANICA
2835,2026-03-10,MAT017,9,ELETRICA
2836,2026-03-09,MAT017,8,MANUTENCAO
2837,2026-03-19,MAT017,13,MECANICA
2838,2026-03-16,MAT017,13,FABRICACAO
2839,2026-03-17,MAT017,13,FABRICACAO
2840,2026-03-25,MAT017,37,FABRICACAO
2841,2026-03-31,MAT017,14,MECANICA
2842,2026-03-30,MAT017,14,FABRICACAO
2843,2026-04-07,MAT017,9,MANUTENCAO
2844,2026-04-08,MAT017,9,SOLDAGEM
2845,2026-04-06,MAT017,8,MECANICA
2846,2026-04-13,MAT017,6,SOLDAGEM
2847,2026-04-14,MAT017,6,FABRICACAO
2848,2026-04-14,MAT017,5,ELETRICA
2849,2026-04-20,MAT017,31,MANUTENCAO
2850,2026-04-30,MAT017,30,SOLDAGEM
2851,2026-05-05,MAT017,10,SOLDAGEM
2852,2026-05-08,MAT017,9,SOLDAGEM
2853,2026-05-05,MAT017,9,ELETRICA
2854,2026-05-11,MAT017,10,MANUTENCAO
2855,2026-05-13,MAT017,9,MECANICA
2856,2026-05-11,MAT017,9,MECANICA
2857,2026-05-20,MAT017,37,MECANICA
2858,2026-05-28,MAT017,6,SOLDAGEM
2859,2026-05-28,MAT017,6,MECANICA
2860,2026-05-26,MAT017,5,MECANICA
2861,2026-06-04,MAT017,3,ELETRICA
2862,2026-06-02,MAT017,2,MECANICA
2863,2026-06-01,MAT017,2,SOLDAGEM
2864,2026-06-10,MAT017,9,SOLDAGEM
2865,2026-06-08,MAT017,8,FABRICACAO
2866,2026-06-10,MAT017,8,FABRICACAO
2867,2026-06-16,MAT017,27,ELETRICA
2868,2026-06-24,MAT017,20,ELETRICA
2869,2026-06-30,MAT017,17,ELETRICA
2870,2026-07-03,MAT017,17,MECANICA
2871,2026-07-08,MAT017,5,ELETRICA
2872,2026-07-07,MAT017,5,MANUTENCAO
2873,2026-07-09,MAT017,5,MECANICA
2874,2026-07-15,MAT017,10,SOLDAGEM
2875,2026-07-16,MAT017,10,FABRICACAO
2876,2026-07-16,MAT017,10,FABRICACAO
2877,2026-07-23,MAT017,6,FABRICACAO
2878,2026-07-21,MAT017,6,ELETRICA
2879,2026-07-27,MAT017,15,MANUTENCAO
2880,2026-07-31,MAT017,14,FABRICACAO
2881,2026-08-06,MAT017,12,MECANICA
2882,2026-08-03,MAT017,12,MANUTENCAO
2883,2026-08-10,MAT017,14,SOLDAGEM
2884,2026-08-13,MAT017,14,MECANICA
2885,2026-08-13,MAT017,13,MECANICA
2886,2026-08-17,MAT017,32,ELETRICA
2887,2026-08-27,MAT017,23,MANUTENCAO
2888,2026-09-03,MAT017,13,MECANICA
2889,2026-08-31,MAT017,12,ELETRICA
2890,2026-09-07,MAT017,20,FABRICACAO
2891,2026-09-09,MAT017,20,FABRICACAO
2892,2024-09-16,MAT018,3,SOLDAGEM
2893,2024-09-16,MAT018,2,ELETRICA
2894,2024-09-23,MAT018,2,SOLDAGEM
2895,2024-09-27,MAT018,1,MANUTENCAO
2896,2024-09-23,MAT018,1,ELETRICA
2897,2024-10-03,MAT018,2,SOLDAGEM
2898,2024-10-01,MAT018,2,MECANICA
2899,2024-10-08,MAT018,3,MANUTENCAO
2900,2024-10-10,MAT018,3,FABRICACAO
2901,2024-10-14,MAT018,3,FABRICACAO
2902,2024-10-16,MAT018,2,FABRICACAO
2903,2024-10-23,MAT018,2,SOLDAGEM
2904,2024-10-30,MAT018,2,FABRICACAO
2905,2024-10-31,MAT018,2,MANUTENCAO
2906,2024-11-05,MAT018,6,SOLDAGEM
2907,2024-11-13,MAT018,2,FABRICACAO
2908,2024-11-22,MAT018,1,ELETRICA
2909,2024-11-29,MAT018,2,FABRICACAO
2910,2024-12-03,MAT018,2,MECANICA
2911,2024-12-09,MAT018,2,ELETRICA
2912,2024-12-11,MAT018,2,FABRICACAO
2913,2024-12-16,MAT018,3,FABRICACAO
2914,2024-12-23,MAT018,3,MANUTENCAO
2915,2025-01-03,MAT018,4,MECANICA
2916,2025-01-07,MAT018,2,SOLDAGEM
2917,2025-01-06,MAT018,1,ELETRICA
2918,2025-01-06,MAT018,1,SOLDAGEM
2919,2025-01-14,MAT018,3,SOLDAGEM
2920,2025-01-24,MAT018,2,MECANICA
2921,2025-01-24,MAT018,1,MANUTENCAO
2922,2025-01-24,MAT018,1,FABRICACAO
2923,2025-01-31,MAT018,3,FABRICACAO
2924,2025-02-05,MAT018,4,MECANICA
2925,2025-02-14,MAT018,2,MANUTENCAO
2926,2025-02-10,MAT018,2,MANUTENCAO
2927,2025-02-17,MAT018,1,MANUTENCAO
2928,2025-02-21,MAT018,1,FABRICACAO
2929,2025-02-17,MAT018,1,SOLDAGEM
2930,2025-02-24,MAT018,2,MANUTENCAO
2931,2025-02-24,MAT018,2,SOLDAGEM
2932,2025-02-27,MAT018,1,MECANICA
2933,2025-03-03,MAT018,4,MECANICA
2934,2025-03-13,MAT018,2,MECANICA
2935,2025-03-11,MAT018,2,MECANICA
2936,2025-03-21,MAT018,3,ELETRICA
2937,2025-03-17,MAT018,2,FABRICACAO
2938,2025-03-28,MAT018,4,SOLDAGEM
2939,2025-04-02,MAT018,2,MECANICA
2940,2025-04-04,MAT018,2,ELETRICA
2941,2025-04-11,MAT018,2,MECANICA
2942,2025-04-07,MAT018,2,MANUTENCAO
2943,2025-04-10,MAT018,1,SOLDAGEM
2944,2025-04-17,MAT018,1,SOLDAGEM
2945,2025-04-16,MAT018,1,ELETRICA
2946,2025-04-18,MAT018,1,SOLDAGEM
2947,2025-04-24,MAT018,2,ELETRICA
2948,2025-04-21,MAT018,1,MANUTENCAO
2949,2025-04-28,MAT018,3,SOLDAGEM
2950,2025-04-28,MAT018,2,MECANICA
2951,2025-05-02,MAT018,2,MANUTENCAO
2952,2025-05-09,MAT018,3,ELETRICA
2953,2025-05-12,MAT018,3,FABRICACAO
2954,2025-05-22,MAT018,2,ELETRICA
2955,2025-05-21,MAT018,2,MECANICA
2956,2025-06-05,MAT018,2,ELETRICA
2957,2025-06-03,MAT018,2,MANUTENCAO
2958,2025-06-10,MAT018,2,MANUTENCAO
2959,2025-06-18,MAT018,1,SOLDAGEM
2960,2025-06-18,MAT018,1,MANUTENCAO
2961,2025-06-17,MAT018,1,FABRICACAO
2962,2025-06-24,MAT018,2,FABRICACAO
2963,2025-06-25,MAT018,1,FABRICACAO
2964,2025-07-01,MAT018,1,SOLDAGEM
2965,2025-07-02,MAT018,1,FABRICACAO
2966,2025-07-01,MAT018,1,FABRICACAO
2967,2025-07-09,MAT018,6,ELETRICA
2968,2025-07-18,MAT018,5,SOLDAGEM
2969,2025-07-25,MAT018,2,MECANICA
2970,2025-07-25,MAT018,2,ELETRICA
2971,2025-07-30,MAT018,2,FABRICACAO
2972,2025-08-07,MAT018,2,MECANICA
2973,2025-08-08,MAT018,2,MANUTENCAO
2974,2025-08-07,MAT018,1,SOLDAGEM
2975,2025-08-15,MAT018,3,FABRICACAO
2976,2025-08-12,MAT018,2,SOLDAGEM
2977,2025-08-20,MAT018,3,ELETRICA
2978,2025-08-25,MAT018,2,MECANICA
2979,2025-08-29,MAT018,1,FABRICACAO
2980,2025-09-05,MAT018,2,ELETRICA
2981,2025-09-02,MAT018,1,MECANICA
2982,2025-09-03,MAT018,1,SOLDAGEM
2983,2025-09-08,MAT018,3,MECANICA
2984,2025-09-15,MAT018,4,SOLDAGEM
2985,2025-09-26,MAT018,2,SOLDAGEM
2986,2025-09-25,MAT018,2,SOLDAGEM
2987,2025-09-23,MAT018,1,SOLDAGEM
2988,2025-09-30,MAT018,4,ELETRICA
2989,2025-10-06,MAT018,2,ELETRICA
2990,2025-10-07,MAT018,1,MECANICA
2991,2025-10-13,MAT018,2,MANUTENCAO
2992,2025-10-17,MAT018,2,FABRICACAO
2993,2025-10-24,MAT018,4,ELETRICA
2994,2025-10-27,MAT018,2,FABRICACAO
2995,2025-10-30,MAT018,1,ELETRICA
2996,2025-11-04,MAT018,3,MECANICA
2997,2025-11-13,MAT018,2,FABRICACAO
2998,2025-11-10,MAT018,1,MANUTENCAO
2999,2025-11-19,MAT018,2,ELETRICA
3000,2025-11-24,MAT018,5,MANUTENCAO
3001,2025-12-01,MAT018,3,MANUTENCAO
3002,2025-12-08,MAT018,2,SOLDAGEM
3003,2025-12-10,MAT018,2,MECANICA
3004,2025-12-08,MAT018,1,SOLDAGEM
3005,2025-12-18,MAT018,2,FABRICACAO
3006,2025-12-17,MAT018,2,FABRICACAO
3007,2025-12-26,MAT018,1,MANUTENCAO
3008,2025-12-22,MAT018,1,FABRICACAO
3009,2025-12-23,MAT018,1,SOLDAGEM
3010,2026-01-01,MAT018,2,MANUTENCAO
3011,2025-12-30,MAT018,1,MECANICA
3012,2026-01-07,MAT018,2,MECANICA
3013,2026-01-06,MAT018,2,MANUTENCAO
3014,2026-01-12,MAT018,3,SOLDAGEM
3015,2026-01-23,MAT018,3,MANUTENCAO
3016,2026-01-23,MAT018,2,FABRICACAO
3017,2026-01-26,MAT018,4,FABRICACAO
3018,2026-02-05,MAT018,3,SOLDAGEM
3019,2026-02-02,MAT018,2,FABRICACAO
3020,2026-02-06,MAT018,2,SOLDAGEM
3021,2026-02-11,MAT018,5,MECANICA
3022,2026-02-19,MAT018,2,ELETRICA
3023,2026-02-20,MAT018,2,ELETRICA
3024,2026-02-23,MAT018,2,MANUTENCAO
3025,2026-03-04,MAT018,2,FABRICACAO
3026,2026-03-10,MAT018,2,MECANICA
3027,2026-03-17,MAT018,3,ELETRICA
3028,2026-03-24,MAT018,2,MECANICA
3029,2026-03-27,MAT018,2,MECANICA
3030,2026-03-30,MAT018,1,MECANICA
3031,2026-04-09,MAT018,4,ELETRICA
3032,2026-04-14,MAT018,6,MECANICA
3033,2026-04-22,MAT018,4,FABRICACAO
3034,2026-04-30,MAT018,3,ELETRICA
3035,2026-04-30,MAT018,2,FABRICACAO
3036,2026-04-27,MAT018,2,MECANICA
3037,2026-05-07,MAT018,2,FABRICACAO
3038,2026-05-11,MAT018,6,ELETRICA
3039,2026-05-20,MAT018,2,SOLDAGEM
3040,2026-05-20,MAT018,2,SOLDAGEM
3041,2026-05-21,MAT018,1,MECANICA
3042,2026-05-29,MAT018,2,MECANICA
3043,2026-05-28,MAT018,1,MANUTENCAO
3044,2026-05-29,MAT018,1,MECANICA
3045,2026-06-01,MAT018,2,MECANICA
3046,2026-06-03,MAT018,2,MANUTENCAO
3047,2026-06-02,MAT018,1,ELETRICA
3048,2026-06-11,MAT018,2,SOLDAGEM
3049,2026-06-12,MAT018,2,FABRICACAO
3050,2026-06-15,MAT018,7,MANUTENCAO
3051,2026-06-24,MAT018,4,MANUTENCAO
3052,2026-06-30,MAT018,2,MECANICA
3053,2026-07-10,MAT018,2,SOLDAGEM
3054,2026-07-17,MAT018,2,MECANICA
3055,2026-07-13,MAT018,2,MANUTENCAO
3056,2026-07-20,MAT018,5,MECANICA
3057,2026-07-30,MAT018,3,MECANICA
3058,2026-07-27,MAT018,3,MANUTENCAO
3059,2026-08-06,MAT018,5,SOLDAGEM
3060,2026-08-13,MAT018,3,MECANICA
3061,2026-08-18,MAT018,1,SOLDAGEM
3062,2026-08-18,MAT018,1,MANUTENCAO
3063,2026-08-21,MAT018,1,SOLDAGEM
3064,2026-08-28,MAT018,3,SOLDAGEM
3065,2026-08-24,MAT018,3,SOLDAGEM
3066,2026-08-31,MAT018,7,MANUTENCAO
3067,2026-09-08,MAT018,2,SOLDAGEM
3068,2026-09-09,MAT018,1,ELETRICA
3069,2024-09-16,MAT019,2,FABRICACAO
3070,2024-09-18,MAT019,2,FABRICACAO
3071,2024-09-16,MAT019,1,FABRICACAO
3072,2024-09-23,MAT019,7,FABRICACAO
3073,2024-10-04,MAT019,7,MANUTENCAO
3074,2024-10-10,MAT019,11,FABRICACAO
3075,2024-10-18,MAT019,9,ELETRICA
3076,2024-10-21,MAT019,11,MECANICA
3077,2024-11-01,MAT019,11,SOLDAGEM
3078,2024-11-08,MAT019,4,MANUTENCAO
3079,2024-11-12,MAT019,11,FABRICACAO
3080,2024-11-20,MAT019,4,ELETRICA
3081,2024-11-21,MAT019,4,SOLDAGEM
3082,2024-11-18,MAT019,3,FABRICACAO
3083,2024-11-25,MAT019,14,FABRICACAO
3084,2024-12-06,MAT019,4,MECANICA
3085,2024-12-05,MAT019,4,FABRICACAO
3086,2024-12-05,MAT019,4,FABRICACAO
3087,2024-12-13,MAT019,2,SOLDAGEM
3088,2024-12-12,MAT019,2,MANUTENCAO
3089,2024-12-11,MAT019,1,ELETRICA
3090,2024-12-17,MAT019,3,FABRICACAO
3091,2024-12-17,MAT019,3,MECANICA
3092,2024-12-26,MAT019,5,FABRICACAO
3093,2024-12-27,MAT019,4,MANUTENCAO
3094,2024-12-27,MAT019,4,SOLDAGEM
3095,2025-01-02,MAT019,2,MECANICA
3096,2024-12-31,MAT019,2,MANUTENCAO
3097,2024-12-31,MAT019,2,FABRICACAO
3098,2025-01-06,MAT019,5,MANUTENCAO
3099,2025-01-10,MAT019,4,ELETRICA
3100,2025-01-16,MAT019,4,SOLDAGEM
3101,2025-01-16,MAT019,3,MECANICA
3102,2025-01-15,MAT019,3,FABRICACAO
3103,2025-01-24,MAT019,2,MECANICA
3104,2025-01-21,MAT019,2,MECANICA
3105,2025-01-21,MAT019,2,ELETRICA
3106,2025-01-27,MAT019,6,SOLDAGEM
3107,2025-02-03,MAT019,3,ELETRICA
3108,2025-02-04,MAT019,3,SOLDAGEM
3109,2025-02-03,MAT019,2,ELETRICA
3110,2025-02-13,MAT019,4,ELETRICA
3111,2025-02-10,MAT019,4,SOLDAGEM
3112,2025-02-12,MAT019,4,MANUTENCAO
3113,2025-02-20,MAT019,5,FABRICACAO
3114,2025-02-18,MAT019,4,FABRICACAO
3115,2025-02-24,MAT019,7,ELETRICA
3116,2025-02-27,MAT019,6,MANUTENCAO
3117,2025-03-07,MAT019,7,ELETRICA
3118,2025-03-12,MAT019,8,ELETRICA
3119,2025-03-17,MAT019,8,MANUTENCAO
3120,2025-03-25,MAT019,4,ELETRICA
3121,2025-03-28,MAT019,3,MECANICA
3122,2025-04-01,MAT019,5,SOLDAGEM
3123,2025-04-03,MAT019,4,MECANICA
3124,2025-04-10,MAT019,3,ELETRICA
3125,2025-04-10,MAT019,3,FABRICACAO
3126,2025-04-08,MAT019,2,MECANICA
3127,2025-04-14,MAT019,4,ELETRICA
3128,2025-04-17,MAT019,3,SOLDAGEM
3129,2025-04-24,MAT019,3,MANUTENCAO
3130,2025-04-24,MAT019,2,ELETRICA
3131,2025-04-23,MAT019,2,SOLDAGEM
3132,2025-05-01,MAT019,2,MANUTENCAO
3133,2025-04-28,MAT019,1,MANUTENCAO
3134,2025-04-28,MAT019,1,SOLDAGEM
3135,2025-05-05,MAT019,5,SOLDAGEM
3136,2025-05-16,MAT019,3,MECANICA
3137,2025-05-15,MAT019,2,FABRICACAO
3138,2025-05-23,MAT019,3,SOLDAGEM
3139,2025-05-19,MAT019,2,FABRICACAO
3140,2025-05-29,MAT019,2,SOLDAGEM
3141,2025-05-28,MAT019,2,FABRICACAO
3142,2025-06-03,MAT019,5,MANUTENCAO
3143,2025-06-13,MAT019,2,SOLDAGEM
3144,2025-06-20,MAT019,3,ELETRICA
3145,2025-06-18,MAT019,2,MANUTENCAO
3146,2025-06-16,MAT019,2,ELETRICA
3147,2025-06-24,MAT019,4,SOLDAGEM
3148,2025-06-26,MAT019,4,FABRICACAO
3149,2025-06-25,MAT019,3,FABRICACAO
3150,2025-06-30,MAT019,5,SOLDAGEM
3151,2025-07-10,MAT019,4,MANUTENCAO
3152,2025-07-07,MAT019,3,FABRICACAO
3153,2025-07-18,MAT019,7,FABRICACAO
3154,2025-07-23,MAT019,2,SOLDAGEM
3155,2025-07-22,MAT019,1,SOLDAGEM
3156,2025-08-01,MAT019,3,SOLDAGEM
3157,2025-07-30,MAT019,2,FABRICACAO
3158,2025-07-30,MAT019,2,FABRICACAO
3159,2025-08-04,MAT019,4,ELETRICA
3160,2025-08-08,MAT019,4,ELETRICA
3161,2025-08-12,MAT019,9,MECANICA
3162,2025-08-19,MAT019,1,FABRICACAO
3163,2025-08-29,MAT019,2,SOLDAGEM
3164,2025-08-26,MAT019,2,MECANICA
3165,2025-08-27,MAT019,2,ELETRICA
3166,2025-09-03,MAT019,6,ELETRICA
3167,2025-09-03,MAT019,5,FABRICACAO
3168,2025-09-10,MAT019,7,MECANICA
3169,2025-09-15,MAT019,10,MECANICA
3170,2025-09-22,MAT019,3,MECANICA
3171,2025-09-22,MAT019,2,MECANICA
3172,2025-09-23,MAT019,2,ELETRICA
3173,2025-10-09,MAT019,3,SOLDAGEM
3174,2025-10-08,MAT019,3,ELETRICA
3175,2025-10-14,MAT019,5,FABRICACAO
3176,2025-10-13,MAT019,4,MANUTENCAO
3177,2025-10-21,MAT019,11,SOLDAGEM
3178,2025-10-27,MAT019,9,MECANICA
3179,2025-11-07,MAT019,2,FABRICACAO
3180,2025-11-05,MAT019,2,MECANICA
3181,2025-11-12,MAT019,4,MANUTENCAO
3182,2025-11-13,MAT019,4,ELETRICA
3183,2025-11-10,MAT019,4,MANUTENCAO
3184,2025-11-20,MAT019,5,SOLDAGEM
3185,2025-11-24,MAT019,15,SOLDAGEM
3186,2025-12-01,MAT019,3,ELETRICA
3187,2025-12-01,MAT019,3,SOLDAGEM
3188,2025-12-01,MAT019,2,SOLDAGEM
3189,2025-12-11,MAT019,6,FABRICACAO
3190,2025-12-08,MAT019,5,MECANICA
3191,2025-12-16,MAT019,5,MANUTENCAO
3192,2025-12-18,MAT019,5,FABRICACAO
3193,2025-12-26,MAT019,5,MANUTENCAO
3194,2025-12-23,MAT019,4,MECANICA
3195,2025-12-23,MAT019,4,ELETRICA
3196,2025-12-30,MAT019,4,ELETRICA
3197,2025-12-29,MAT019,4,SOLDAGEM
3198,2025-12-31,MAT019,3,FABRICACAO
3199,2026-01-08,MAT019,3,SOLDAGEM
3200,2026-01-09,MAT019,3,MECANICA
3201,2026-01-05,MAT019,2,ELETRICA
3202,2026-01-16,MAT019,7,SOLDAGEM
3203,2026-01-13,MAT019,7,MANUTENCAO
3204,2026-01-23,MAT019,5,FABRICACAO
3205,2026-01-23,MAT019,5,ELETRICA
3206,2026-01-27,MAT019,5,ELETRICA
3207,2026-01-27,MAT019,4,MANUTENCAO
3208,2026-02-04,MAT019,1,FABRICACAO
3209,2026-02-09,MAT019,3,SOLDAGEM
3210,2026-02-11,MAT019,3,MECANICA
3211,2026-02-10,MAT019,2,MANUTENCAO
3212,2026-02-18,MAT019,9,MANUTENCAO
3213,2026-02-26,MAT019,3,MECANICA
3214,2026-02-24,MAT019,3,ELETRICA
3215,2026-03-05,MAT019,12,MECANICA
3216,2026-03-09,MAT019,4,FABRICACAO
3217,2026-03-11,MAT019,3,MECANICA
3218,2026-03-18,MAT019,6,ELETRICA
3219,2026-03-24,MAT019,6,MECANICA
3220,2026-03-31,MAT019,2,MANUTENCAO
3221,2026-04-03,MAT019,1,SOLDAGEM
3222,2026-04-02,MAT019,1,MECANICA
3223,2026-04-09,MAT019,4,FABRICACAO
3224,2026-04-10,MAT019,4,MECANICA
3225,2026-04-14,MAT019,3,MANUTENCAO
3226,2026-04-14,MAT019,3,MANUTENCAO
3227,2026-04-21,MAT019,6,MANUTENCAO
3228,2026-04-27,MAT019,3,MANUTENCAO
3229,2026-04-27,MAT019,3,MANUTENCAO
3230,2026-05-08,MAT019,2,ELETRICA
3231,2026-05-05,MAT019,2,FABRICACAO
3232,2026-05-06,MAT019,1,MANUTENCAO
3233,2026-05-13,MAT019,4,MECANICA
3234,2026-05-11,MAT019,4,MECANICA
3235,2026-05-22,MAT019,2,MANUTENCAO
3236,2026-05-27,MAT019,4,MECANICA
3237,2026-05-25,MAT019,3,SOLDAGEM
3238,2026-05-28,MAT019,3,ELETRICA
3239,2026-06-01,MAT019,2,SOLDAGEM
3240,2026-06-01,MAT019,2,SOLDAGEM
3241,2026-06-04,MAT019,1,SOLDAGEM
3242,2026-06-11,MAT019,2,MECANICA
3243,2026-06-10,MAT019,2,ELETRICA
3244,2026-06-08,MAT019,1,MECANICA
3245,2026-06-18,MAT019,9,MECANICA
3246,2026-06-22,MAT019,10,FABRICACAO
3247,2026-07-03,MAT019,4,SOLDAGEM
3248,2026-07-03,MAT019,3,ELETRICA
3249,2026-07-08,MAT019,2,FABRICACAO
3250,2026-07-07,MAT019,1,MANUTENCAO
3251,2026-07-16,MAT019,2,SOLDAGEM
3252,2026-07-21,MAT019,2,SOLDAGEM
3253,2026-07-20,MAT019,2,SOLDAGEM
3254,2026-07-28,MAT019,7,MANUTENCAO
3255,2026-08-05,MAT019,4,SOLDAGEM
3256,2026-08-04,MAT019,4,SOLDAGEM
3257,2026-08-12,MAT019,3,MECANICA
3258,2026-08-13,MAT019,3,FABRICACAO
3259,2026-08-19,MAT019,3,SOLDAGEM
3260,2026-08-19,MAT019,2,MANUTENCAO
3261,2026-08-26,MAT019,3,FABRICACAO
3262,2026-08-28,MAT019,2,MANUTENCAO
3263,2026-09-03,MAT019,3,ELETRICA
3264,2026-08-31,MAT019,2,ELETRICA
3265,2026-08-31,MAT019,2,ELETRICA
3266,2026-09-07,MAT019,4,ELETRICA
3267,2026-09-10,MAT019,4,ELETRICA
3268,2024-09-18,MAT020,16,MECANICA
3269,2024-09-17,MAT020,15,MECANICA
3270,2024-09-19,MAT020,15,FABRICACAO
3271,2024-09-25,MAT020,37,SOLDAGEM
3272,2024-09-27,MAT020,36,MANUTENCAO
3273,2024-09-30,MAT020,42,MANUTENCAO
3274,2024-10-09,MAT020,67,MANUTENCAO
3275,2024-10-18,MAT020,37,FABRICACAO
3276,2024-10-15,MAT020,36,MECANICA
3277,2024-10-25,MAT020,26,SOLDAGEM
3278,2024-10-21,MAT020,25,FABRICACAO
3279,2024-10-31,MAT020,59,ELETRICA
3280,2024-11-07,MAT020,16,SOLDAGEM
3281,2024-11-06,MAT020,16,MECANICA
3282,2024-11-05,MAT020,15,MECANICA
3283,2024-11-14,MAT020,22,MANUTENCAO
3284,2024-11-14,MAT020,22,ELETRICA
3285,2024-11-18,MAT020,19,MECANICA
3286,2024-11-18,MAT020,18,SOLDAGEM
3287,2024-11-21,MAT020,18,FABRICACAO
3288,2024-11-28,MAT020,50,FABRICACAO
3289,2024-12-04,MAT020,24,SOLDAGEM
3290,2024-12-03,MAT020,24,MANUTENCAO
3291,2024-12-13,MAT020,24,MANUTENCAO
3292,2024-12-10,MAT020,24,MANUTENCAO
3293,2024-12-18,MAT020,21,MECANICA
3294,2024-12-20,MAT020,21,FABRICACAO
3295,2024-12-17,MAT020,21,MECANICA
3296,2024-12-26,MAT020,45,MANUTENCAO
3297,2025-01-02,MAT020,14,MANUTENCAO
3298,2025-01-03,MAT020,14,SOLDAGEM
3299,2024-12-31,MAT020,14,MECANICA
3300,2025-01-08,MAT020,18,SOLDAGEM
3301,2025-01-08,MAT020,18,ELETRICA
3302,2025-01-17,MAT020,23,MECANICA
3303,2025-01-17,MAT020,22,MECANICA
3304,2025-01-24,MAT020,14,ELETRICA
3305,2025-01-22,MAT020,14,MECANICA
3306,2025-01-24,MAT020,13,SOLDAGEM
3307,2025-01-29,MAT020,47,MECANICA
3308,2025-02-04,MAT020,61,ELETRICA
3309,2025-02-11,MAT020,17,ELETRICA
3310,2025-02-11,MAT020,16,SOLDAGEM
3311,2025-02-19,MAT020,15,FABRICACAO
3312,2025-02-18,MAT020,14,MECANICA
3313,2025-02-17,MAT020,14,ELETRICA
3314,2025-02-26,MAT020,25,FABRICACAO
3315,2025-02-28,MAT020,25,FABRICACAO
3316,2025-03-04,MAT020,18,MECANICA
3317,2025-03-04,MAT020,18,ELETRICA
3318,2025-03-07,MAT020,17,SOLDAGEM
3319,2025-03-13,MAT020,25,ELETRICA
3320,2025-03-14,MAT020,24,MANUTENCAO
3321,2025-03-20,MAT020,47,MECANICA
3322,2025-03-26,MAT020,20,SOLDAGEM
3323,2025-03-25,MAT020,20,MECANICA
3324,2025-03-28,MAT020,19,SOLDAGEM
3325,2025-04-02,MAT020,53,ELETRICA
3326,2025-04-09,MAT020,54,MANUTENCAO
3327,2025-04-15,MAT020,54,MECANICA
3328,2025-04-24,MAT020,18,MECANICA
3329,2025-04-21,MAT020,18,ELETRICA
3330,2025-04-25,MAT020,18,MECANICA
3331,2025-05-02,MAT020,20,FABRICACAO
3332,2025-05-01,MAT020,20,SOLDAGEM
3333,2025-05-01,MAT020,19,MANUTENCAO
3334,2025-05-05,MAT020,15,FABRICACAO
3335,2025-05-05,MAT020,14,ELETRICA
3336,2025-05-08,MAT020,14,FABRICACAO
3337,2025-05-12,MAT020,46,SOLDAGEM
3338,2025-05-21,MAT020,62,MANUTENCAO
3339,2025-05-26,MAT020,37,SOLDAGEM
3340,2025-05-29,MAT020,37,MECANICA
3341,2025-06-04,MAT020,67,SOLDAGEM
3342,2025-06-09,MAT020,29,MANUTENCAO
3343,2025-06-11,MAT020,28,FABRICACAO
3344,2025-06-20,MAT020,9,SOLDAGEM
3345,2025-06-20,MAT020,9,FABRICACAO
3346,2025-06-18,MAT020,9,MANUTENCAO
3347,2025-06-25,MAT020,58,MANUTENCAO
3348,2025-07-04,MAT020,47,ELETRICA
3349,2025-07-08,MAT020,31,SOLDAGEM
3350,2025-07-08,MAT020,30,FABRICACAO
3351,2025-07-16,MAT020,67,MECANICA
3352,2025-07-24,MAT020,16,SOLDAGEM
3353,2025-07-25,MAT020,16,SOLDAGEM
3354,2025-07-25,MAT020,15,MANUTENCAO
3355,2025-07-30,MAT020,28,MANUTENCAO
3356,2025-07-30,MAT020,27,SOLDAGEM
3357,2025-08-08,MAT020,15,MANUTENCAO
3358,2025-08-05,MAT020,15,SOLDAGEM
3359,2025-08-05,MAT020,15,FABRICACAO
3360,2025-08-15,MAT020,30,ELETRICA
3361,2025-08-12,MAT020,29,SOLDAGEM
3362,2025-08-20,MAT020,17,MANUTENCAO
3363,2025-08-18,MAT020,17,MANUTENCAO
3364,2025-08-19,MAT020,17,SOLDAGEM
3365,2025-08-29,MAT020,19,FABRICACAO
3366,2025-08-26,MAT020,19,FABRICACAO
3367,2025-08-27,MAT020,19,MANUTENCAO
3368,2025-09-02,MAT020,61,MANUTENCAO
3369,2025-09-08,MAT020,58,ELETRICA
3370,2025-09-19,MAT020,24,SOLDAGEM
3371,2025-09-17,MAT020,23,MANUTENCAO
3372,2025-09-25,MAT020,19,SOLDAGEM
3373,2025-09-25,MAT020,19,SOLDAGEM
3374,2025-09-23,MAT020,18,FABRICACAO
3375,2025-10-01,MAT020,22,ELETRICA
3376,2025-09-30,MAT020,22,FABRICACAO
3377,2025-10-07,MAT020,23,ELETRICA
3378,2025-10-09,MAT020,23,ELETRICA
3379,2025-10-07,MAT020,23,ELETRICA
3380,2025-10-14,MAT020,21,ELETRICA
3381,2025-10-16,MAT020,21,MECANICA
3382,2025-10-16,MAT020,20,MANUTENCAO
3383,2025-10-20,MAT020,20,MANUTENCAO
3384,2025-10-24,MAT020,20,SOLDAGEM
3385,2025-10-21,MAT020,20,FABRICACAO
3386,2025-10-31,MAT020,19,FABRICACAO
3387,2025-10-30,MAT020,18,ELETRICA
3388,2025-11-06,MAT020,17,FABRICACAO
3389,2025-11-04,MAT020,16,SOLDAGEM
3390,2025-11-03,MAT020,16,SOLDAGEM
3391,2025-11-11,MAT020,17,ELETRICA
3392,2025-11-11,MAT020,16,ELETRICA
3393,2025-11-12,MAT020,16,ELETRICA
3394,2025-11-18,MAT020,49,MANUTENCAO
3395,2025-11-26,MAT020,18,MANUTENCAO
3396,2025-11-25,MAT020,17,FABRICACAO
3397,2025-11-24,MAT020,17,ELETRICA
3398,2025-12-04,MAT020,21,MECANICA
3399,2025-12-01,MAT020,21,FABRICACAO
3400,2025-12-04,MAT020,20,ELETRICA
3401,2025-12-09,MAT020,24,FABRICACAO
3402,2025-12-11,MAT020,23,ELETRICA
3403,2025-12-18,MAT020,43,SOLDAGEM
3404,2025-12-26,MAT020,49,FABRICACAO
3405,2026-01-02,MAT020,18,ELETRICA
3406,2026-01-02,MAT020,18,SOLDAGEM
3407,2026-01-02,MAT020,18,FABRICACAO
3408,2026-01-06,MAT020,32,ELETRICA
3409,2026-01-07,MAT020,31,FABRICACAO
3410,2026-01-16,MAT020,24,FABRICACAO
3411,2026-01-12,MAT020,23,SOLDAGEM
3412,2026-01-19,MAT020,21,FABRICACAO
3413,2026-01-20,MAT020,20,SOLDAGEM
3414,2026-01-29,MAT020,16,FABRICACAO
3415,2026-01-27,MAT020,15,MECANICA
3416,2026-01-27,MAT020,15,MECANICA
3417,2026-02-06,MAT020,20,FABRICACAO
3418,2026-02-05,MAT020,20,MANUTENCAO
3419,2026-02-03,MAT020,20,SOLDAGEM
3420,2026-02-10,MAT020,21,MECANICA
3421,2026-02-10,MAT020,20,FABRICACAO
3422,2026-02-09,MAT020,20,MECANICA
3423,2026-02-18,MAT020,11,ELETRICA
3424,2026-02-20,MAT020,11,MANUTENCAO
3425,2026-02-19,MAT020,10,SOLDAGEM
3426,2026-02-25,MAT020,21,MANUTENCAO
3427,2026-02-23,MAT020,21,MANUTENCAO
3428,2026-02-27,MAT020,21,FABRICACAO
3429,2026-03-04,MAT020,40,FABRICACAO
3430,2026-03-09,MAT020,19,FABRICACAO
3431,2026-03-10,MAT020,19,MECANICA
3432,2026-03-12,MAT020,19,MANUTENCAO
3433,2026-03-16,MAT020,27,MANUTENCAO
3434,2026-03-18,MAT020,27,SOLDAGEM
3435,2026-03-23,MAT020,31,MECANICA
3436,2026-03-27,MAT020,31,SOLDAGEM
3437,2026-03-30,MAT020,27,ELETRICA
3438,2026-04-03,MAT020,26,ELETRICA
3439,2026-04-08,MAT020,16,SOLDAGEM
3440,2026-04-10,MAT020,16,FABRICACAO
3441,2026-04-07,MAT020,15,MECANICA
3442,2026-04-13,MAT020,39,MANUTENCAO
3443,2026-04-23,MAT020,27,SOLDAGEM
3444,2026-04-21,MAT020,26,MANUTENCAO
3445,2026-04-29,MAT020,26,FABRICACAO
3446,2026-04-28,MAT020,26,MECANICA
3447,2026-05-05,MAT020,36,MECANICA
3448,2026-05-05,MAT020,36,ELETRICA
3449,2026-05-15,MAT020,29,SOLDAGEM
3450,2026-05-14,MAT020,29,MECANICA
3451,2026-05-22,MAT020,22,MANUTENCAO
3452,2026-05-20,MAT020,22,ELETRICA
3453,2026-05-22,MAT020,22,MECANICA
3454,2026-05-27,MAT020,31,MANUTENCAO
3455,2026-05-25,MAT020,30,ELETRICA
3456,2026-06-03,MAT020,78,FABRICACAO
3457,2026-06-11,MAT020,19,ELETRICA
3458,2026-06-11,MAT020,19,FABRICACAO
3459,2026-06-12,MAT020,18,ELETRICA
3460,2026-06-19,MAT020,72,MECANICA
3461,2026-06-22,MAT020,62,SOLDAGEM
3462,2026-06-29,MAT020,83,FABRICACAO
3463,2026-07-09,MAT020,32,MECANICA
3464,2026-07-06,MAT020,31,MECANICA
3465,2026-07-17,MAT020,72,MANUTENCAO
3466,2026-07-21,MAT020,27,MANUTENCAO
3467,2026-07-21,MAT020,27,MECANICA
3468,2026-07-20,MAT020,27,MECANICA
3469,2026-07-29,MAT020,45,MECANICA
3470,2026-07-31,MAT020,45,SOLDAGEM
3471,2026-08-05,MAT020,21,SOLDAGEM
3472,2026-08-07,MAT020,20,ELETRICA
3473,2026-08-05,MAT020,20,MANUTENCAO
3474,2026-08-13,MAT020,78,ELETRICA
3475,2026-08-21,MAT020,24,MANUTENCAO
3476,2026-08-21,MAT020,23,MANUTENCAO
3477,2026-08-17,MAT020,23,ELETRICA
3478,2026-08-27,MAT020,24,FABRICACAO
3479,2026-08-26,MAT020,23,FABRICACAO
3480,2026-08-25,MAT020,23,ELETRICA
3481,2026-09-02,MAT020,12,MECANICA
3482,2026-08-31,MAT020,12,SOLDAGEM
3483,2026-09-02,MAT020,11,SOLDAGEM
3484,2026-09-08,MAT020,24,MANUTENCAO
3485,2026-09-10,MAT020,24,ELETRICA
3486,2026-09-09,MAT020,23,ELETRICA
3487,2024-09-16,MAT021,13,MECANICA
3488,2024-09-27,MAT021,4,SOLDAGEM
3489,2024-09-24,MAT021,4,MECANICA
3490,2024-10-01,MAT021,2,SOLDAGEM
3491,2024-10-04,MAT021,2,FABRICACAO
3492,2024-10-04,MAT021,2,SOLDAGEM
3493,2024-10-11,MAT021,14,MECANICA
3494,2024-10-15,MAT021,10,SOLDAGEM
3495,2024-10-23,MAT021,7,MECANICA
3496,2024-10-21,MAT021,7,MECANICA
3497,2024-10-28,MAT021,5,MECANICA
3498,2024-10-28,MAT021,4,MANUTENCAO
3499,2024-11-01,MAT021,4,MANUTENCAO
3500,2024-11-08,MAT021,4,MANUTENCAO
3501,2024-11-05,MAT021,4,FABRICACAO
3502,2024-11-08,MAT021,4,MANUTENCAO
3503,2024-11-12,MAT021,14,MANUTENCAO
3504,2024-11-20,MAT021,3,MECANICA
3505,2024-11-21,MAT021,3,ELETRICA
3506,2024-11-21,MAT021,3,MECANICA
3507,2024-11-29,MAT021,3,SOLDAGEM
3508,2024-11-28,MAT021,2,SOLDAGEM
3509,2024-12-02,MAT021,6,ELETRICA
3510,2024-12-06,MAT021,5,FABRICACAO
3511,2024-12-11,MAT021,3,MANUTENCAO
3512,2024-12-09,MAT021,3,ELETRICA
3513,2024-12-12,MAT021,2,MECANICA
3514,2024-12-17,MAT021,10,SOLDAGEM
3515,2024-12-25,MAT021,8,MECANICA
3516,2025-01-01,MAT021,4,MANUTENCAO
3517,2025-01-03,MAT021,3,ELETRICA
3518,2025-01-08,MAT021,11,MECANICA
3519,2025-01-16,MAT021,7,MANUTENCAO
3520,2025-01-24,MAT021,3,ELETRICA
3521,2025-01-23,MAT021,3,FABRICACAO
3522,2025-01-21,MAT021,3,MANUTENCAO
3523,2025-01-27,MAT021,4,SOLDAGEM
3524,2025-01-30,MAT021,4,FABRICACAO
3525,2025-01-29,MAT021,3,SOLDAGEM
3526,2025-02-04,MAT021,5,SOLDAGEM
3527,2025-02-06,MAT021,5,FABRICACAO
3528,2025-02-10,MAT021,6,MECANICA
3529,2025-02-14,MAT021,5,FABRICACAO
3530,2025-02-21,MAT021,3,MANUTENCAO
3531,2025-02-19,MAT021,3,FABRICACAO
3532,2025-02-18,MAT021,3,MECANICA
3533,2025-02-25,MAT021,4,SOLDAGEM
3534,2025-02-27,MAT021,4,FABRICACAO
3535,2025-02-24,MAT021,4,SOLDAGEM
3536,2025-03-04,MAT021,8,SOLDAGEM
3537,2025-03-03,MAT021,8,MANUTENCAO
3538,2025-03-12,MAT021,8,ELETRICA
3539,2025-03-19,MAT021,15,ELETRICA
3540,2025-03-25,MAT021,6,MANUTENCAO
3541,2025-03-24,MAT021,6,SOLDAGEM
3542,2025-04-02,MAT021,6,MECANICA
3543,2025-04-03,MAT021,5,MECANICA
3544,2025-04-09,MAT021,4,MANUTENCAO
3545,2025-04-07,MAT021,4,MANUTENCAO
3546,2025-04-11,MAT021,4,MANUTENCAO
3547,2025-04-18,MAT021,4,ELETRICA
3548,2025-04-18,MAT021,4,FABRICACAO
3549,2025-04-25,MAT021,6,FABRICACAO
3550,2025-04-30,MAT021,14,MECANICA
3551,2025-05-09,MAT021,6,ELETRICA
3552,2025-05-13,MAT021,7,FABRICACAO
3553,2025-05-13,MAT021,6,MECANICA
3554,2025-05-20,MAT021,4,MANUTENCAO
3555,2025-05-21,MAT021,4,MANUTENCAO
3556,2025-05-28,MAT021,6,MECANICA
3557,2025-05-26,MAT021,6,FABRICACAO
3558,2025-06-06,MAT021,6,SOLDAGEM
3559,2025-06-10,MAT021,8,SOLDAGEM
3560,2025-06-20,MAT021,2,ELETRICA
3561,2025-06-18,MAT021,1,SOLDAGEM
3562,2025-06-19,MAT021,1,SOLDAGEM
3563,2025-06-24,MAT021,6,MANUTENCAO
3564,2025-06-24,MAT021,6,MECANICA
3565,2025-07-04,MAT021,4,MANUTENCAO
3566,2025-06-30,MAT021,3,ELETRICA
3567,2025-07-09,MAT021,4,FABRICACAO
3568,2025-07-08,MAT021,4,ELETRICA
3569,2025-07-10,MAT021,4,SOLDAGEM
3570,2025-07-14,MAT021,2,FABRICACAO
3571,2025-07-17,MAT021,2,MECANICA
3572,2025-07-15,MAT021,2,ELETRICA
3573,2025-07-25,MAT021,15,MECANICA
3574,2025-07-28,MAT021,5,MANUTENCAO
3575,2025-07-30,MAT021,4,MANUTENCAO
3576,2025-08-06,MAT021,4,MANUTENCAO
3577,2025-08-07,MAT021,4,FABRICACAO
3578,2025-08-04,MAT021,3,MECANICA
3579,2025-08-12,MAT021,4,FABRICACAO
3580,2025-08-15,MAT021,4,ELETRICA
3581,2025-08-15,MAT021,3,ELETRICA
3582,2025-08-21,MAT021,3,MECANICA
3583,2025-08-18,MAT021,3,ELETRICA
3584,2025-08-18,MAT021,2,FABRICACAO
3585,2025-08-27,MAT021,8,SOLDAGEM
3586,2025-08-25,MAT021,7,SOLDAGEM
3587,2025-09-05,MAT021,3,MECANICA
3588,2025-09-05,MAT021,3,ELETRICA
3589,2025-09-11,MAT021,3,MANUTENCAO
3590,2025-09-11,MAT021,3,MECANICA
3591,2025-09-11,MAT021,2,MECANICA
3592,2025-09-16,MAT021,6,MECANICA
3593,2025-09-16,MAT021,6,SOLDAGEM
3594,2025-09-25,MAT021,6,ELETRICA
3595,2025-09-23,MAT021,6,FABRICACAO
3596,2025-10-03,MAT021,3,ELETRICA
3597,2025-09-29,MAT021,3,SOLDAGEM
3598,2025-10-06,MAT021,4,FABRICACAO
3599,2025-10-09,MAT021,3,MANUTENCAO
3600,2025-10-17,MAT021,4,SOLDAGEM
3601,2025-10-13,MAT021,4,MECANICA
3602,2025-10-24,MAT021,12,MECANICA
3603,2025-10-27,MAT021,8,ELETRICA
3604,2025-10-31,MAT021,7,SOLDAGEM
3605,2025-11-04,MAT021,4,SOLDAGEM
3606,2025-11-05,MAT021,3,FABRICACAO
3607,2025-11-11,MAT021,4,SOLDAGEM
3608,2025-11-12,MAT021,3,SOLDAGEM
3609,2025-11-18,MAT021,4,ELETRICA
3610,2025-11-17,MAT021,3,FABRICACAO
3611,2025-11-17,MAT021,3,MECANICA
3612,2025-11-27,MAT021,8,SOLDAGEM
3613,2025-12-03,MAT021,10,MANUTENCAO
3614,2025-12-12,MAT021,11,FABRICACAO
3615,2025-12-15,MAT021,4,MANUTENCAO
3616,2025-12-15,MAT021,3,ELETRICA
3617,2025-12-18,MAT021,3,MECANICA
3618,2025-12-24,MAT021,5,FABRICACAO
3619,2025-12-25,MAT021,5,FABRICACAO
3620,2025-12-22,MAT021,5,MANUTENCAO
3621,2025-12-31,MAT021,3,MANUTENCAO
3622,2025-12-30,MAT021,3,FABRICACAO
3623,2026-01-08,MAT021,5,SOLDAGEM
3624,2026-01-09,MAT021,4,MECANICA
3625,2026-01-12,MAT021,5,FABRICACAO
3626,2026-01-12,MAT021,4,MECANICA
3627,2026-01-15,MAT021,4,FABRICACAO
3628,2026-01-22,MAT021,3,FABRICACAO
3629,2026-01-22,MAT021,3,MECANICA
3630,2026-01-21,MAT021,2,MANUTENCAO
3631,2026-01-30,MAT021,3,SOLDAGEM
3632,2026-01-29,MAT021,3,MANUTENCAO
3633,2026-01-30,MAT021,3,MANUTENCAO
3634,2026-02-04,MAT021,16,ELETRICA
3635,2026-02-09,MAT021,6,SOLDAGEM
3636,2026-02-19,MAT021,4,MECANICA
3637,2026-02-17,MAT021,4,ELETRICA
3638,2026-02-16,MAT021,4,MECANICA
3639,2026-02-24,MAT021,14,SOLDAGEM
3640,2026-03-03,MAT021,12,MECANICA
3641,2026-03-10,MAT021,3,ELETRICA
3642,2026-03-09,MAT021,3,MANUTENCAO
3643,2026-03-10,MAT021,3,SOLDAGEM
3644,2026-03-17,MAT021,3,SOLDAGEM
3645,2026-03-19,MAT021,3,SOLDAGEM
3646,2026-03-27,MAT021,4,SOLDAGEM
3647,2026-03-25,MAT021,4,FABRICACAO
3648,2026-03-24,MAT021,4,MANUTENCAO
3649,2026-03-30,MAT021,5,SOLDAGEM
3650,2026-04-03,MAT021,5,FABRICACAO
3651,2026-04-02,MAT021,4,MECANICA
3652,2026-04-09,MAT021,14,MECANICA
3653,2026-04-14,MAT021,12,FABRICACAO
3654,2026-04-21,MAT021,7,ELETRICA
3655,2026-04-28,MAT021,7,MANUTENCAO
3656,2026-05-04,MAT021,5,SOLDAGEM
3657,2026-05-11,MAT021,4,MECANICA
3658,2026-05-14,MAT021,3,MANUTENCAO
3659,2026-05-15,MAT021,3,FABRICACAO
3660,2026-05-18,MAT021,3,ELETRICA
3661,2026-05-21,MAT021,3,MANUTENCAO
3662,2026-05-19,MAT021,3,SOLDAGEM
3663,2026-05-29,MAT021,3,FABRICACAO
3664,2026-05-29,MAT021,3,MECANICA
3665,2026-05-25,MAT021,3,MECANICA
3666,2026-06-01,MAT021,5,SOLDAGEM
3667,2026-06-10,MAT021,1,MANUTENCAO
3668,2026-06-17,MAT021,7,ELETRICA
3669,2026-06-16,MAT021,6,MANUTENCAO
3670,2026-06-25,MAT021,15,MECANICA
3671,2026-06-30,MAT021,7,MECANICA
3672,2026-07-06,MAT021,1,ELETRICA
3673,2026-07-07,MAT021,1,MECANICA
3674,2026-07-10,MAT021,1,ELETRICA
3675,2026-07-16,MAT021,7,FABRICACAO
3676,2026-07-15,MAT021,6,FABRICACAO
3677,2026-07-20,MAT021,2,ELETRICA
3678,2026-07-20,MAT021,2,FABRICACAO
3679,2026-07-31,MAT021,4,MANUTENCAO
3680,2026-07-31,MAT021,3,MECANICA
3681,2026-08-04,MAT021,3,SOLDAGEM
3682,2026-08-06,MAT021,3,ELETRICA
3683,2026-08-05,MAT021,3,MECANICA
3684,2026-08-13,MAT021,5,SOLDAGEM
3685,2026-08-21,MAT021,5,ELETRICA
3686,2026-08-18,MAT021,4,SOLDAGEM
3687,2026-08-27,MAT021,14,ELETRICA
3688,2026-09-01,MAT021,2,MECANICA
3689,2026-09-02,MAT021,2,MANUTENCAO
3690,2026-09-03,MAT021,2,MANUTENCAO
3691,2026-09-07,MAT021,4,MANUTENCAO
3692,2026-09-11,MAT021,3,FABRICACAO
3693,2024-09-17,MAT022,17,ELETRICA
3694,2024-09-18,MAT022,17,FABRICACAO
3695,2024-09-18,MAT022,16,MECANICA
3696,2024-09-25,MAT022,24,SOLDAGEM
3697,2024-09-23,MAT022,24,MECANICA
3698,2024-10-03,MAT022,27,ELETRICA
3699,2024-10-08,MAT022,27,MANUTENCAO
3700,2024-10-07,MAT022,27,MECANICA
3701,2024-10-17,MAT022,21,MECANICA
3702,2024-10-17,MAT022,20,MECANICA
3703,2024-10-14,MAT022,20,SOLDAGEM
3704,2024-10-22,MAT022,26,ELETRICA
3705,2024-10-22,MAT022,26,ELETRICA
3706,2024-10-30,MAT022,17,FABRICACAO
3707,2024-11-01,MAT022,17,MANUTENCAO
3708,2024-10-30,MAT022,16,SOLDAGEM
3709,2024-11-07,MAT022,51,ELETRICA
3710,2024-11-13,MAT022,18,FABRICACAO
3711,2024-11-14,MAT022,18,FABRICACAO
3712,2024-11-11,MAT022,18,ELETRICA
3713,2024-11-22,MAT022,19,FABRICACAO
3714,2024-11-18,MAT022,19,MECANICA
3715,2024-11-20,MAT022,19,MECANICA
3716,2024-11-27,MAT022,21,MECANICA
3717,2024-11-28,MAT022,20,FABRICACAO
3718,2024-11-27,MAT022,20,ELETRICA
3719,2024-12-06,MAT022,17,MECANICA
3720,2024-12-04,MAT022,16,SOLDAGEM
3721,2024-12-04,MAT022,16,MANUTENCAO
3722,2024-12-11,MAT022,26,ELETRICA
3723,2024-12-10,MAT022,26,ELETRICA
3724,2024-12-20,MAT022,21,MECANICA
3725,2024-12-19,MAT022,21,FABRICACAO
3726,2024-12-26,MAT022,26,MANUTENCAO
3727,2024-12-26,MAT022,26,ELETRICA
3728,2025-01-02,MAT022,19,MECANICA
3729,2024-12-31,MAT022,19,FABRICACAO
3730,2025-01-08,MAT022,28,FABRICACAO
3731,2025-01-10,MAT022,28,SOLDAGEM
3732,2025-01-15,MAT022,38,SOLDAGEM
3733,2025-01-21,MAT022,49,MANUTENCAO
3734,2025-01-27,MAT022,15,MANUTENCAO
3735,2025-01-29,MAT022,15,ELETRICA
3736,2025-01-29,MAT022,15,ELETRICA
3737,2025-02-06,MAT022,33,FABRICACAO
3738,2025-02-03,MAT022,33,MANUTENCAO
3739,2025-02-11,MAT022,21,SOLDAGEM
3740,2025-02-13,MAT022,21,MANUTENCAO
3741,2025-02-20,MAT022,32,FABRICACAO
3742,2025-02-18,MAT022,31,SOLDAGEM
3743,2025-02-24,MAT022,18,MANUTENCAO
3744,2025-02-26,MAT022,18,SOLDAGEM
3745,2025-02-28,MAT022,17,MECANICA
3746,2025-03-05,MAT022,17,MANUTENCAO
3747,2025-03-05,MAT022,17,ELETRICA
3748,2025-03-04,MAT022,17,MANUTENCAO
3749,2025-03-14,MAT022,21,ELETRICA
3750,2025-03-11,MAT022,21,ELETRICA
3751,2025-03-10,MAT022,20,SOLDAGEM
3752,2025-03-18,MAT022,47,MANUTENCAO
3753,2025-03-26,MAT022,18,MANUTENCAO
3754,2025-03-25,MAT022,17,MECANICA
3755,2025-03-25,MAT022,17,MANUTENCAO
3756,2025-04-02,MAT022,18,MECANICA
3757,2025-03-31,MAT022,18,FABRICACAO
3758,2025-04-01,MAT022,18,MANUTENCAO
3759,2025-04-09,MAT022,31,MECANICA
3760,2025-04-09,MAT022,31,FABRICACAO
3761,2025-04-15,MAT022,19,MECANICA
3762,2025-04-17,MAT022,19,FABRICACAO
3763,2025-04-14,MAT022,18,FABRICACAO
3764,2025-04-22,MAT022,58,FABRICACAO
3765,2025-05-01,MAT022,16,SOLDAGEM
3766,2025-04-28,MAT022,15,ELETRICA
3767,2025-04-30,MAT022,15,ELETRICA
3768,2025-05-09,MAT022,47,FABRICACAO
3769,2025-05-13,MAT022,57,SOLDAGEM
3770,2025-05-20,MAT022,19,MECANICA
3771,2025-05-23,MAT022,19,MECANICA
3772,2025-05-20,MAT022,19,MECANICA
3773,2025-05-27,MAT022,50,MANUTENCAO
3774,2025-06-03,MAT022,62,SOLDAGEM
3775,2025-06-11,MAT022,19,MANUTENCAO
3776,2025-06-10,MAT022,19,MANUTENCAO
3777,2025-06-12,MAT022,19,MANUTENCAO
3778,2025-06-19,MAT022,44,ELETRICA
3779,2025-06-25,MAT022,19,ELETRICA
3780,2025-06-26,MAT022,19,SOLDAGEM
3781,2025-07-03,MAT022,57,SOLDAGEM
3782,2025-07-11,MAT022,46,SOLDAGEM
3783,2025-07-18,MAT022,16,FABRICACAO
3784,2025-07-17,MAT022,15,ELETRICA
3785,2025-07-18,MAT022,15,MECANICA
3786,2025-07-22,MAT022,17,MECANICA
3787,2025-07-21,MAT022,17,FABRICACAO
3788,2025-07-30,MAT022,14,ELETRICA
3789,2025-07-31,MAT022,14,MANUTENCAO
3790,2025-07-31,MAT022,13,MANUTENCAO
3791,2025-08-04,MAT022,45,SOLDAGEM
3792,2025-08-11,MAT022,14,MECANICA
3793,2025-08-15,MAT022,14,ELETRICA
3794,2025-08-12,MAT022,14,MECANICA
3795,2025-08-21,MAT022,28,MECANICA
3796,2025-08-20,MAT022,28,MECANICA
3797,2025-08-29,MAT022,56,ELETRICA
3798,2025-09-05,MAT022,44,FABRICACAO
3799,2025-09-09,MAT022,20,ELETRICA
3800,2025-09-10,MAT022,19,FABRICACAO
3801,2025-09-16,MAT022,44,MECANICA
3802,2025-09-24,MAT022,19,MECANICA
3803,2025-09-25,MAT022,18,MECANICA
3804,2025-09-24,MAT022,18,ELETRICA
3805,2025-10-01,MAT022,46,ELETRICA
3806,2025-10-09,MAT022,18,FABRICACAO
3807,2025-10-06,MAT022,18,FABRICACAO
3808,2025-10-10,MAT022,17,FABRICACAO
3809,2025-10-15,MAT022,36,MECANICA
3810,2025-10-23,MAT022,27,SOLDAGEM
3811,2025-10-23,MAT022,26,FABRICACAO
3812,2025-10-28,MAT022,24,MECANICA
3813,2025-10-28,MAT022,24,MECANICA
3814,2025-11-07,MAT022,12,FABRICACAO
3815,2025-11-04,MAT022,12,MECANICA
3816,2025-11-03,MAT022,12,FABRICACAO
3817,2025-11-10,MAT022,21,SOLDAGEM
3818,2025-11-10,MAT022,20,FABRICACAO
3819,2025-11-18,MAT022,27,MANUTENCAO
3820,2025-11-20,MAT022,27,SOLDAGEM
3821,2025-11-24,MAT022,22,FABRICACAO
3822,2025-11-28,MAT022,22,FABRICACAO
3823,2025-12-04,MAT022,18,SOLDAGEM
3824,2025-12-01,MAT022,17,SOLDAGEM
3825,2025-12-02,MAT022,17,MECANICA
3826,2025-12-11,MAT022,22,MECANICA
3827,2025-12-12,MAT022,22,MANUTENCAO
3828,2025-12-11,MAT022,22,MANUTENCAO
3829,2025-12-15,MAT022,42,ELETRICA
3830,2025-12-25,MAT022,51,MECANICA
3831,2025-12-29,MAT022,18,ELETRICA
3832,2025-12-30,MAT022,18,ELETRICA
3833,2025-12-29,MAT022,17,FABRICACAO
3834,2026-01-05,MAT022,21,MECANICA
3835,2026-01-05,MAT022,20,MECANICA
3836,2026-01-16,MAT022,30,MANUTENCAO
3837,2026-01-13,MAT022,29,FABRICACAO
3838,2026-01-22,MAT022,45,MECANICA
3839,2026-01-27,MAT022,33,MECANICA
3840,2026-01-27,MAT022,33,SOLDAGEM
3841,2026-02-04,MAT022,52,MECANICA
3842,2026-02-13,MAT022,26,FABRICACAO
3843,2026-02-09,MAT022,26,MECANICA
3844,2026-02-19,MAT022,59,MECANICA
3845,2026-02-23,MAT022,76,MECANICA
3846,2026-03-03,MAT022,16,SOLDAGEM
3847,2026-03-05,MAT022,16,MECANICA
3848,2026-03-05,MAT022,16,ELETRICA
3849,2026-03-13,MAT022,25,SOLDAGEM
3850,2026-03-09,MAT022,25,SOLDAGEM
3851,2026-03-16,MAT022,34,FABRICACAO
3852,2026-03-16,MAT022,34,SOLDAGEM
3853,2026-03-23,MAT022,43,MECANICA
3854,2026-04-03,MAT022,18,ELETRICA
3855,2026-04-02,MAT022,17,ELETRICA
3856,2026-04-06,MAT022,27,ELETRICA
3857,2026-04-10,MAT022,26,SOLDAGEM
3858,2026-04-16,MAT022,26,SOLDAGEM
3859,2026-04-17,MAT022,26,ELETRICA
3860,2026-04-24,MAT022,45,MANUTENCAO
3861,2026-04-30,MAT022,64,FABRICACAO
3862,2026-05-07,MAT022,53,MECANICA
3863,2026-05-14,MAT022,57,MANUTENCAO
3864,2026-05-21,MAT022,55,MANUTENCAO
3865,2026-05-28,MAT022,58,SOLDAGEM
3866,2026-06-04,MAT022,38,ELETRICA
3867,2026-06-10,MAT022,51,FABRICACAO
3868,2026-06-19,MAT022,16,MANUTENCAO
3869,2026-06-17,MAT022,16,ELETRICA
3870,2026-06-16,MAT022,16,FABRICACAO
3871,2026-06-25,MAT022,15,MECANICA
3872,2026-06-23,MAT022,14,ELETRICA
3873,2026-06-22,MAT022,14,MANUTENCAO
3874,2026-07-02,MAT022,14,SOLDAGEM
3875,2026-06-30,MAT022,14,FABRICACAO
3876,2026-06-30,MAT022,14,FABRICACAO
3877,2026-07-09,MAT022,34,MANUTENCAO
3878,2026-07-16,MAT022,46,ELETRICA
3879,2026-07-20,MAT022,15,ELETRICA
3880,2026-07-23,MAT022,15,FABRICACAO
3881,2026-07-22,MAT022,14,ELETRICA
3882,2026-07-27,MAT022,33,SOLDAGEM
3883,2026-07-30,MAT022,33,SOLDAGEM
3884,2026-08-06,MAT022,47,MANUTENCAO
3885,2026-08-14,MAT022,15,ELETRICA
3886,2026-08-14,MAT022,15,FABRICACAO
3887,2026-08-14,MAT022,14,FABRICACAO
3888,2026-08-20,MAT022,17,SOLDAGEM
3889,2026-08-17,MAT022,17,ELETRICA
3890,2026-08-19,MAT022,16,ELETRICA
3891,2026-08-27,MAT022,17,MECANICA
3892,2026-08-25,MAT022,16,ELETRICA
3893,2026-09-04,MAT022,12,MECANICA
3894,2026-09-02,MAT022,12,ELETRICA
3895,2026-08-31,MAT022,12,FABRICACAO
3896,2026-09-07,MAT022,38,SOLDAGEM
3897,2024-09-17,MAT023,6,MANUTENCAO
3898,2024-09-18,MAT023,5,FABRICACAO
3899,2024-09-16,MAT023,5,SOLDAGEM
3900,2024-09-30,MAT023,8,ELETRICA
3901,2024-10-03,MAT023,7,MANUTENCAO
3902,2024-10-29,MAT023,6,MANUTENCAO
3903,2024-10-30,MAT023,5,SOLDAGEM
3904,2024-10-30,MAT023,5,MECANICA
3905,2024-11-07,MAT023,11,MECANICA
3906,2024-11-04,MAT023,11,FABRICACAO
3907,2024-11-13,MAT023,20,SOLDAGEM
3908,2024-11-21,MAT023,9,SOLDAGEM
3909,2024-11-22,MAT023,8,ELETRICA
3910,2024-11-20,MAT023,8,MANUTENCAO
3911,2024-12-05,MAT023,6,ELETRICA
3912,2024-12-05,MAT023,6,FABRICACAO
3913,2024-12-13,MAT023,9,FABRICACAO
3914,2025-01-14,MAT023,9,MECANICA
3915,2025-02-06,MAT023,3,FABRICACAO
3916,2025-02-07,MAT023,2,MANUTENCAO
3917,2025-02-06,MAT023,2,MANUTENCAO
3918,2025-02-17,MAT023,20,MANUTENCAO
3919,2025-02-28,MAT023,10,MANUTENCAO
3920,2025-03-04,MAT023,8,FABRICACAO
3921,2025-03-06,MAT023,8,ELETRICA
3922,2025-03-11,MAT023,6,FABRICACAO
3923,2025-03-14,MAT023,6,MECANICA
3924,2025-03-14,MAT023,6,MECANICA
3925,2025-03-20,MAT023,5,FABRICACAO
3926,2025-04-02,MAT023,6,SOLDAGEM
3927,2025-03-31,MAT023,5,MANUTENCAO
3928,2025-04-11,MAT023,9,ELETRICA
3929,2025-04-09,MAT023,9,MANUTENCAO
3930,2025-04-16,MAT023,7,SOLDAGEM
3931,2025-04-16,MAT023,6,SOLDAGEM
3932,2025-04-18,MAT023,6,MECANICA
3933,2025-05-09,MAT023,12,ELETRICA
3934,2025-05-23,MAT023,3,MANUTENCAO
3935,2025-05-22,MAT023,3,ELETRICA
3936,2025-05-19,MAT023,3,MECANICA
3937,2025-05-27,MAT023,3,SOLDAGEM
3938,2025-05-27,MAT023,3,MECANICA
3939,2025-05-27,MAT023,3,SOLDAGEM
3940,2025-06-19,MAT023,2,SOLDAGEM
3941,2025-06-19,MAT023,1,ELETRICA
3942,2025-06-18,MAT023,1,ELETRICA
3943,2025-06-30,MAT023,9,FABRICACAO
3944,2025-07-01,MAT023,9,FABRICACAO
3945,2025-07-15,MAT023,5,SOLDAGEM
3946,2025-08-01,MAT023,24,SOLDAGEM
3947,2025-08-06,MAT023,6,SOLDAGEM
3948,2025-08-06,MAT023,5,MECANICA
3949,2025-08-26,MAT023,4,SOLDAGEM
3950,2025-08-28,MAT023,3,SOLDAGEM
3951,2025-09-02,MAT023,18,ELETRICA
3952,2025-09-15,MAT023,9,SOLDAGEM
3953,2025-09-19,MAT023,9,ELETRICA
3954,2025-10-03,MAT023,6,MECANICA
3955,2025-10-02,MAT023,6,SOLDAGEM
3956,2025-10-01,MAT023,5,MECANICA
3957,2025-10-10,MAT023,8,MECANICA
3958,2025-10-10,MAT023,7,FABRICACAO
3959,2025-10-17,MAT023,12,ELETRICA
3960,2025-11-06,MAT023,14,ELETRICA
3961,2025-11-07,MAT023,13,ELETRICA
3962,2025-11-18,MAT023,5,SOLDAGEM
3963,2025-11-17,MAT023,4,MANUTENCAO
3964,2025-11-21,MAT023,4,ELETRICA
3965,2025-11-28,MAT023,9,SOLDAGEM
3966,2025-12-04,MAT023,6,SOLDAGEM
3967,2025-12-05,MAT023,6,MECANICA
3968,2025-12-03,MAT023,5,MANUTENCAO
3969,2025-12-18,MAT023,8,ELETRICA
3970,2025-12-15,MAT023,8,FABRICACAO
3971,2025-12-15,MAT023,8,FABRICACAO
3972,2025-12-25,MAT023,4,SOLDAGEM
3973,2025-12-23,MAT023,4,MANUTENCAO
3974,2025-12-26,MAT023,3,SOLDAGEM
3975,2026-01-14,MAT023,16,SOLDAGEM
3976,2026-01-30,MAT023,6,SOLDAGEM
3977,2026-01-28,MAT023,5,FABRICACAO
3978,2026-01-29,MAT023,5,MECANICA
3979,2026-02-18,MAT023,11,MANUTENCAO
3980,2026-02-19,MAT023,11,MANUTENCAO
3981,2026-02-24,MAT023,8,MANUTENCAO
3982,2026-02-23,MAT023,8,ELETRICA
3983,2026-03-16,MAT023,3,MANUTENCAO
3984,2026-03-19,MAT023,3,ELETRICA
3985,2026-03-18,MAT023,2,ELETRICA
3986,2026-04-02,MAT023,10,ELETRICA
3987,2026-03-31,MAT023,9,ELETRICA
3988,2026-04-16,MAT023,5,SOLDAGEM
3989,2026-04-17,MAT023,4,FABRICACAO
3990,2026-05-06,MAT023,7,FABRICACAO
3991,2026-05-12,MAT023,19,ELETRICA
3992,2026-05-21,MAT023,8,ELETRICA
3993,2026-05-22,MAT023,8,MANUTENCAO
3994,2026-05-20,MAT023,7,MECANICA
3995,2026-05-29,MAT023,6,MECANICA
3996,2026-06-02,MAT023,11,ELETRICA
3997,2026-06-10,MAT023,5,FABRICACAO
3998,2026-06-11,MAT023,5,MECANICA
3999,2026-06-12,MAT023,4,MANUTENCAO
4000,2026-06-29,MAT023,14,MANUTENCAO
4001,2026-07-24,MAT023,6,MANUTENCAO
4002,2026-07-31,MAT023,7,FABRICACAO
4003,2026-07-31,MAT023,7,MECANICA
4004,2026-07-28,MAT023,7,ELETRICA
4005,2026-08-10,MAT023,4,MECANICA
4006,2026-08-14,MAT023,3,MANUTENCAO
4007,2026-08-13,MAT023,3,FABRICACAO
4008,2026-08-26,MAT023,8,FABRICACAO
4009,2026-09-09,MAT023,6,ELETRICA
4010,2026-09-08,MAT023,6,FABRICACAO
4011,2026-09-08,MAT023,6,MECANICA
4012,2024-09-16,MAT024,47,MANUTENCAO
4013,2024-09-25,MAT024,53,ELETRICA
4014,2024-09-30,MAT024,15,FABRICACAO
4015,2024-10-02,MAT024,14,MECANICA
4016,2024-10-03,MAT024,14,MANUTENCAO
4017,2024-10-09,MAT024,12,ELETRICA
4018,2024-10-07,MAT024,11,MANUTENCAO
4019,2024-10-11,MAT024,11,MANUTENCAO
4020,2024-10-16,MAT024,22,FABRICACAO
4021,2024-10-15,MAT024,22,SOLDAGEM
4022,2024-10-25,MAT024,35,MANUTENCAO
4023,2024-10-22,MAT024,34,MECANICA
4024,2024-10-28,MAT024,39,SOLDAGEM
4025,2024-11-05,MAT024,22,SOLDAGEM
4026,2024-11-08,MAT024,21,FABRICACAO
4027,2024-11-13,MAT024,25,SOLDAGEM
4028,2024-11-14,MAT024,24,MANUTENCAO
4029,2024-11-19,MAT024,16,FABRICACAO
4030,2024-11-21,MAT024,16,FABRICACAO
4031,2024-11-18,MAT024,16,FABRICACAO
4032,2024-11-26,MAT024,12,FABRICACAO
4033,2024-11-25,MAT024,12,SOLDAGEM
4034,2024-11-26,MAT024,11,MANUTENCAO
4035,2024-12-04,MAT024,22,FABRICACAO
4036,2024-12-04,MAT024,22,FABRICACAO
4037,2024-12-02,MAT024,21,MECANICA
4038,2024-12-11,MAT024,28,MANUTENCAO
4039,2024-12-12,MAT024,27,FABRICACAO
4040,2024-12-19,MAT024,59,FABRICACAO
4041,2024-12-27,MAT024,17,ELETRICA
4042,2024-12-26,MAT024,17,FABRICACAO
4043,2024-12-25,MAT024,17,MECANICA
4044,2025-01-01,MAT024,34,ELETRICA
4045,2025-01-10,MAT024,14,SOLDAGEM
4046,2025-01-06,MAT024,14,SOLDAGEM
4047,2025-01-09,MAT024,14,ELETRICA
4048,2025-01-17,MAT024,14,MECANICA
4049,2025-01-13,MAT024,14,FABRICACAO
4050,2025-01-14,MAT024,13,MECANICA
4051,2025-01-20,MAT024,55,SOLDAGEM
4052,2025-01-31,MAT024,18,ELETRICA
4053,2025-01-27,MAT024,18,SOLDAGEM
4054,2025-01-27,MAT024,17,MANUTENCAO
4055,2025-02-07,MAT024,54,FABRICACAO
4056,2025-02-10,MAT024,21,SOLDAGEM
4057,2025-02-11,MAT024,20,FABRICACAO
4058,2025-02-18,MAT024,23,FABRICACAO
4059,2025-02-21,MAT024,23,FABRICACAO
4060,2025-02-25,MAT024,25,MANUTENCAO
4061,2025-02-26,MAT024,25,ELETRICA
4062,2025-03-06,MAT024,18,MECANICA
4063,2025-03-06,MAT024,17,SOLDAGEM
4064,2025-03-05,MAT024,17,SOLDAGEM
4065,2025-03-10,MAT024,18,MANUTENCAO
4066,2025-03-13,MAT024,17,MECANICA
4067,2025-03-13,MAT024,17,SOLDAGEM
4068,2025-03-19,MAT024,21,ELETRICA
4069,2025-03-21,MAT024,20,MECANICA
4070,2025-03-27,MAT024,46,MECANICA
4071,2025-03-31,MAT024,20,ELETRICA
4072,2025-03-31,MAT024,19,SOLDAGEM
4073,2025-04-09,MAT024,16,MANUTENCAO
4074,2025-04-08,MAT024,16,ELETRICA
4075,2025-04-08,MAT024,16,ELETRICA
4076,2025-04-16,MAT024,17,MANUTENCAO
4077,2025-04-18,MAT024,17,FABRICACAO
4078,2025-04-17,MAT024,17,FABRICACAO
4079,2025-04-22,MAT024,18,MECANICA
4080,2025-04-23,MAT024,18,FABRICACAO
4081,2025-04-30,MAT024,51,MECANICA
4082,2025-05-06,MAT024,31,FABRICACAO
4083,2025-05-06,MAT024,30,ELETRICA
4084,2025-05-12,MAT024,19,MANUTENCAO
4085,2025-05-13,MAT024,18,SOLDAGEM
4086,2025-05-13,MAT024,18,FABRICACAO
4087,2025-05-19,MAT024,20,SOLDAGEM
4088,2025-05-23,MAT024,20,ELETRICA
4089,2025-05-19,MAT024,20,MANUTENCAO
4090,2025-05-30,MAT024,28,MECANICA
4091,2025-05-28,MAT024,28,SOLDAGEM
4092,2025-06-04,MAT024,16,ELETRICA
4093,2025-06-05,MAT024,15,MANUTENCAO
4094,2025-06-03,MAT024,15,MECANICA
4095,2025-06-10,MAT024,20,FABRICACAO
4096,2025-06-13,MAT024,20,ELETRICA
4097,2025-06-20,MAT024,24,MECANICA
4098,2025-06-19,MAT024,24,FABRICACAO
4099,2025-06-27,MAT024,51,MANUTENCAO
4100,2025-07-04,MAT024,25,MANUTENCAO
4101,2025-07-04,MAT024,24,MECANICA
4102,2025-07-09,MAT024,16,FABRICACAO
4103,2025-07-10,MAT024,15,SOLDAGEM
4104,2025-07-08,MAT024,15,SOLDAGEM
4105,2025-07-15,MAT024,19,ELETRICA
4106,2025-07-16,MAT024,18,ELETRICA
4107,2025-07-23,MAT024,55,MECANICA
4108,2025-07-30,MAT024,19,SOLDAGEM
4109,2025-07-28,MAT024,19,FABRICACAO
4110,2025-08-04,MAT024,42,ELETRICA
4111,2025-08-13,MAT024,27,MECANICA
4112,2025-08-12,MAT024,27,SOLDAGEM
4113,2025-08-20,MAT024,27,SOLDAGEM
4114,2025-08-18,MAT024,27,MANUTENCAO
4115,2025-08-26,MAT024,19,MECANICA
4116,2025-08-29,MAT024,18,MECANICA
4117,2025-08-28,MAT024,18,SOLDAGEM
4118,2025-09-01,MAT024,24,ELETRICA
4119,2025-09-01,MAT024,23,ELETRICA
4120,2025-09-11,MAT024,13,SOLDAGEM
4121,2025-09-12,MAT024,13,MANUTENCAO
4122,2025-09-09,MAT024,13,ELETRICA
4123,2025-09-16,MAT024,61,MANUTENCAO
4124,2025-09-23,MAT024,49,SOLDAGEM
4125,2025-09-30,MAT024,21,FABRICACAO
4126,2025-10-01,MAT024,21,ELETRICA
4127,2025-10-02,MAT024,21,ELETRICA
4128,2025-10-09,MAT024,17,MECANICA
4129,2025-10-07,MAT024,16,MECANICA
4130,2025-10-16,MAT024,52,FABRICACAO
4131,2025-10-24,MAT024,18,MANUTENCAO
4132,2025-10-21,MAT024,17,MECANICA
4133,2025-10-24,MAT024,17,MECANICA
4134,2025-10-31,MAT024,15,ELETRICA
4135,2025-10-28,MAT024,14,FABRICACAO
4136,2025-10-28,MAT024,14,ELETRICA
4137,2025-11-05,MAT024,23,FABRICACAO
4138,2025-11-05,MAT024,23,SOLDAGEM
4139,2025-11-06,MAT024,22,ELETRICA
4140,2025-11-13,MAT024,19,MANUTENCAO
4141,2025-11-13,MAT024,19,SOLDAGEM
4142,2025-11-13,MAT024,19,MECANICA
4143,2025-11-19,MAT024,15,FABRICACAO
4144,2025-11-19,MAT024,15,ELETRICA
4145,2025-11-18,MAT024,15,FABRICACAO
4146,2025-11-25,MAT024,23,SOLDAGEM
4147,2025-11-27,MAT024,22,MANUTENCAO
4148,2025-12-01,MAT024,58,SOLDAGEM
4149,2025-12-08,MAT024,45,FABRICACAO
4150,2025-12-17,MAT024,11,MANUTENCAO
4151,2025-12-16,MAT024,11,FABRICACAO
4152,2025-12-17,MAT024,10,FABRICACAO
4153,2025-12-24,MAT024,48,FABRICACAO
4154,2025-12-30,MAT024,63,FABRICACAO
4155,2026-01-08,MAT024,61,ELETRICA
4156,2026-01-15,MAT024,24,FABRICACAO
4157,2026-01-12,MAT024,23,FABRICACAO
4158,2026-01-19,MAT024,16,SOLDAGEM
4159,2026-01-20,MAT024,15,SOLDAGEM
4160,2026-01-23,MAT024,15,FABRICACAO
4161,2026-01-30,MAT024,23,SOLDAGEM
4162,2026-01-26,MAT024,22,MECANICA
4163,2026-02-02,MAT024,17,SOLDAGEM
4164,2026-02-02,MAT024,17,MANUTENCAO
4165,2026-02-05,MAT024,17,MECANICA
4166,2026-02-12,MAT024,18,MANUTENCAO
4167,2026-02-13,MAT024,17,MECANICA
4168,2026-02-19,MAT024,28,ELETRICA
4169,2026-02-16,MAT024,28,ELETRICA
4170,2026-02-23,MAT024,19,MECANICA
4171,2026-02-23,MAT024,18,MANUTENCAO
4172,2026-02-26,MAT024,18,MECANICA
4173,2026-03-02,MAT024,20,ELETRICA
4174,2026-03-03,MAT024,20,MECANICA
4175,2026-03-06,MAT024,19,SOLDAGEM
4176,2026-03-10,MAT024,30,FABRICACAO
4177,2026-03-10,MAT024,30,FABRICACAO
4178,2026-03-19,MAT024,17,FABRICACAO
4179,2026-03-16,MAT024,17,MANUTENCAO
4180,2026-03-18,MAT024,16,MECANICA
4181,2026-03-23,MAT024,51,FABRICACAO
4182,2026-03-31,MAT024,48,FABRICACAO
4183,2026-04-06,MAT024,19,SOLDAGEM
4184,2026-04-07,MAT024,19,SOLDAGEM
4185,2026-04-10,MAT024,18,SOLDAGEM
4186,2026-04-14,MAT024,41,FABRICACAO
4187,2026-04-21,MAT024,26,SOLDAGEM
4188,2026-04-23,MAT024,26,ELETRICA
4189,2026-04-27,MAT024,31,SOLDAGEM
4190,2026-04-28,MAT024,31,SOLDAGEM
4191,2026-05-07,MAT024,59,FABRICACAO
4192,2026-05-13,MAT024,14,SOLDAGEM
4193,2026-05-12,MAT024,13,SOLDAGEM
4194,2026-05-12,MAT024,13,ELETRICA
4195,2026-05-22,MAT024,15,MANUTENCAO
4196,2026-05-20,MAT024,15,MECANICA
4197,2026-05-20,MAT024,14,FABRICACAO
4198,2026-05-27,MAT024,51,SOLDAGEM
4199,2026-06-01,MAT024,19,SOLDAGEM
4200,2026-06-04,MAT024,19,ELETRICA
4201,2026-06-03,MAT024,18,MANUTENCAO
4202,2026-06-11,MAT024,25,MANUTENCAO
4203,2026-06-11,MAT024,25,SOLDAGEM
4204,2026-06-18,MAT024,18,MECANICA
4205,2026-06-15,MAT024,17,MANUTENCAO
4206,2026-06-16,MAT024,17,MECANICA
4207,2026-06-26,MAT024,51,FABRICACAO
4208,2026-07-01,MAT024,50,MECANICA
4209,2026-07-06,MAT024,50,MANUTENCAO
4210,2026-07-15,MAT024,17,SOLDAGEM
4211,2026-07-13,MAT024,17,MANUTENCAO
4212,2026-07-16,MAT024,16,MANUTENCAO
4213,2026-07-22,MAT024,22,SOLDAGEM
4214,2026-07-20,MAT024,21,FABRICACAO
4215,2026-07-28,MAT024,27,MANUTENCAO
4216,2026-07-29,MAT024,27,SOLDAGEM
4217,2026-08-04,MAT024,24,MECANICA
4218,2026-08-04,MAT024,23,SOLDAGEM
4219,2026-08-12,MAT024,29,MANUTENCAO
4220,2026-08-12,MAT024,28,MANUTENCAO
4221,2026-08-18,MAT024,43,MECANICA
4222,2026-08-25,MAT024,17,MECANICA
4223,2026-08-24,MAT024,17,MECANICA
4224,2026-08-25,MAT024,16,MANUTENCAO
4225,2026-08-31,MAT024,24,FABRICACAO
4226,2026-08-31,MAT024,23,MANUTENCAO
4227,2026-09-09,MAT024,22,ELETRICA
4228,2026-09-08,MAT024,22,FABRICACAO
4229,2024-09-19,MAT025,36,MECANICA
4230,2024-09-27,MAT025,30,ELETRICA
4231,2024-09-26,MAT025,30,SOLDAGEM
4232,2024-10-01,MAT025,19,MANUTENCAO
4233,2024-10-01,MAT025,19,MANUTENCAO
4234,2024-10-02,MAT025,18,FABRICACAO
4235,2024-10-11,MAT025,41,MECANICA
4236,2024-10-07,MAT025,40,SOLDAGEM
4237,2024-10-15,MAT025,21,MANUTENCAO
4238,2024-10-17,MAT025,21,MECANICA
4239,2024-10-17,MAT025,21,FABRICACAO
4240,2024-10-24,MAT025,51,MANUTENCAO
4241,2024-10-30,MAT025,27,MECANICA
4242,2024-10-30,MAT025,26,MECANICA
4243,2024-10-31,MAT025,26,MECANICA
4244,2024-11-07,MAT025,19,FABRICACAO
4245,2024-11-06,MAT025,19,MECANICA
4246,2024-11-06,MAT025,18,FABRICACAO
4247,2024-11-15,MAT025,54,SOLDAGEM
4248,2024-11-19,MAT025,81,SOLDAGEM
4249,2024-11-26,MAT025,64,SOLDAGEM
4250,2024-12-02,MAT025,78,MANUTENCAO
4251,2024-12-12,MAT025,60,ELETRICA
4252,2024-12-16,MAT025,30,MECANICA
4253,2024-12-20,MAT025,29,ELETRICA
4254,2024-12-23,MAT025,31,ELETRICA
4255,2024-12-23,MAT025,30,SOLDAGEM
4256,2025-01-01,MAT025,23,MECANICA
4257,2024-12-30,MAT025,23,MECANICA
4258,2024-12-30,MAT025,23,MANUTENCAO
4259,2025-01-09,MAT025,55,SOLDAGEM
4260,2025-01-14,MAT025,19,FABRICACAO
4261,2025-01-15,MAT025,19,MANUTENCAO
4262,2025-01-15,MAT025,19,ELETRICA
4263,2025-01-23,MAT025,36,MANUTENCAO
4264,2025-01-21,MAT025,35,SOLDAGEM
4265,2025-01-29,MAT025,38,SOLDAGEM
4266,2025-01-31,MAT025,37,ELETRICA
4267,2025-02-07,MAT025,71,MANUTENCAO
4268,2025-02-12,MAT025,64,FABRICACAO
4269,2025-02-19,MAT025,22,FABRICACAO
4270,2025-02-20,MAT025,22,SOLDAGEM
4271,2025-02-24,MAT025,72,MANUTENCAO
4272,2025-03-03,MAT025,24,ELETRICA
4273,2025-03-04,MAT025,24,SOLDAGEM
4274,2025-03-06,MAT025,24,SOLDAGEM
4275,2025-03-10,MAT025,40,MECANICA
4276,2025-03-11,MAT025,40,ELETRICA
4277,2025-03-21,MAT025,25,SOLDAGEM
4278,2025-03-21,MAT025,25,SOLDAGEM
4279,2025-03-19,MAT025,24,MANUTENCAO
4280,2025-03-25,MAT025,24,SOLDAGEM
4281,2025-03-26,MAT025,23,ELETRICA
4282,2025-03-26,MAT025,23,MECANICA
4283,2025-04-04,MAT025,23,MANUTENCAO
4284,2025-04-01,MAT025,23,MANUTENCAO
4285,2025-04-02,MAT025,22,MECANICA
4286,2025-04-11,MAT025,14,ELETRICA
4287,2025-04-09,MAT025,13,ELETRICA
4288,2025-04-18,MAT025,44,FABRICACAO
4289,2025-04-14,MAT025,44,MECANICA
4290,2025-04-24,MAT025,20,FABRICACAO
4291,2025-04-23,MAT025,20,MANUTENCAO
4292,2025-04-23,MAT025,19,FABRICACAO
4293,2025-04-28,MAT025,35,FABRICACAO
4294,2025-05-01,MAT025,35,SOLDAGEM
4295,2025-05-07,MAT025,21,MECANICA
4296,2025-05-05,MAT025,21,MANUTENCAO
4297,2025-05-06,MAT025,20,MANUTENCAO
4298,2025-05-14,MAT025,25,SOLDAGEM
4299,2025-05-15,MAT025,25,MANUTENCAO
4300,2025-05-14,MAT025,24,MECANICA
4301,2025-05-22,MAT025,31,MECANICA
4302,2025-05-19,MAT025,31,ELETRICA
4303,2025-05-20,MAT025,30,SOLDAGEM
4304,2025-05-26,MAT025,65,MECANICA
4305,2025-06-05,MAT025,31,MANUTENCAO
4306,2025-06-03,MAT025,31,ELETRICA
4307,2025-06-10,MAT025,28,SOLDAGEM
4308,2025-06-10,MAT025,28,FABRICACAO
4309,2025-06-10,MAT025,28,MECANICA
4310,2025-06-18,MAT025,26,FABRICACAO
4311,2025-06-16,MAT025,26,MANUTENCAO
4312,2025-06-23,MAT025,36,ELETRICA
4313,2025-06-25,MAT025,36,FABRICACAO
4314,2025-07-03,MAT025,35,FABRICACAO
4315,2025-06-30,MAT025,35,ELETRICA
4316,2025-07-10,MAT025,61,SOLDAGEM
4317,2025-07-18,MAT025,57,ELETRICA
4318,2025-07-21,MAT025,34,SOLDAGEM
4319,2025-07-23,MAT025,34,MANUTENCAO
4320,2025-08-01,MAT025,24,MECANICA
4321,2025-07-28,MAT025,24,MANUTENCAO
4322,2025-07-28,MAT025,23,FABRICACAO
4323,2025-08-04,MAT025,22,SOLDAGEM
4324,2025-08-06,MAT025,22,ELETRICA
4325,2025-08-07,MAT025,21,FABRICACAO
4326,2025-08-11,MAT025,65,MECANICA
4327,2025-08-19,MAT025,57,MANUTENCAO
4328,2025-08-27,MAT025,22,SOLDAGEM
4329,2025-08-27,MAT025,21,SOLDAGEM
4330,2025-09-01,MAT025,21,MANUTENCAO
4331,2025-09-01,MAT025,21,FABRICACAO
4332,2025-09-05,MAT025,20,MANUTENCAO
4333,2025-09-09,MAT025,22,ELETRICA
4334,2025-09-11,MAT025,21,SOLDAGEM
4335,2025-09-12,MAT025,21,FABRICACAO
4336,2025-09-17,MAT025,23,MECANICA
4337,2025-09-16,MAT025,23,ELETRICA
4338,2025-09-16,MAT025,22,SOLDAGEM
4339,2025-09-25,MAT025,34,FABRICACAO
4340,2025-09-25,MAT025,34,FABRICACAO
4341,2025-10-01,MAT025,18,ELETRICA
4342,2025-09-30,MAT025,18,MANUTENCAO
4343,2025-10-03,MAT025,18,ELETRICA
4344,2025-10-09,MAT025,17,MECANICA
4345,2025-10-07,MAT025,17,MANUTENCAO
4346,2025-10-06,MAT025,16,SOLDAGEM
4347,2025-10-15,MAT025,35,SOLDAGEM
4348,2025-10-16,MAT025,34,MECANICA
4349,2025-10-23,MAT025,20,SOLDAGEM
4350,2025-10-24,MAT025,19,MECANICA
4351,2025-10-24,MAT025,19,SOLDAGEM
4352,2025-10-31,MAT025,28,MECANICA
4353,2025-10-31,MAT025,27,FABRICACAO
4354,2025-11-07,MAT025,18,MANUTENCAO
4355,2025-11-05,MAT025,17,FABRICACAO
4356,2025-11-04,MAT025,17,ELETRICA
4357,2025-11-10,MAT025,59,SOLDAGEM
4358,2025-11-19,MAT025,20,MECANICA
4359,2025-11-21,MAT025,19,MANUTENCAO
4360,2025-11-21,MAT025,19,MECANICA
4361,2025-11-24,MAT025,28,SOLDAGEM
4362,2025-11-25,MAT025,28,MANUTENCAO
4363,2025-12-01,MAT025,23,ELETRICA
4364,2025-12-04,MAT025,23,FABRICACAO
4365,2025-12-11,MAT025,39,MECANICA
4366,2025-12-18,MAT025,33,MECANICA
4367,2025-12-17,MAT025,32,SOLDAGEM
4368,2025-12-25,MAT025,66,FABRICACAO
4369,2025-12-29,MAT025,39,MANUTENCAO
4370,2026-01-02,MAT025,39,FABRICACAO
4371,2026-01-09,MAT025,28,MECANICA
4372,2026-01-07,MAT025,28,FABRICACAO
4373,2026-01-09,MAT025,28,ELETRICA
4374,2026-01-16,MAT025,42,MANUTENCAO
4375,2026-01-12,MAT025,41,SOLDAGEM
4376,2026-01-19,MAT025,74,MANUTENCAO
4377,2026-01-27,MAT025,22,MECANICA
4378,2026-01-29,MAT025,22,FABRICACAO
4379,2026-01-30,MAT025,21,FABRICACAO
4380,2026-02-06,MAT025,24,FABRICACAO
4381,2026-02-04,MAT025,23,ELETRICA
4382,2026-02-05,MAT025,23,FABRICACAO
4383,2026-02-09,MAT025,58,MANUTENCAO
4384,2026-02-20,MAT025,76,ELETRICA
4385,2026-02-26,MAT025,76,SOLDAGEM
4386,2026-03-06,MAT025,24,MANUTENCAO
4387,2026-03-06,MAT025,23,SOLDAGEM
4388,2026-03-04,MAT025,23,MANUTENCAO
4389,2026-03-12,MAT025,24,ELETRICA
4390,2026-03-09,MAT025,23,SOLDAGEM
4391,2026-03-09,MAT025,23,FABRICACAO
4392,2026-03-16,MAT025,40,MECANICA
4393,2026-03-19,MAT025,40,ELETRICA
4394,2026-03-27,MAT025,91,MECANICA
4395,2026-04-01,MAT025,24,ELETRICA
4396,2026-04-02,MAT025,23,MANUTENCAO
4397,2026-04-03,MAT025,23,MANUTENCAO
4398,2026-04-06,MAT025,90,ELETRICA
4399,2026-04-14,MAT025,64,MECANICA
4400,2026-04-22,MAT025,27,SOLDAGEM
4401,2026-04-21,MAT025,27,ELETRICA
4402,2026-04-23,MAT025,26,ELETRICA
4403,2026-04-30,MAT025,27,SOLDAGEM
4404,2026-04-29,MAT025,27,SOLDAGEM
4405,2026-04-30,MAT025,26,MANUTENCAO
4406,2026-05-07,MAT025,24,MANUTENCAO
4407,2026-05-05,MAT025,23,SOLDAGEM
4408,2026-05-06,MAT025,23,ELETRICA
4409,2026-05-15,MAT025,67,SOLDAGEM
4410,2026-05-20,MAT025,28,ELETRICA
4411,2026-05-19,MAT025,28,FABRICACAO
4412,2026-05-25,MAT025,47,ELETRICA
4413,2026-06-04,MAT025,66,SOLDAGEM
4414,2026-06-09,MAT025,84,MANUTENCAO
4415,2026-06-15,MAT025,67,FABRICACAO
4416,2026-06-23,MAT025,24,FABRICACAO
4417,2026-06-22,MAT025,23,SOLDAGEM
4418,2026-07-01,MAT025,29,MECANICA
4419,2026-06-30,MAT025,28,ELETRICA
4420,2026-07-09,MAT025,38,SOLDAGEM
4421,2026-07-10,MAT025,37,MANUTENCAO
4422,2026-07-17,MAT025,77,ELETRICA
4423,2026-07-22,MAT025,33,MANUTENCAO
4424,2026-07-23,MAT025,32,SOLDAGEM
4425,2026-07-28,MAT025,44,SOLDAGEM
4426,2026-08-06,MAT025,23,MANUTENCAO
4427,2026-08-04,MAT025,23,MECANICA
4428,2026-08-04,MAT025,22,MANUTENCAO
4429,2026-08-10,MAT025,54,MECANICA
4430,2026-08-17,MAT025,39,SOLDAGEM
4431,2026-08-21,MAT025,39,FABRICACAO
4432,2026-08-28,MAT025,17,SOLDAGEM
4433,2026-08-27,MAT025,17,FABRICACAO
4434,2026-08-26,MAT025,17,SOLDAGEM
4435,2026-09-01,MAT025,13,ELETRICA
4436,2026-08-31,MAT025,12,MANUTENCAO
4437,2026-08-31,MAT025,12,FABRICACAO
4438,2026-09-07,MAT025,42,FABRICACAO
4439,2024-09-19,MAT026,2,MANUTENCAO
4440,2024-09-18,MAT026,2,SOLDAGEM
4441,2024-09-16,MAT026,2,ELETRICA
4442,2024-09-27,MAT026,13,FABRICACAO
4443,2024-10-01,MAT026,14,MANUTENCAO
4444,2024-10-08,MAT026,7,SOLDAGEM
4445,2024-10-11,MAT026,7,FABRICACAO
4446,2024-10-17,MAT026,11,FABRICACAO
4447,2024-10-22,MAT026,4,SOLDAGEM
4448,2024-10-23,MAT026,3,FABRICACAO
4449,2024-10-22,MAT026,3,ELETRICA
4450,2024-11-01,MAT026,3,MANUTENCAO
4451,2024-10-29,MAT026,3,MECANICA
4452,2024-10-30,MAT026,2,MECANICA
4453,2024-11-06,MAT026,5,ELETRICA
4454,2024-11-04,MAT026,5,MANUTENCAO
4455,2024-11-14,MAT026,4,ELETRICA
4456,2024-11-15,MAT026,4,MECANICA
4457,2024-11-14,MAT026,4,SOLDAGEM
4458,2024-11-22,MAT026,2,SOLDAGEM
4459,2024-11-18,MAT026,1,ELETRICA
4460,2024-11-20,MAT026,1,ELETRICA
4461,2024-11-28,MAT026,4,SOLDAGEM
4462,2024-11-26,MAT026,4,SOLDAGEM
4463,2024-12-02,MAT026,3,MECANICA
4464,2024-12-02,MAT026,2,FABRICACAO
4465,2024-12-09,MAT026,11,FABRICACAO
4466,2024-12-20,MAT026,4,MECANICA
4467,2024-12-19,MAT026,3,SOLDAGEM
4468,2024-12-20,MAT026,3,MANUTENCAO
4469,2024-12-27,MAT026,6,MECANICA
4470,2025-01-01,MAT026,5,MANUTENCAO
4471,2025-01-07,MAT026,7,SOLDAGEM
4472,2025-01-08,MAT026,6,MANUTENCAO
4473,2025-01-13,MAT026,6,SOLDAGEM
4474,2025-01-14,MAT026,6,SOLDAGEM
4475,2025-01-24,MAT026,8,MECANICA
4476,2025-01-30,MAT026,3,FABRICACAO
4477,2025-01-27,MAT026,3,MANUTENCAO
4478,2025-02-05,MAT026,7,MANUTENCAO
4479,2025-02-10,MAT026,12,MECANICA
4480,2025-02-19,MAT026,2,SOLDAGEM
4481,2025-02-18,MAT026,2,ELETRICA
4482,2025-02-27,MAT026,2,MECANICA
4483,2025-03-04,MAT026,8,MECANICA
4484,2025-03-10,MAT026,8,FABRICACAO
4485,2025-03-17,MAT026,2,FABRICACAO
4486,2025-03-17,MAT026,1,FABRICACAO
4487,2025-03-19,MAT026,1,MECANICA
4488,2025-03-26,MAT026,4,MECANICA
4489,2025-03-24,MAT026,3,MECANICA
4490,2025-04-01,MAT026,2,MECANICA
4491,2025-03-31,MAT026,2,ELETRICA
4492,2025-04-10,MAT026,2,SOLDAGEM
4493,2025-04-10,MAT026,2,FABRICACAO
4494,2025-04-10,MAT026,1,MECANICA
4495,2025-04-18,MAT026,3,FABRICACAO
4496,2025-04-17,MAT026,3,SOLDAGEM
4497,2025-04-22,MAT026,2,MANUTENCAO
4498,2025-04-29,MAT026,9,SOLDAGEM
4499,2025-05-06,MAT026,2,FABRICACAO
4500,2025-05-15,MAT026,5,FABRICACAO
4501,2025-05-30,MAT026,3,ELETRICA
4502,2025-05-29,MAT026,2,ELETRICA
4503,2025-05-28,MAT026,2,SOLDAGEM
4504,2025-06-02,MAT026,3,ELETRICA
4505,2025-06-09,MAT026,3,FABRICACAO
4506,2025-06-09,MAT026,3,MANUTENCAO
4507,2025-06-09,MAT026,2,MECANICA
4508,2025-06-20,MAT026,4,ELETRICA
4509,2025-06-16,MAT026,4,MECANICA
4510,2025-06-19,MAT026,3,MANUTENCAO
4511,2025-06-27,MAT026,1,SOLDAGEM
4512,2025-07-03,MAT026,12,SOLDAGEM
4513,2025-07-11,MAT026,10,ELETRICA
4514,2025-07-17,MAT026,3,SOLDAGEM
4515,2025-07-15,MAT026,2,ELETRICA
4516,2025-07-14,MAT026,2,MECANICA
4517,2025-07-24,MAT026,3,ELETRICA
4518,2025-07-24,MAT026,3,MANUTENCAO
4519,2025-07-22,MAT026,3,SOLDAGEM
4520,2025-07-31,MAT026,11,MANUTENCAO
4521,2025-08-04,MAT026,2,SOLDAGEM
4522,2025-08-08,MAT026,2,FABRICACAO
4523,2025-08-06,MAT026,2,MANUTENCAO
4524,2025-08-12,MAT026,3,MANUTENCAO
4525,2025-08-13,MAT026,3,FABRICACAO
4526,2025-08-13,MAT026,2,ELETRICA
4527,2025-08-18,MAT026,6,ELETRICA
4528,2025-08-19,MAT026,6,SOLDAGEM
4529,2025-08-28,MAT026,3,ELETRICA
4530,2025-08-28,MAT026,2,SOLDAGEM
4531,2025-09-02,MAT026,2,FABRICACAO
4532,2025-09-02,MAT026,2,ELETRICA
4533,2025-09-02,MAT026,1,SOLDAGEM
4534,2025-09-12,MAT026,5,FABRICACAO
4535,2025-09-08,MAT026,5,MECANICA
4536,2025-09-16,MAT026,2,MANUTENCAO
4537,2025-09-15,MAT026,1,MECANICA
4538,2025-09-16,MAT026,1,FABRICACAO
4539,2025-09-26,MAT026,5,SOLDAGEM
4540,2025-09-26,MAT026,4,SOLDAGEM
4541,2025-10-03,MAT026,7,ELETRICA
4542,2025-10-09,MAT026,4,MANUTENCAO
4543,2025-10-06,MAT026,3,MECANICA
4544,2025-10-10,MAT026,3,MANUTENCAO
4545,2025-10-17,MAT026,10,ELETRICA
4546,2025-10-24,MAT026,12,FABRICACAO
4547,2025-10-27,MAT026,5,FABRICACAO
4548,2025-10-27,MAT026,5,MANUTENCAO
4549,2025-11-05,MAT026,10,ELETRICA
4550,2025-11-14,MAT026,3,FABRICACAO
4551,2025-11-10,MAT026,2,ELETRICA
4552,2025-11-17,MAT026,6,SOLDAGEM
4553,2025-11-27,MAT026,7,MANUTENCAO
4554,2025-12-04,MAT026,6,FABRICACAO
4555,2025-12-12,MAT026,6,SOLDAGEM
4556,2025-12-17,MAT026,1,FABRICACAO
4557,2025-12-15,MAT026,1,MECANICA
4558,2025-12-17,MAT026,1,FABRICACAO
4559,2025-12-24,MAT026,2,SOLDAGEM
4560,2025-12-26,MAT026,2,MECANICA
4561,2025-12-25,MAT026,2,SOLDAGEM
4562,2025-12-30,MAT026,6,ELETRICA
4563,2026-01-06,MAT026,4,ELETRICA
4564,2026-01-07,MAT026,4,ELETRICA
4565,2026-01-15,MAT026,2,MANUTENCAO
4566,2026-01-12,MAT026,2,MANUTENCAO
4567,2026-01-15,MAT026,1,MANUTENCAO
4568,2026-01-20,MAT026,7,MECANICA
4569,2026-01-28,MAT026,3,FABRICACAO
4570,2026-01-28,MAT026,3,ELETRICA
4571,2026-01-26,MAT026,3,FABRICACAO
4572,2026-02-02,MAT026,4,MECANICA
4573,2026-02-10,MAT026,3,MANUTENCAO
4574,2026-02-12,MAT026,3,SOLDAGEM
4575,2026-02-12,MAT026,2,MANUTENCAO
4576,2026-02-20,MAT026,2,FABRICACAO
4577,2026-02-16,MAT026,2,FABRICACAO
4578,2026-02-19,MAT026,2,SOLDAGEM
4579,2026-02-23,MAT026,2,FABRICACAO
4580,2026-02-27,MAT026,2,SOLDAGEM
4581,2026-02-24,MAT026,2,MECANICA
4582,2026-03-02,MAT026,3,SOLDAGEM
4583,2026-03-03,MAT026,2,ELETRICA
4584,2026-03-09,MAT026,2,MANUTENCAO
4585,2026-03-12,MAT026,2,FABRICACAO
4586,2026-03-11,MAT026,1,MECANICA
4587,2026-03-17,MAT026,2,SOLDAGEM
4588,2026-03-26,MAT026,3,ELETRICA
4589,2026-03-23,MAT026,3,MECANICA
4590,2026-03-25,MAT026,3,MECANICA
4591,2026-03-31,MAT026,3,MANUTENCAO
4592,2026-04-01,MAT026,3,MANUTENCAO
4593,2026-04-02,MAT026,3,FABRICACAO
4594,2026-04-06,MAT026,4,SOLDAGEM
4595,2026-04-07,MAT026,3,MECANICA
4596,2026-04-16,MAT026,3,MANUTENCAO
4597,2026-04-16,MAT026,3,SOLDAGEM
4598,2026-04-17,MAT026,2,ELETRICA
4599,2026-04-20,MAT026,5,ELETRICA
4600,2026-04-28,MAT026,2,FABRICACAO
4601,2026-05-01,MAT026,2,MANUTENCAO
4602,2026-04-27,MAT026,1,MANUTENCAO
4603,2026-05-08,MAT026,4,FABRICACAO
4604,2026-05-05,MAT026,4,FABRICACAO
4605,2026-05-15,MAT026,5,MANUTENCAO
4606,2026-05-13,MAT026,5,MECANICA
4607,2026-05-19,MAT026,4,ELETRICA
4608,2026-05-19,MAT026,3,SOLDAGEM
4609,2026-05-28,MAT026,4,FABRICACAO
4610,2026-05-29,MAT026,3,SOLDAGEM
4611,2026-06-01,MAT026,5,MECANICA
4612,2026-06-02,MAT026,4,MECANICA
4613,2026-06-12,MAT026,3,MANUTENCAO
4614,2026-06-11,MAT026,3,ELETRICA
4615,2026-06-11,MAT026,3,MANUTENCAO
4616,2026-06-17,MAT026,3,FABRICACAO
4617,2026-06-18,MAT026,2,FABRICACAO
4618,2026-06-25,MAT026,5,MECANICA
4619,2026-06-30,MAT026,4,MECANICA
4620,2026-07-03,MAT026,3,MECANICA
4621,2026-07-07,MAT026,1,MANUTENCAO
4622,2026-07-07,MAT026,1,MECANICA
4623,2026-07-10,MAT026,1,FABRICACAO
4624,2026-07-17,MAT026,2,FABRICACAO
4625,2026-07-15,MAT026,1,MECANICA
4626,2026-07-16,MAT026,1,FABRICACAO
4627,2026-07-20,MAT026,11,FABRICACAO
4628,2026-07-29,MAT026,4,SOLDAGEM
4629,2026-08-10,MAT026,3,SOLDAGEM
4630,2026-08-12,MAT026,3,SOLDAGEM
4631,2026-08-18,MAT026,3,FABRICACAO
4632,2026-08-20,MAT026,3,SOLDAGEM
4633,2026-08-20,MAT026,3,FABRICACAO
4634,2026-08-27,MAT026,4,MANUTENCAO
4635,2026-08-26,MAT026,3,ELETRICA
4636,2026-08-25,MAT026,3,FABRICACAO
4637,2026-09-02,MAT026,3,MANUTENCAO
4638,2026-08-31,MAT026,2,FABRICACAO
4639,2026-08-31,MAT026,2,ELETRICA
4640,2026-09-08,MAT026,2,FABRICACAO
4641,2026-09-10,MAT026,2,SOLDAGEM
4642,2024-09-19,MAT027,37,FABRICACAO
4643,2024-09-24,MAT027,26,SOLDAGEM
4644,2024-09-27,MAT027,25,SOLDAGEM
4645,2024-10-02,MAT027,41,MECANICA
4646,2024-10-07,MAT027,33,FABRICACAO
4647,2024-10-17,MAT027,40,FABRICACAO
4648,2024-10-25,MAT027,21,SOLDAGEM
4649,2024-10-21,MAT027,20,MANUTENCAO
4650,2024-10-29,MAT027,33,ELETRICA
4651,2024-11-05,MAT027,21,ELETRICA
4652,2024-11-07,MAT027,21,ELETRICA
4653,2024-11-06,MAT027,20,FABRICACAO
4654,2024-11-15,MAT027,26,MANUTENCAO
4655,2024-11-18,MAT027,11,ELETRICA
4656,2024-11-19,MAT027,11,SOLDAGEM
4657,2024-11-22,MAT027,11,MECANICA
4658,2024-11-28,MAT027,17,SOLDAGEM
4659,2024-11-29,MAT027,16,MECANICA
4660,2024-12-03,MAT027,26,ELETRICA
4661,2024-12-06,MAT027,25,MANUTENCAO
4662,2024-12-13,MAT027,12,SOLDAGEM
4663,2024-12-13,MAT027,11,MECANICA
4664,2024-12-20,MAT027,29,MECANICA
4665,2024-12-25,MAT027,10,ELETRICA
4666,2024-12-23,MAT027,9,ELETRICA
4667,2024-12-25,MAT027,9,FABRICACAO
4668,2024-12-30,MAT027,17,MECANICA
4669,2025-01-09,MAT027,19,ELETRICA
4670,2025-01-16,MAT027,8,MECANICA
4671,2025-01-16,MAT027,7,FABRICACAO
4672,2025-01-24,MAT027,10,FABRICACAO
4673,2025-01-24,MAT027,9,MECANICA
4674,2025-01-27,MAT027,7,FABRICACAO
4675,2025-01-30,MAT027,7,MANUTENCAO
4676,2025-01-27,MAT027,7,MANUTENCAO
4677,2025-02-03,MAT027,14,SOLDAGEM
4678,2025-02-03,MAT027,13,ELETRICA
4679,2025-02-14,MAT027,9,ELETRICA
4680,2025-02-14,MAT027,9,FABRICACAO
4681,2025-02-21,MAT027,13,MANUTENCAO
4682,2025-02-21,MAT027,12,ELETRICA
4683,2025-02-24,MAT027,8,ELETRICA
4684,2025-02-26,MAT027,7,ELETRICA
4685,2025-02-24,MAT027,7,ELETRICA
4686,2025-03-03,MAT027,11,MANUTENCAO
4687,2025-03-05,MAT027,11,ELETRICA
4688,2025-03-12,MAT027,10,MANUTENCAO
4689,2025-03-13,MAT027,10,FABRICACAO
4690,2025-03-17,MAT027,6,ELETRICA
4691,2025-03-21,MAT027,6,SOLDAGEM
4692,2025-03-19,MAT027,5,ELETRICA
4693,2025-03-27,MAT027,11,SOLDAGEM
4694,2025-04-04,MAT027,30,ELETRICA
4695,2025-04-09,MAT027,12,MANUTENCAO
4696,2025-04-09,MAT027,11,MANUTENCAO
4697,2025-04-18,MAT027,17,MECANICA
4698,2025-04-21,MAT027,10,ELETRICA
4699,2025-04-25,MAT027,10,SOLDAGEM
4700,2025-04-28,MAT027,20,MANUTENCAO
4701,2025-05-05,MAT027,18,MECANICA
4702,2025-05-12,MAT027,11,FABRICACAO
4703,2025-05-14,MAT027,10,MECANICA
4704,2025-05-19,MAT027,18,FABRICACAO
4705,2025-05-30,MAT027,21,MECANICA
4706,2025-06-03,MAT027,9,MECANICA
4707,2025-06-06,MAT027,9,SOLDAGEM
4708,2025-06-12,MAT027,23,MANUTENCAO
4709,2025-06-18,MAT027,10,SOLDAGEM
4710,2025-06-19,MAT027,10,MECANICA
4711,2025-06-26,MAT027,21,MANUTENCAO
4712,2025-06-30,MAT027,11,MECANICA
4713,2025-06-30,MAT027,10,SOLDAGEM
4714,2025-07-11,MAT027,5,SOLDAGEM
4715,2025-07-09,MAT027,5,ELETRICA
4716,2025-07-11,MAT027,5,ELETRICA
4717,2025-07-15,MAT027,35,MANUTENCAO
4718,2025-07-25,MAT027,13,MANUTENCAO
4719,2025-07-24,MAT027,13,MECANICA
4720,2025-08-01,MAT027,31,SOLDAGEM
4721,2025-08-05,MAT027,22,FABRICACAO
4722,2025-08-05,MAT027,22,MANUTENCAO
4723,2025-08-14,MAT027,13,FABRICACAO
4724,2025-08-13,MAT027,12,MANUTENCAO
4725,2025-08-13,MAT027,12,MECANICA
4726,2025-08-22,MAT027,36,SOLDAGEM
4727,2025-08-29,MAT027,13,FABRICACAO
4728,2025-08-27,MAT027,13,MANUTENCAO
4729,2025-09-02,MAT027,27,SOLDAGEM
4730,2025-09-04,MAT027,27,ELETRICA
4731,2025-09-11,MAT027,9,FABRICACAO
4732,2025-09-09,MAT027,9,SOLDAGEM
4733,2025-09-08,MAT027,8,MANUTENCAO
4734,2025-09-15,MAT027,17,FABRICACAO
4735,2025-09-19,MAT027,16,MECANICA
4736,2025-09-25,MAT027,10,SOLDAGEM
4737,2025-09-26,MAT027,10,ELETRICA
4738,2025-09-25,MAT027,9,MECANICA
4739,2025-10-03,MAT027,7,SOLDAGEM
4740,2025-09-29,MAT027,7,SOLDAGEM
4741,2025-09-30,MAT027,7,ELETRICA
4742,2025-10-09,MAT027,13,MECANICA
4743,2025-10-10,MAT027,13,MECANICA
4744,2025-10-07,MAT027,12,MECANICA
4745,2025-10-14,MAT027,33,MANUTENCAO
4746,2025-10-21,MAT027,14,ELETRICA
4747,2025-10-23,MAT027,14,MANUTENCAO
4748,2025-10-20,MAT027,13,ELETRICA
4749,2025-10-31,MAT027,14,ELETRICA
4750,2025-10-30,MAT027,14,FABRICACAO
4751,2025-10-29,MAT027,13,FABRICACAO
4752,2025-11-04,MAT027,34,MANUTENCAO
4753,2025-11-14,MAT027,13,ELETRICA
4754,2025-11-11,MAT027,13,MANUTENCAO
4755,2025-11-19,MAT027,25,FABRICACAO
4756,2025-11-26,MAT027,25,SOLDAGEM
4757,2025-12-04,MAT027,20,FABRICACAO
4758,2025-12-02,MAT027,20,FABRICACAO
4759,2025-12-12,MAT027,8,MECANICA
4760,2025-12-09,MAT027,7,ELETRICA
4761,2025-12-12,MAT027,7,ELETRICA
4762,2025-12-19,MAT027,11,FABRICACAO
4763,2025-12-16,MAT027,11,SOLDAGEM
4764,2025-12-19,MAT027,11,FABRICACAO
4765,2025-12-22,MAT027,11,FABRICACAO
4766,2025-12-24,MAT027,11,MANUTENCAO
4767,2025-12-22,MAT027,11,FABRICACAO
4768,2025-12-31,MAT027,20,MANUTENCAO
4769,2025-12-31,MAT027,19,FABRICACAO
4770,2026-01-09,MAT027,13,ELETRICA
4771,2026-01-09,MAT027,13,SOLDAGEM
4772,2026-01-12,MAT027,10,FABRICACAO
4773,2026-01-16,MAT027,10,MECANICA
4774,2026-01-16,MAT027,9,FABRICACAO
4775,2026-01-19,MAT027,25,FABRICACAO
4776,2026-01-29,MAT027,11,MECANICA
4777,2026-01-26,MAT027,10,ELETRICA
4778,2026-02-06,MAT027,13,FABRICACAO
4779,2026-02-03,MAT027,13,FABRICACAO
4780,2026-02-10,MAT027,22,SOLDAGEM
4781,2026-02-17,MAT027,37,ELETRICA
4782,2026-02-24,MAT027,11,SOLDAGEM
4783,2026-02-23,MAT027,10,FABRICACAO
4784,2026-03-05,MAT027,7,MECANICA
4785,2026-03-04,MAT027,6,MECANICA
4786,2026-03-04,MAT027,6,ELETRICA
4787,2026-03-13,MAT027,23,FABRICACAO
4788,2026-03-19,MAT027,7,FABRICACAO
4789,2026-03-17,MAT027,7,SOLDAGEM
4790,2026-03-19,MAT027,6,MANUTENCAO
4791,2026-03-23,MAT027,23,MANUTENCAO
4792,2026-03-30,MAT027,9,FABRICACAO
4793,2026-03-30,MAT027,8,SOLDAGEM
4794,2026-03-31,MAT027,8,MECANICA
4795,2026-04-07,MAT027,13,SOLDAGEM
4796,2026-04-16,MAT027,24,ELETRICA
4797,2026-04-21,MAT027,18,MECANICA
4798,2026-04-27,MAT027,7,MANUTENCAO
4799,2026-04-30,MAT027,7,FABRICACAO
4800,2026-04-30,MAT027,7,MANUTENCAO
4801,2026-05-07,MAT027,9,SOLDAGEM
4802,2026-05-07,MAT027,8,SOLDAGEM
4803,2026-05-11,MAT027,10,FABRICACAO
4804,2026-05-15,MAT027,10,MECANICA
4805,2026-05-21,MAT027,18,SOLDAGEM
4806,2026-05-27,MAT027,10,ELETRICA
4807,2026-05-28,MAT027,10,MANUTENCAO
4808,2026-06-05,MAT027,7,SOLDAGEM
4809,2026-06-02,MAT027,6,ELETRICA
4810,2026-06-01,MAT027,6,ELETRICA
4811,2026-06-12,MAT027,9,MECANICA
4812,2026-06-08,MAT027,8,FABRICACAO
4813,2026-06-16,MAT027,8,FABRICACAO
4814,2026-06-19,MAT027,7,FABRICACAO
4815,2026-06-15,MAT027,7,MANUTENCAO
4816,2026-06-26,MAT027,9,FABRICACAO
4817,2026-06-22,MAT027,9,FABRICACAO
4818,2026-06-26,MAT027,8,SOLDAGEM
4819,2026-07-02,MAT027,11,FABRICACAO
4820,2026-06-29,MAT027,10,ELETRICA
4821,2026-07-06,MAT027,8,MECANICA
4822,2026-07-07,MAT027,7,FABRICACAO
4823,2026-07-13,MAT027,30,FABRICACAO
4824,2026-07-24,MAT027,24,MECANICA
4825,2026-07-27,MAT027,16,MECANICA
4826,2026-07-29,MAT027,16,SOLDAGEM
4827,2026-08-03,MAT027,5,FABRICACAO
4828,2026-08-03,MAT027,5,MECANICA
4829,2026-08-11,MAT027,20,SOLDAGEM
4830,2026-08-11,MAT027,20,MECANICA
4831,2026-08-21,MAT027,5,MANUTENCAO
4832,2026-08-18,MAT027,5,MANUTENCAO
4833,2026-08-21,MAT027,5,MANUTENCAO
4834,2026-08-27,MAT027,39,ELETRICA
4835,2026-09-04,MAT027,28,MANUTENCAO
4836,2026-09-07,MAT027,38,FABRICACAO
4837,2024-09-16,MAT028,23,MECANICA
4838,2024-09-17,MAT028,23,SOLDAGEM
4839,2024-09-26,MAT028,20,SOLDAGEM
4840,2024-09-23,MAT028,20,MANUTENCAO
4841,2024-10-03,MAT028,26,SOLDAGEM
4842,2024-10-02,MAT028,25,SOLDAGEM
4843,2024-10-07,MAT028,25,SOLDAGEM
4844,2024-10-11,MAT028,25,SOLDAGEM
4845,2024-10-17,MAT028,54,MANUTENCAO
4846,2024-10-25,MAT028,46,MECANICA
4847,2024-10-31,MAT028,15,FABRICACAO
4848,2024-10-31,MAT028,15,FABRICACAO
4849,2024-10-28,MAT028,15,SOLDAGEM
4850,2024-11-08,MAT028,19,FABRICACAO
4851,2024-11-06,MAT028,18,ELETRICA
4852,2024-11-06,MAT028,18,MECANICA
4853,2024-11-11,MAT028,29,SOLDAGEM
4854,2024-11-14,MAT028,28,MECANICA
4855,2024-11-22,MAT028,57,FABRICACAO
4856,2024-11-27,MAT028,36,FABRICACAO
4857,2024-12-06,MAT028,27,FABRICACAO
4858,2024-12-04,MAT028,27,ELETRICA
4859,2024-12-13,MAT028,52,MECANICA
4860,2024-12-18,MAT028,18,ELETRICA
4861,2024-12-20,MAT028,17,FABRICACAO
4862,2024-12-23,MAT028,23,MANUTENCAO
4863,2024-12-26,MAT028,23,SOLDAGEM
4864,2024-12-31,MAT028,26,MECANICA
4865,2024-12-30,MAT028,26,FABRICACAO
4866,2025-01-10,MAT028,59,MECANICA
4867,2025-01-15,MAT028,29,MANUTENCAO
4868,2025-01-15,MAT028,28,MANUTENCAO
4869,2025-01-21,MAT028,43,MANUTENCAO
4870,2025-01-27,MAT028,13,ELETRICA
4871,2025-01-29,MAT028,13,FABRICACAO
4872,2025-01-27,MAT028,12,SOLDAGEM
4873,2025-02-07,MAT028,13,ELETRICA
4874,2025-02-04,MAT028,12,MECANICA
4875,2025-02-04,MAT028,12,SOLDAGEM
4876,2025-02-11,MAT028,15,MANUTENCAO
4877,2025-02-14,MAT028,15,MECANICA
4878,2025-02-18,MAT028,15,SOLDAGEM
4879,2025-02-21,MAT028,15,SOLDAGEM
4880,2025-02-20,MAT028,14,MANUTENCAO
4881,2025-02-25,MAT028,21,SOLDAGEM
4882,2025-02-25,MAT028,21,FABRICACAO
4883,2025-03-05,MAT028,8,MECANICA
4884,2025-03-06,MAT028,8,MANUTENCAO
4885,2025-03-03,MAT028,7,ELETRICA
4886,2025-03-12,MAT028,16,MANUTENCAO
4887,2025-03-10,MAT028,16,MECANICA
4888,2025-03-14,MAT028,15,SOLDAGEM
4889,2025-03-19,MAT028,18,MECANICA
4890,2025-03-21,MAT028,17,MECANICA
4891,2025-03-28,MAT028,45,MANUTENCAO
4892,2025-04-02,MAT028,30,MECANICA
4893,2025-04-09,MAT028,19,MANUTENCAO
4894,2025-04-10,MAT028,19,MANUTENCAO
4895,2025-04-16,MAT028,20,SOLDAGEM
4896,2025-04-18,MAT028,20,ELETRICA
4897,2025-04-24,MAT028,24,ELETRICA
4898,2025-04-25,MAT028,23,SOLDAGEM
4899,2025-04-30,MAT028,45,SOLDAGEM
4900,2025-05-07,MAT028,26,SOLDAGEM
4901,2025-05-14,MAT028,36,SOLDAGEM
4902,2025-05-21,MAT028,21,MECANICA
4903,2025-05-19,MAT028,21,MANUTENCAO
4904,2025-05-29,MAT028,34,MECANICA
4905,2025-06-05,MAT028,36,FABRICACAO
4906,2025-06-12,MAT028,26,MECANICA
4907,2025-06-11,MAT028,25,FABRICACAO
4908,2025-06-20,MAT028,44,MANUTENCAO
4909,2025-06-23,MAT028,42,SOLDAGEM
4910,2025-07-03,MAT028,20,MECANICA
4911,2025-07-04,MAT028,19,ELETRICA
4912,2025-07-08,MAT028,47,FABRICACAO
4913,2025-07-14,MAT028,40,MECANICA
4914,2025-07-21,MAT028,10,MECANICA
4915,2025-07-21,MAT028,9,FABRICACAO
4916,2025-07-25,MAT028,9,MANUTENCAO
4917,2025-08-01,MAT028,26,ELETRICA
4918,2025-07-30,MAT028,26,SOLDAGEM
4919,2025-08-04,MAT028,13,MECANICA
4920,2025-08-05,MAT028,13,MANUTENCAO
4921,2025-08-04,MAT028,12,FABRICACAO
4922,2025-08-13,MAT028,33,MECANICA
4923,2025-08-18,MAT028,22,ELETRICA
4924,2025-08-21,MAT028,22,MANUTENCAO
4925,2025-08-26,MAT028,43,MECANICA
4926,2025-09-01,MAT028,20,FABRICACAO
4927,2025-09-05,MAT028,20,MECANICA
4928,2025-09-12,MAT028,20,FABRICACAO
4929,2025-09-09,MAT028,20,MECANICA
4930,2025-09-11,MAT028,19,ELETRICA
4931,2025-09-16,MAT028,52,ELETRICA
4932,2025-09-22,MAT028,13,FABRICACAO
4933,2025-09-23,MAT028,13,MECANICA
4934,2025-09-22,MAT028,12,SOLDAGEM
4935,2025-10-03,MAT028,17,MECANICA
4936,2025-10-02,MAT028,17,ELETRICA
4937,2025-10-02,MAT028,16,ELETRICA
4938,2025-10-07,MAT028,19,FABRICACAO
4939,2025-10-07,MAT028,19,SOLDAGEM
4940,2025-10-16,MAT028,53,SOLDAGEM
4941,2025-10-21,MAT028,22,ELETRICA
4942,2025-10-22,MAT028,21,MANUTENCAO
4943,2025-10-27,MAT028,42,SOLDAGEM
4944,2025-11-06,MAT028,47,SOLDAGEM
4945,2025-11-12,MAT028,18,MANUTENCAO
4946,2025-11-13,MAT028,18,SOLDAGEM
4947,2025-11-11,MAT028,17,MANUTENCAO
4948,2025-11-21,MAT028,45,SOLDAGEM
4949,2025-11-26,MAT028,30,MECANICA
4950,2025-12-01,MAT028,41,MANUTENCAO
4951,2025-12-12,MAT028,37,MANUTENCAO
4952,2025-12-18,MAT028,21,FABRICACAO
4953,2025-12-16,MAT028,21,FABRICACAO
4954,2025-12-26,MAT028,15,SOLDAGEM
4955,2025-12-26,MAT028,15,SOLDAGEM
4956,2025-12-22,MAT028,15,ELETRICA
4957,2025-12-29,MAT028,27,MANUTENCAO
4958,2026-01-09,MAT028,15,ELETRICA
4959,2026-01-06,MAT028,15,MECANICA
4960,2026-01-07,MAT028,14,FABRICACAO
4961,2026-01-15,MAT028,13,ELETRICA
4962,2026-01-12,MAT028,13,MECANICA
4963,2026-01-16,MAT028,13,FABRICACAO
4964,2026-01-23,MAT028,14,MECANICA
4965,2026-01-22,MAT028,14,FABRICACAO
4966,2026-01-20,MAT028,13,FABRICACAO
4967,2026-01-28,MAT028,39,SOLDAGEM
4968,2026-02-02,MAT028,17,SOLDAGEM
4969,2026-02-05,MAT028,16,FABRICACAO
4970,2026-02-11,MAT028,37,ELETRICA
4971,2026-02-18,MAT028,14,MANUTENCAO
4972,2026-02-19,MAT028,13,MANUTENCAO
4973,2026-02-17,MAT028,13,MECANICA
4974,2026-02-27,MAT028,11,FABRICACAO
4975,2026-02-23,MAT028,11,MECANICA
4976,2026-02-23,MAT028,11,ELETRICA
4977,2026-03-04,MAT028,27,ELETRICA
4978,2026-03-05,MAT028,27,ELETRICA
4979,2026-03-13,MAT028,9,FABRICACAO
4980,2026-03-09,MAT028,9,SOLDAGEM
4981,2026-03-11,MAT028,8,MECANICA
4982,2026-03-17,MAT028,11,ELETRICA
4983,2026-03-16,MAT028,11,SOLDAGEM
4984,2026-03-17,MAT028,11,MANUTENCAO
4985,2026-03-27,MAT028,16,FABRICACAO
4986,2026-03-24,MAT028,16,SOLDAGEM
4987,2026-04-02,MAT028,11,MECANICA
4988,2026-03-31,MAT028,11,FABRICACAO
4989,2026-04-01,MAT028,10,MANUTENCAO
4990,2026-04-09,MAT028,19,SOLDAGEM
4991,2026-04-08,MAT028,19,ELETRICA
4992,2026-04-13,MAT028,33,ELETRICA
4993,2026-04-24,MAT028,16,FABRICACAO
4994,2026-04-23,MAT028,16,ELETRICA
4995,2026-04-27,MAT028,11,FABRICACAO
4996,2026-04-30,MAT028,10,MECANICA
4997,2026-04-30,MAT028,10,MANUTENCAO
4998,2026-05-07,MAT028,18,MANUTENCAO
4999,2026-05-08,MAT028,17,SOLDAGEM
5000,2026-05-15,MAT028,19,ELETRICA
5001,2026-05-15,MAT028,18,MANUTENCAO
5002,2026-05-22,MAT028,11,MECANICA
5003,2026-05-21,MAT028,11,FABRICACAO
5004,2026-05-29,MAT028,10,MECANICA
5005,2026-05-25,MAT028,10,SOLDAGEM
5006,2026-05-28,MAT028,9,SOLDAGEM
5007,2026-06-05,MAT028,20,SOLDAGEM
5008,2026-06-02,MAT028,20,SOLDAGEM
5009,2026-06-12,MAT028,15,SOLDAGEM
5010,2026-06-10,MAT028,14,ELETRICA
5011,2026-06-17,MAT028,37,MECANICA
5012,2026-06-23,MAT028,13,FABRICACAO
5013,2026-06-24,MAT028,13,SOLDAGEM
5014,2026-06-22,MAT028,12,MANUTENCAO
5015,2026-06-29,MAT028,29,MANUTENCAO
5016,2026-07-07,MAT028,38,SOLDAGEM
5017,2026-07-17,MAT028,37,MECANICA
5018,2026-07-24,MAT028,36,ELETRICA
5019,2026-07-29,MAT028,24,MECANICA
5020,2026-07-31,MAT028,24,SOLDAGEM
5021,2026-08-04,MAT028,23,MECANICA
5022,2026-08-05,MAT028,22,MECANICA
5023,2026-08-10,MAT028,19,ELETRICA
5024,2026-08-10,MAT028,19,SOLDAGEM
5025,2026-08-14,MAT028,19,MECANICA
5026,2026-08-20,MAT028,37,FABRICACAO
5027,2026-08-24,MAT028,12,MANUTENCAO
5028,2026-08-24,MAT028,11,FABRICACAO
5029,2026-08-26,MAT028,11,MECANICA
5030,2026-09-03,MAT028,9,ELETRICA
5031,2026-09-01,MAT028,9,MANUTENCAO
5032,2026-08-31,MAT028,9,SOLDAGEM
5033,2026-09-08,MAT028,52,SOLDAGEM
5034,2024-09-18,MAT029,8,SOLDAGEM
5035,2024-09-20,MAT029,7,MECANICA
5036,2024-09-25,MAT029,12,SOLDAGEM
5037,2024-09-30,MAT029,7,MANUTENCAO
5038,2024-10-03,MAT029,6,ELETRICA
5039,2024-10-11,MAT029,6,ELETRICA
5040,2024-10-11,MAT029,6,MANUTENCAO
5041,2024-10-18,MAT029,13,SOLDAGEM
5042,2024-10-21,MAT029,4,SOLDAGEM
5043,2024-10-22,MAT029,4,MECANICA
5044,2024-10-24,MAT029,4,FABRICACAO
5045,2024-10-30,MAT029,10,SOLDAGEM
5046,2024-11-08,MAT029,7,SOLDAGEM
5047,2024-11-07,MAT029,6,ELETRICA
5048,2024-11-12,MAT029,11,MANUTENCAO
5049,2024-11-20,MAT029,6,ELETRICA
5050,2024-11-19,MAT029,5,SOLDAGEM
5051,2024-11-19,MAT029,5,FABRICACAO
5052,2024-11-28,MAT029,15,MANUTENCAO
5053,2024-12-04,MAT029,10,MECANICA
5054,2024-12-10,MAT029,12,MANUTENCAO
5055,2024-12-19,MAT029,6,MANUTENCAO
5056,2024-12-20,MAT029,5,MECANICA
5057,2024-12-19,MAT029,5,ELETRICA
5058,2024-12-25,MAT029,4,FABRICACAO
5059,2024-12-26,MAT029,4,MECANICA
5060,2024-12-23,MAT029,4,FABRICACAO
5061,2024-12-31,MAT029,6,ELETRICA
5062,2024-12-31,MAT029,6,MANUTENCAO
5063,2025-01-08,MAT029,7,FABRICACAO
5064,2025-01-10,MAT029,6,MANUTENCAO
5065,2025-01-16,MAT029,10,SOLDAGEM
5066,2025-01-22,MAT029,5,MANUTENCAO
5067,2025-01-21,MAT029,5,MANUTENCAO
5068,2025-01-31,MAT029,8,SOLDAGEM
5069,2025-01-30,MAT029,8,MECANICA
5070,2025-02-06,MAT029,9,MECANICA
5071,2025-02-05,MAT029,8,MECANICA
5072,2025-02-10,MAT029,6,FABRICACAO
5073,2025-02-10,MAT029,5,MANUTENCAO
5074,2025-02-21,MAT029,7,MECANICA
5075,2025-02-19,MAT029,6,SOLDAGEM
5076,2025-02-27,MAT029,4,MECANICA
5077,2025-02-25,MAT029,4,MECANICA
5078,2025-02-28,MAT029,4,MANUTENCAO
5079,2025-03-06,MAT029,8,FABRICACAO
5080,2025-03-10,MAT029,8,SOLDAGEM
5081,2025-03-11,MAT029,8,MECANICA
5082,2025-03-19,MAT029,4,MECANICA
5083,2025-03-21,MAT029,3,MANUTENCAO
5084,2025-03-24,MAT029,4,MECANICA
5085,2025-03-28,MAT029,4,MANUTENCAO
5086,2025-03-27,MAT029,4,MANUTENCAO
5087,2025-04-04,MAT029,5,SOLDAGEM
5088,2025-04-02,MAT029,5,MECANICA
5089,2025-03-31,MAT029,4,SOLDAGEM
5090,2025-04-09,MAT029,12,FABRICACAO
5091,2025-04-16,MAT029,6,ELETRICA
5092,2025-04-14,MAT029,5,ELETRICA
5093,2025-04-22,MAT029,12,ELETRICA
5094,2025-04-28,MAT029,15,FABRICACAO
5095,2025-05-08,MAT029,8,FABRICACAO
5096,2025-05-06,MAT029,7,MECANICA
5097,2025-05-16,MAT029,3,MECANICA
5098,2025-05-13,MAT029,3,SOLDAGEM
5099,2025-05-14,MAT029,2,MANUTENCAO
5100,2025-05-22,MAT029,13,MANUTENCAO
5101,2025-05-30,MAT029,8,ELETRICA
5102,2025-05-29,MAT029,7,MECANICA
5103,2025-06-04,MAT029,3,MECANICA
5104,2025-06-06,MAT029,3,MECANICA
5105,2025-06-02,MAT029,2,SOLDAGEM
5106,2025-06-09,MAT029,13,ELETRICA
5107,2025-06-16,MAT029,5,MANUTENCAO
5108,2025-06-17,MAT029,4,MANUTENCAO
5109,2025-06-27,MAT029,4,SOLDAGEM
5110,2025-06-27,MAT029,3,MANUTENCAO
5111,2025-06-25,MAT029,3,MECANICA
5112,2025-07-02,MAT029,14,ELETRICA
5113,2025-07-09,MAT029,5,MECANICA
5114,2025-07-11,MAT029,5,FABRICACAO
5115,2025-07-08,MAT029,4,ELETRICA
5116,2025-07-16,MAT029,10,FABRICACAO
5117,2025-07-21,MAT029,15,MANUTENCAO
5118,2025-07-30,MAT029,7,MECANICA
5119,2025-07-30,MAT029,7,FABRICACAO
5120,2025-08-04,MAT029,7,ELETRICA
5121,2025-08-05,MAT029,6,SOLDAGEM
5122,2025-08-04,MAT029,6,FABRICACAO
5123,2025-08-13,MAT029,8,ELETRICA
5124,2025-08-22,MAT029,5,SOLDAGEM
5125,2025-08-22,MAT029,4,FABRICACAO
5126,2025-08-19,MAT029,4,SOLDAGEM
5127,2025-08-26,MAT029,5,SOLDAGEM
5128,2025-08-25,MAT029,4,FABRICACAO
5129,2025-08-26,MAT029,4,MANUTENCAO
5130,2025-09-01,MAT029,5,ELETRICA
5131,2025-09-04,MAT029,5,FABRICACAO
5132,2025-09-04,MAT029,4,MANUTENCAO
5133,2025-09-12,MAT029,8,FABRICACAO
5134,2025-09-11,MAT029,8,MECANICA
5135,2025-09-16,MAT029,4,MECANICA
5136,2025-09-17,MAT029,3,MECANICA
5137,2025-09-17,MAT029,3,ELETRICA
5138,2025-09-26,MAT029,5,MANUTENCAO
5139,2025-09-23,MAT029,5,ELETRICA
5140,2025-09-26,MAT029,4,FABRICACAO
5141,2025-10-02,MAT029,8,SOLDAGEM
5142,2025-09-30,MAT029,7,ELETRICA
5143,2025-10-08,MAT029,6,SOLDAGEM
5144,2025-10-08,MAT029,6,ELETRICA
5145,2025-10-15,MAT029,6,MECANICA
5146,2025-10-16,MAT029,5,FABRICACAO
5147,2025-10-14,MAT029,5,MECANICA
5148,2025-10-23,MAT029,4,FABRICACAO
5149,2025-10-24,MAT029,3,FABRICACAO
5150,2025-10-22,MAT029,3,ELETRICA
5151,2025-10-29,MAT029,16,MANUTENCAO
5152,2025-11-06,MAT029,3,SOLDAGEM
5153,2025-11-05,MAT029,3,MANUTENCAO
5154,2025-11-05,MAT029,3,MANUTENCAO
5155,2025-11-14,MAT029,5,MANUTENCAO
5156,2025-11-12,MAT029,5,MANUTENCAO
5157,2025-11-10,MAT029,5,SOLDAGEM
5158,2025-11-20,MAT029,3,MECANICA
5159,2025-11-19,MAT029,2,SOLDAGEM
5160,2025-11-18,MAT029,2,ELETRICA
5161,2025-11-26,MAT029,7,MECANICA
5162,2025-11-26,MAT029,7,MECANICA
5163,2025-12-05,MAT029,5,FABRICACAO
5164,2025-12-04,MAT029,5,MANUTENCAO
5165,2025-12-02,MAT029,4,MANUTENCAO
5166,2025-12-11,MAT029,11,MANUTENCAO
5167,2025-12-12,MAT029,10,MANUTENCAO
5168,2025-12-19,MAT029,4,FABRICACAO
5169,2025-12-17,MAT029,4,FABRICACAO
5170,2025-12-17,MAT029,3,MECANICA
5171,2025-12-22,MAT029,8,MANUTENCAO
5172,2025-12-24,MAT029,8,SOLDAGEM
5173,2026-01-02,MAT029,5,FABRICACAO
5174,2026-01-02,MAT029,4,ELETRICA
5175,2025-12-29,MAT029,4,MECANICA
5176,2026-01-05,MAT029,4,SOLDAGEM
5177,2026-01-05,MAT029,3,SOLDAGEM
5178,2026-01-15,MAT029,6,ELETRICA
5179,2026-01-15,MAT029,5,FABRICACAO
5180,2026-01-22,MAT029,13,MANUTENCAO
5181,2026-01-28,MAT029,5,SOLDAGEM
5182,2026-01-27,MAT029,4,MECANICA
5183,2026-01-30,MAT029,4,ELETRICA
5184,2026-02-06,MAT029,3,MANUTENCAO
5185,2026-02-03,MAT029,3,MECANICA
5186,2026-02-09,MAT029,7,MANUTENCAO
5187,2026-02-11,MAT029,7,FABRICACAO
5188,2026-02-18,MAT029,16,FABRICACAO
5189,2026-02-26,MAT029,5,FABRICACAO
5190,2026-02-25,MAT029,4,ELETRICA
5191,2026-03-06,MAT029,7,MECANICA
5192,2026-03-05,MAT029,6,SOLDAGEM
5193,2026-03-10,MAT029,8,FABRICACAO
5194,2026-03-13,MAT029,7,SOLDAGEM
5195,2026-03-10,MAT029,7,SOLDAGEM
5196,2026-03-20,MAT029,5,FABRICACAO
5197,2026-03-16,MAT029,5,SOLDAGEM
5198,2026-03-18,MAT029,5,SOLDAGEM
5199,2026-03-26,MAT029,10,ELETRICA
5200,2026-04-02,MAT029,6,ELETRICA
5201,2026-04-03,MAT029,5,MANUTENCAO
5202,2026-04-07,MAT029,4,FABRICACAO
5203,2026-04-08,MAT029,3,MECANICA
5204,2026-04-10,MAT029,3,SOLDAGEM
5205,2026-04-13,MAT029,3,SOLDAGEM
5206,2026-04-15,MAT029,3,MECANICA
5207,2026-04-17,MAT029,3,FABRICACAO
5208,2026-04-21,MAT029,5,MECANICA
5209,2026-04-23,MAT029,5,ELETRICA
5210,2026-04-24,MAT029,4,MECANICA
5211,2026-04-29,MAT029,7,MECANICA
5212,2026-04-30,MAT029,6,SOLDAGEM
5213,2026-05-05,MAT029,10,ELETRICA
5214,2026-05-14,MAT029,14,SOLDAGEM
5215,2026-05-20,MAT029,5,MANUTENCAO
5216,2026-05-21,MAT029,4,MECANICA
5217,2026-05-29,MAT029,5,MANUTENCAO
5218,2026-05-27,MAT029,4,FABRICACAO
5219,2026-05-27,MAT029,4,FABRICACAO
5220,2026-06-05,MAT029,4,MANUTENCAO
5221,2026-06-05,MAT029,3,SOLDAGEM
5222,2026-06-01,MAT029,3,SOLDAGEM
5223,2026-06-12,MAT029,4,SOLDAGEM
5224,2026-06-12,MAT029,4,MECANICA
5225,2026-06-08,MAT029,3,MANUTENCAO
5226,2026-06-19,MAT029,17,SOLDAGEM
5227,2026-06-25,MAT029,7,FABRICACAO
5228,2026-06-23,MAT029,6,ELETRICA
5229,2026-07-03,MAT029,4,MECANICA
5230,2026-07-03,MAT029,4,SOLDAGEM
5231,2026-06-30,MAT029,3,SOLDAGEM
5232,2026-07-08,MAT029,5,MECANICA
5233,2026-07-06,MAT029,5,SOLDAGEM
5234,2026-07-09,MAT029,4,MANUTENCAO
5235,2026-07-16,MAT029,4,ELETRICA
5236,2026-07-16,MAT029,4,FABRICACAO
5237,2026-07-16,MAT029,3,SOLDAGEM
5238,2026-07-21,MAT029,7,MANUTENCAO
5239,2026-07-22,MAT029,7,MECANICA
5240,2026-07-30,MAT029,7,SOLDAGEM
5241,2026-07-27,MAT029,7,MANUTENCAO
5242,2026-08-05,MAT029,6,MANUTENCAO
5243,2026-08-06,MAT029,6,MANUTENCAO
5244,2026-08-12,MAT029,12,FABRICACAO
5245,2026-08-20,MAT029,4,MECANICA
5246,2026-08-17,MAT029,4,MANUTENCAO
5247,2026-08-20,MAT029,3,FABRICACAO
5248,2026-08-26,MAT029,12,MECANICA
5249,2026-08-31,MAT029,4,MANUTENCAO
5250,2026-09-03,MAT029,4,FABRICACAO
5251,2026-08-31,MAT029,4,MECANICA
5252,2026-09-08,MAT029,5,SOLDAGEM
5253,2026-09-10,MAT029,5,SOLDAGEM
5254,2026-09-07,MAT029,5,ELETRICA
5255,2024-09-17,MAT030,4,MECANICA
5256,2024-09-16,MAT030,3,FABRICACAO
5257,2024-09-27,MAT030,3,SOLDAGEM
5258,2024-09-25,MAT030,3,ELETRICA
5259,2024-10-03,MAT030,5,SOLDAGEM
5260,2024-10-09,MAT030,8,MANUTENCAO
5261,2024-10-16,MAT030,3,FABRICACAO
5262,2024-10-17,MAT030,2,ELETRICA
5263,2024-10-25,MAT030,4,MANUTENCAO
5264,2024-10-30,MAT030,5,ELETRICA
5265,2024-11-04,MAT030,3,ELETRICA
5266,2024-11-08,MAT030,2,MANUTENCAO
5267,2024-11-15,MAT030,3,FABRICACAO
5268,2024-11-12,MAT030,3,ELETRICA
5269,2024-11-14,MAT030,2,MANUTENCAO
5270,2024-11-20,MAT030,5,ELETRICA
5271,2024-11-29,MAT030,7,SOLDAGEM
5272,2024-12-04,MAT030,2,FABRICACAO
5273,2024-12-04,MAT030,1,MECANICA
5274,2024-12-12,MAT030,3,ELETRICA
5275,2024-12-11,MAT030,2,MECANICA
5276,2024-12-18,MAT030,3,MANUTENCAO
5277,2024-12-17,MAT030,2,MECANICA
5278,2024-12-27,MAT030,4,FABRICACAO
5279,2025-01-01,MAT030,2,MANUTENCAO
5280,2025-01-01,MAT030,2,SOLDAGEM
5281,2025-01-02,MAT030,1,MANUTENCAO
5282,2025-01-09,MAT030,2,MANUTENCAO
5283,2025-01-10,MAT030,1,FABRICACAO
5284,2025-01-17,MAT030,3,FABRICACAO
5285,2025-01-21,MAT030,3,ELETRICA
5286,2025-01-20,MAT030,2,FABRICACAO
5287,2025-01-28,MAT030,2,FABRICACAO
5288,2025-02-07,MAT030,4,SOLDAGEM
5289,2025-02-11,MAT030,2,ELETRICA
5290,2025-02-11,MAT030,2,MECANICA
5291,2025-02-14,MAT030,1,FABRICACAO
5292,2025-02-18,MAT030,4,ELETRICA
5293,2025-02-21,MAT030,4,MECANICA
5294,2025-02-26,MAT030,2,SOLDAGEM
5295,2025-02-28,MAT030,2,MANUTENCAO
5296,2025-02-24,MAT030,1,ELETRICA
5297,2025-03-05,MAT030,3,MANUTENCAO
5298,2025-03-04,MAT030,2,SOLDAGEM
5299,2025-03-12,MAT030,4,ELETRICA
5300,2025-03-19,MAT030,2,MECANICA
5301,2025-03-19,MAT030,1,FABRICACAO
5302,2025-03-21,MAT030,1,FABRICACAO
5303,2025-03-24,MAT030,4,MECANICA
5304,2025-03-27,MAT030,3,SOLDAGEM
5305,2025-04-04,MAT030,4,MECANICA
5306,2025-04-11,MAT030,2,SOLDAGEM
5307,2025-04-10,MAT030,2,ELETRICA
5308,2025-04-17,MAT030,5,FABRICACAO
5309,2025-04-21,MAT030,7,ELETRICA
5310,2025-04-29,MAT030,2,MECANICA
5311,2025-05-01,MAT030,2,FABRICACAO
5312,2025-05-02,MAT030,2,ELETRICA
5313,2025-05-07,MAT030,2,MECANICA
5314,2025-05-05,MAT030,2,SOLDAGEM
5315,2025-05-09,MAT030,2,FABRICACAO
5316,2025-05-13,MAT030,3,MANUTENCAO
5317,2025-05-20,MAT030,4,FABRICACAO
5318,2025-05-26,MAT030,4,MECANICA
5319,2025-05-27,MAT030,4,ELETRICA
5320,2025-06-02,MAT030,4,MECANICA
5321,2025-06-11,MAT030,7,MECANICA
5322,2025-06-16,MAT030,2,FABRICACAO
5323,2025-06-25,MAT030,2,SOLDAGEM
5324,2025-06-27,MAT030,2,MECANICA
5325,2025-06-25,MAT030,1,SOLDAGEM
5326,2025-06-30,MAT030,4,MECANICA
5327,2025-07-10,MAT030,3,MECANICA
5328,2025-07-17,MAT030,4,FABRICACAO
5329,2025-07-21,MAT030,3,FABRICACAO
5330,2025-07-21,MAT030,2,MECANICA
5331,2025-07-24,MAT030,2,MANUTENCAO
5332,2025-07-30,MAT030,2,FABRICACAO
5333,2025-08-01,MAT030,1,FABRICACAO
5334,2025-08-01,MAT030,1,ELETRICA
5335,2025-08-06,MAT030,1,FABRICACAO
5336,2025-08-05,MAT030,1,ELETRICA
5337,2025-08-07,MAT030,1,ELETRICA
5338,2025-08-12,MAT030,2,ELETRICA
5339,2025-08-19,MAT030,2,MANUTENCAO
5340,2025-08-21,MAT030,1,MECANICA
5341,2025-08-18,MAT030,1,FABRICACAO
5342,2025-08-26,MAT030,4,ELETRICA
5343,2025-08-25,MAT030,3,ELETRICA
5344,2025-09-03,MAT030,2,SOLDAGEM
5345,2025-09-01,MAT030,2,SOLDAGEM
5346,2025-09-04,MAT030,2,MECANICA
5347,2025-09-10,MAT030,6,ELETRICA
5348,2025-09-18,MAT030,4,FABRICACAO
5349,2025-09-18,MAT030,4,MANUTENCAO
5350,2025-09-24,MAT030,2,FABRICACAO
5351,2025-09-26,MAT030,2,MANUTENCAO
5352,2025-09-23,MAT030,2,MECANICA
5353,2025-10-01,MAT030,6,MECANICA
5354,2025-10-07,MAT030,2,FABRICACAO
5355,2025-10-06,MAT030,2,MANUTENCAO
5356,2025-10-08,MAT030,2,SOLDAGEM
5357,2025-10-13,MAT030,2,FABRICACAO
5358,2025-10-17,MAT030,1,MECANICA
5359,2025-10-17,MAT030,1,MANUTENCAO
5360,2025-10-21,MAT030,3,MECANICA
5361,2025-10-20,MAT030,2,ELETRICA
5362,2025-10-22,MAT030,2,FABRICACAO
5363,2025-10-30,MAT030,4,ELETRICA
5364,2025-11-05,MAT030,2,FABRICACAO
5365,2025-11-04,MAT030,2,SOLDAGEM
5366,2025-11-07,MAT030,1,SOLDAGEM
5367,2025-11-11,MAT030,3,MECANICA
5368,2025-11-14,MAT030,3,ELETRICA
5369,2025-11-19,MAT030,2,ELETRICA
5370,2025-11-21,MAT030,2,MECANICA
5371,2025-11-21,MAT030,2,FABRICACAO
5372,2025-11-28,MAT030,9,MECANICA
5373,2025-12-01,MAT030,3,SOLDAGEM
5374,2025-12-02,MAT030,2,SOLDAGEM
5375,2025-12-08,MAT030,3,ELETRICA
5376,2025-12-11,MAT030,3,FABRICACAO
5377,2025-12-18,MAT030,4,FABRICACAO
5378,2025-12-18,MAT030,4,ELETRICA
5379,2025-12-22,MAT030,3,ELETRICA
5380,2025-12-25,MAT030,3,SOLDAGEM
5381,2025-12-30,MAT030,2,MANUTENCAO
5382,2026-01-07,MAT030,3,SOLDAGEM
5383,2026-01-07,MAT030,3,FABRICACAO
5384,2026-01-15,MAT030,6,SOLDAGEM
5385,2026-01-19,MAT030,3,FABRICACAO
5386,2026-01-26,MAT030,2,MANUTENCAO
5387,2026-01-27,MAT030,2,MECANICA
5388,2026-01-30,MAT030,2,MANUTENCAO
5389,2026-02-03,MAT030,4,FABRICACAO
5390,2026-02-06,MAT030,3,FABRICACAO
5391,2026-02-11,MAT030,1,SOLDAGEM
5392,2026-02-19,MAT030,3,MANUTENCAO
5393,2026-02-16,MAT030,3,MANUTENCAO
5394,2026-02-16,MAT030,2,ELETRICA
5395,2026-02-24,MAT030,6,ELETRICA
5396,2026-03-06,MAT030,2,MANUTENCAO
5397,2026-03-02,MAT030,2,SOLDAGEM
5398,2026-03-04,MAT030,1,MECANICA
5399,2026-03-10,MAT030,7,ELETRICA
5400,2026-03-16,MAT030,3,ELETRICA
5401,2026-03-23,MAT030,3,MANUTENCAO
5402,2026-04-01,MAT030,3,MANUTENCAO
5403,2026-03-31,MAT030,3,SOLDAGEM
5404,2026-04-09,MAT030,7,ELETRICA
5405,2026-04-15,MAT030,3,MECANICA
5406,2026-04-14,MAT030,3,MANUTENCAO
5407,2026-04-23,MAT030,2,MANUTENCAO
5408,2026-04-23,MAT030,1,MECANICA
5409,2026-04-20,MAT030,1,MECANICA
5410,2026-04-28,MAT030,2,ELETRICA
5411,2026-05-01,MAT030,2,ELETRICA
5412,2026-04-27,MAT030,1,MANUTENCAO
5413,2026-05-07,MAT030,4,SOLDAGEM
5414,2026-05-14,MAT030,3,SOLDAGEM
5415,2026-05-13,MAT030,2,ELETRICA
5416,2026-05-18,MAT030,3,MECANICA
5417,2026-05-20,MAT030,3,MANUTENCAO
5418,2026-05-28,MAT030,6,MECANICA
5419,2026-06-05,MAT030,8,SOLDAGEM
5420,2026-06-08,MAT030,2,ELETRICA
5421,2026-06-11,MAT030,2,SOLDAGEM
5422,2026-06-11,MAT030,2,FABRICACAO
5423,2026-06-18,MAT030,2,MECANICA
5424,2026-06-25,MAT030,3,ELETRICA
5425,2026-06-25,MAT030,3,MECANICA
5426,2026-06-23,MAT030,2,MANUTENCAO
5427,2026-07-01,MAT030,3,SOLDAGEM
5428,2026-07-01,MAT030,3,SOLDAGEM
5429,2026-07-07,MAT030,4,MECANICA
5430,2026-07-08,MAT030,3,ELETRICA
5431,2026-07-16,MAT030,5,MANUTENCAO
5432,2026-07-20,MAT030,3,FABRICACAO
5433,2026-07-22,MAT030,2,SOLDAGEM
5434,2026-07-22,MAT030,2,MECANICA
5435,2026-07-28,MAT030,5,FABRICACAO
5436,2026-08-04,MAT030,3,MANUTENCAO
5437,2026-08-03,MAT030,2,MANUTENCAO
5438,2026-08-14,MAT030,1,FABRICACAO
5439,2026-08-12,MAT030,1,ELETRICA
5440,2026-08-10,MAT030,1,MECANICA
5441,2026-08-20,MAT030,2,ELETRICA
5442,2026-08-18,MAT030,2,FABRICACAO
5443,2026-08-17,MAT030,1,SOLDAGEM
5444,2026-08-25,MAT030,8,MANUTENCAO
5445,2026-09-01,MAT030,1,ELETRICA
5446,2026-09-04,MAT030,1,MECANICA
5447,2026-09-03,MAT030,1,ELETRICA
5448,2026-09-08,MAT030,2,MANUTENCAO
5449,2026-09-09,MAT030,2,MECANICA
5450,2026-09-11,MAT030,2,MANUTENCAO
